year,commodity,analyte,analyte_name,n_all,n_NP,n_ND,n_detected,invalid_NP_limits,invalid_nonNP,factor,n,lower,upper,width,above_2_lower,above_2_upper,above_10_lower,above_10_upper,above_20_lower,above_20_upper
2009,BA,001,Aldrin,292,0,292,0,0,0,1.0,292,0.0,20.0,20.0,0.0,1.0,0.0,1.0,0.0,0.0
2009,BA,001,Aldrin,292,0,292,0,0,0,2.0,292,0.0,20.0,20.0,0.0,1.0,0.0,1.0,0.0,0.0
2009,BA,001,Aldrin,292,0,292,0,0,0,5.0,292,0.0,20.0,20.0,0.0,1.0,0.0,1.0,0.0,0.0
2009,BA,001,Aldrin,292,0,292,0,0,0,10.0,292,0.0,20.0,20.0,0.0,1.0,0.0,1.0,0.0,0.0
2009,BA,001,Aldrin,292,0,292,0,0,0,inf,292,0.0,20.0,20.0,0.0,1.0,0.0,1.0,0.0,0.0
2009,BA,002,Allethrin,292,0,292,0,0,0,1.0,292,0.0,20.0,20.0,0.0,1.0,0.0,1.0,0.0,0.0
2009,BA,002,Allethrin,292,0,292,0,0,0,2.0,292,0.0,20.0,20.0,0.0,1.0,0.0,1.0,0.0,0.0
2009,BA,002,Allethrin,292,0,292,0,0,0,5.0,292,0.0,20.0,20.0,0.0,1.0,0.0,1.0,0.0,0.0
2009,BA,002,Allethrin,292,0,292,0,0,0,10.0,292,0.0,20.0,20.0,0.0,1.0,0.0,1.0,0.0,0.0
2009,BA,002,Allethrin,292,0,292,0,0,0,inf,292,0.0,20.0,20.0,0.0,1.0,0.0,1.0,0.0,0.0
2009,BA,011,Captan,292,0,292,0,0,0,1.0,292,0.0,20.0,20.0,0.0,1.0,0.0,1.0,0.0,0.0
2009,BA,011,Captan,292,0,292,0,0,0,2.0,292,0.0,20.0,20.0,0.0,1.0,0.0,1.0,0.0,0.0
2009,BA,011,Captan,292,0,292,0,0,0,5.0,292,0.0,20.0,20.0,0.0,1.0,0.0,1.0,0.0,0.0
2009,BA,011,Captan,292,0,292,0,0,0,10.0,292,0.0,20.0,20.0,0.0,1.0,0.0,1.0,0.0,0.0
2009,BA,011,Captan,292,0,292,0,0,0,inf,292,0.0,20.0,20.0,0.0,1.0,0.0,1.0,0.0,0.0
2009,BA,024,Diazinon,292,0,292,0,0,0,1.0,292,0.0,4.0,4.0,0.0,1.0,0.0,0.0,0.0,0.0
2009,BA,024,Diazinon,292,0,292,0,0,0,2.0,292,0.0,4.0,4.0,0.0,1.0,0.0,0.0,0.0,0.0
2009,BA,024,Diazinon,292,0,292,0,0,0,5.0,292,0.0,4.0,4.0,0.0,1.0,0.0,0.0,0.0,0.0
2009,BA,024,Diazinon,292,0,292,0,0,0,10.0,292,0.0,4.0,4.0,0.0,1.0,0.0,0.0,0.0,0.0
2009,BA,024,Diazinon,292,0,292,0,0,0,inf,292,0.0,4.0,4.0,0.0,1.0,0.0,0.0,0.0,0.0
2009,BA,028,Dieldrin,292,0,292,0,0,0,1.0,292,0.0,20.0,20.0,0.0,1.0,0.0,1.0,0.0,0.0
2009,BA,028,Dieldrin,292,0,292,0,0,0,2.0,292,0.0,20.0,20.0,0.0,1.0,0.0,1.0,0.0,0.0
2009,BA,028,Dieldrin,292,0,292,0,0,0,5.0,292,0.0,20.0,20.0,0.0,1.0,0.0,1.0,0.0,0.0
2009,BA,028,Dieldrin,292,0,292,0,0,0,10.0,292,0.0,20.0,20.0,0.0,1.0,0.0,1.0,0.0,0.0
2009,BA,028,Dieldrin,292,0,292,0,0,0,inf,292,0.0,20.0,20.0,0.0,1.0,0.0,1.0,0.0,0.0
2009,BA,032,Diuron,292,0,292,0,0,0,1.0,292,0.0,60.0,60.0,0.0,1.0,0.0,1.0,0.0,1.0
2009,BA,032,Diuron,292,0,292,0,0,0,2.0,292,0.0,60.0,60.0,0.0,1.0,0.0,1.0,0.0,1.0
2009,BA,032,Diuron,292,0,292,0,0,0,5.0,292,0.0,60.0,60.0,0.0,1.0,0.0,1.0,0.0,1.0
2009,BA,032,Diuron,292,0,292,0,0,0,10.0,292,0.0,60.0,60.0,0.0,1.0,0.0,1.0,0.0,1.0
2009,BA,032,Diuron,292,0,292,0,0,0,inf,292,0.0,60.0,60.0,0.0,1.0,0.0,1.0,0.0,1.0
2009,BA,034,Endrin,292,0,292,0,0,0,1.0,292,0.0,20.0,20.0,0.0,1.0,0.0,1.0,0.0,0.0
2009,BA,034,Endrin,292,0,292,0,0,0,2.0,292,0.0,20.0,20.0,0.0,1.0,0.0,1.0,0.0,0.0
2009,BA,034,Endrin,292,0,292,0,0,0,5.0,292,0.0,20.0,20.0,0.0,1.0,0.0,1.0,0.0,0.0
2009,BA,034,Endrin,292,0,292,0,0,0,10.0,292,0.0,20.0,20.0,0.0,1.0,0.0,1.0,0.0,0.0
2009,BA,034,Endrin,292,0,292,0,0,0,inf,292,0.0,20.0,20.0,0.0,1.0,0.0,1.0,0.0,0.0
2009,BA,042,Azinphos methyl,292,0,292,0,0,0,1.0,292,0.0,8.0,8.0,0.0,1.0,0.0,0.0,0.0,0.0
2009,BA,042,Azinphos methyl,292,0,292,0,0,0,2.0,292,0.0,8.0,8.0,0.0,1.0,0.0,0.0,0.0,0.0
2009,BA,042,Azinphos methyl,292,0,292,0,0,0,5.0,292,0.0,8.0,8.0,0.0,1.0,0.0,0.0,0.0,0.0
2009,BA,042,Azinphos methyl,292,0,292,0,0,0,10.0,292,0.0,8.0,8.0,0.0,1.0,0.0,0.0,0.0,0.0
2009,BA,042,Azinphos methyl,292,0,292,0,0,0,inf,292,0.0,8.0,8.0,0.0,1.0,0.0,0.0,0.0,0.0
2009,BA,044,Heptachlor,292,0,292,0,0,0,1.0,292,0.0,20.0,20.0,0.0,1.0,0.0,1.0,0.0,0.0
2009,BA,044,Heptachlor,292,0,292,0,0,0,2.0,292,0.0,20.0,20.0,0.0,1.0,0.0,1.0,0.0,0.0
2009,BA,044,Heptachlor,292,0,292,0,0,0,5.0,292,0.0,20.0,20.0,0.0,1.0,0.0,1.0,0.0,0.0
2009,BA,044,Heptachlor,292,0,292,0,0,0,10.0,292,0.0,20.0,20.0,0.0,1.0,0.0,1.0,0.0,0.0
2009,BA,044,Heptachlor,292,0,292,0,0,0,inf,292,0.0,20.0,20.0,0.0,1.0,0.0,1.0,0.0,0.0
2009,BA,050,Lindane (BHC gamma),292,0,292,0,0,0,1.0,292,0.0,8.0,8.0,0.0,1.0,0.0,0.0,0.0,0.0
2009,BA,050,Lindane (BHC gamma),292,0,292,0,0,0,2.0,292,0.0,8.0,8.0,0.0,1.0,0.0,0.0,0.0,0.0
2009,BA,050,Lindane (BHC gamma),292,0,292,0,0,0,5.0,292,0.0,8.0,8.0,0.0,1.0,0.0,0.0,0.0,0.0
2009,BA,050,Lindane (BHC gamma),292,0,292,0,0,0,10.0,292,0.0,8.0,8.0,0.0,1.0,0.0,0.0,0.0,0.0
2009,BA,050,Lindane (BHC gamma),292,0,292,0,0,0,inf,292,0.0,8.0,8.0,0.0,1.0,0.0,0.0,0.0,0.0
2009,BA,052,Malathion,292,0,292,0,0,0,1.0,292,0.0,4.0,4.0,0.0,1.0,0.0,0.0,0.0,0.0
2009,BA,052,Malathion,292,0,292,0,0,0,2.0,292,0.0,4.0,4.0,0.0,1.0,0.0,0.0,0.0,0.0
2009,BA,052,Malathion,292,0,292,0,0,0,5.0,292,0.0,4.0,4.0,0.0,1.0,0.0,0.0,0.0,0.0
2009,BA,052,Malathion,292,0,292,0,0,0,10.0,292,0.0,4.0,4.0,0.0,1.0,0.0,0.0,0.0,0.0
2009,BA,052,Malathion,292,0,292,0,0,0,inf,292,0.0,4.0,4.0,0.0,1.0,0.0,0.0,0.0,0.0
2009,BA,057,Parathion methyl,292,0,292,0,0,0,1.0,292,0.0,4.0,4.0,0.0,1.0,0.0,0.0,0.0,0.0
2009,BA,057,Parathion methyl,292,0,292,0,0,0,2.0,292,0.0,4.0,4.0,0.0,1.0,0.0,0.0,0.0,0.0
2009,BA,057,Parathion methyl,292,0,292,0,0,0,5.0,292,0.0,4.0,4.0,0.0,1.0,0.0,0.0,0.0,0.0
2009,BA,057,Parathion methyl,292,0,292,0,0,0,10.0,292,0.0,4.0,4.0,0.0,1.0,0.0,0.0,0.0,0.0
2009,BA,057,Parathion methyl,292,0,292,0,0,0,inf,292,0.0,4.0,4.0,0.0,1.0,0.0,0.0,0.0,0.0
2009,BA,058,MGK-264,292,0,292,0,0,0,1.0,292,0.0,20.0,20.0,0.0,1.0,0.0,1.0,0.0,0.0
2009,BA,058,MGK-264,292,0,292,0,0,0,2.0,292,0.0,20.0,20.0,0.0,1.0,0.0,1.0,0.0,0.0
2009,BA,058,MGK-264,292,0,292,0,0,0,5.0,292,0.0,20.0,20.0,0.0,1.0,0.0,1.0,0.0,0.0
2009,BA,058,MGK-264,292,0,292,0,0,0,10.0,292,0.0,20.0,20.0,0.0,1.0,0.0,1.0,0.0,0.0
2009,BA,058,MGK-264,292,0,292,0,0,0,inf,292,0.0,20.0,20.0,0.0,1.0,0.0,1.0,0.0,0.0
2009,BA,065,Parathion ethyl,292,0,292,0,0,0,1.0,292,0.0,8.0,8.0,0.0,1.0,0.0,0.0,0.0,0.0
2009,BA,065,Parathion ethyl,292,0,292,0,0,0,2.0,292,0.0,8.0,8.0,0.0,1.0,0.0,0.0,0.0,0.0
2009,BA,065,Parathion ethyl,292,0,292,0,0,0,5.0,292,0.0,8.0,8.0,0.0,1.0,0.0,0.0,0.0,0.0
2009,BA,065,Parathion ethyl,292,0,292,0,0,0,10.0,292,0.0,8.0,8.0,0.0,1.0,0.0,0.0,0.0,0.0
2009,BA,065,Parathion ethyl,292,0,292,0,0,0,inf,292,0.0,8.0,8.0,0.0,1.0,0.0,0.0,0.0,0.0
2009,BA,070,Piperonyl butoxide,292,0,291,1,0,0,1.0,292,0.03664383561643835,8.009246575342464,7.972602739726026,0.003424657534246575,1.0,0.003424657534246575,0.003424657534246575,0.0,0.0
2009,BA,070,Piperonyl butoxide,292,0,291,1,0,0,2.0,292,0.03664383561643835,8.009246575342464,7.972602739726026,0.003424657534246575,1.0,0.003424657534246575,0.003424657534246575,0.0,0.0
2009,BA,070,Piperonyl butoxide,292,0,291,1,0,0,5.0,292,0.03664383561643835,8.009246575342464,7.972602739726026,0.003424657534246575,1.0,0.003424657534246575,0.003424657534246575,0.0,0.0
2009,BA,070,Piperonyl butoxide,292,0,291,1,0,0,10.0,292,0.03664383561643835,8.009246575342464,7.972602739726026,0.003424657534246575,1.0,0.003424657534246575,0.003424657534246575,0.0,0.0
2009,BA,070,Piperonyl butoxide,292,0,291,1,0,0,inf,292,0.03664383561643835,8.009246575342464,7.972602739726026,0.003424657534246575,1.0,0.003424657534246575,0.003424657534246575,0.0,0.0
2009,BA,075,Pyrethrins,292,0,292,0,0,0,1.0,292,0.0,40.0,40.0,0.0,1.0,0.0,1.0,0.0,1.0
2009,BA,075,Pyrethrins,292,0,292,0,0,0,2.0,292,0.0,40.0,40.0,0.0,1.0,0.0,1.0,0.0,1.0
2009,BA,075,Pyrethrins,292,0,292,0,0,0,5.0,292,0.0,40.0,40.0,0.0,1.0,0.0,1.0,0.0,1.0
2009,BA,075,Pyrethrins,292,0,292,0,0,0,10.0,292,0.0,40.0,40.0,0.0,1.0,0.0,1.0,0.0,1.0
2009,BA,075,Pyrethrins,292,0,292,0,0,0,inf,292,0.0,40.0,40.0,0.0,1.0,0.0,1.0,0.0,1.0
2009,BA,102,Carbaryl,292,0,292,0,0,0,1.0,292,0.0,20.0,20.0,0.0,1.0,0.0,1.0,0.0,0.0
2009,BA,102,Carbaryl,292,0,292,0,0,0,2.0,292,0.0,20.0,20.0,0.0,1.0,0.0,1.0,0.0,0.0
2009,BA,102,Carbaryl,292,0,292,0,0,0,5.0,292,0.0,20.0,20.0,0.0,1.0,0.0,1.0,0.0,0.0
2009,BA,102,Carbaryl,292,0,292,0,0,0,10.0,292,0.0,20.0,20.0,0.0,1.0,0.0,1.0,0.0,0.0
2009,BA,102,Carbaryl,292,0,292,0,0,0,inf,292,0.0,20.0,20.0,0.0,1.0,0.0,1.0,0.0,0.0
2009,BA,107,Ethion,292,0,292,0,0,0,1.0,292,0.0,20.0,20.0,0.0,1.0,0.0,1.0,0.0,0.0
2009,BA,107,Ethion,292,0,292,0,0,0,2.0,292,0.0,20.0,20.0,0.0,1.0,0.0,1.0,0.0,0.0
2009,BA,107,Ethion,292,0,292,0,0,0,5.0,292,0.0,20.0,20.0,0.0,1.0,0.0,1.0,0.0,0.0
2009,BA,107,Ethion,292,0,292,0,0,0,10.0,292,0.0,20.0,20.0,0.0,1.0,0.0,1.0,0.0,0.0
2009,BA,107,Ethion,292,0,292,0,0,0,inf,292,0.0,20.0,20.0,0.0,1.0,0.0,1.0,0.0,0.0
2009,BA,114,Chlorpropham,292,0,292,0,0,0,1.0,292,0.0,40.0,40.0,0.0,1.0,0.0,1.0,0.0,1.0
2009,BA,114,Chlorpropham,292,0,292,0,0,0,2.0,292,0.0,40.0,40.0,0.0,1.0,0.0,1.0,0.0,1.0
2009,BA,114,Chlorpropham,292,0,292,0,0,0,5.0,292,0.0,40.0,40.0,0.0,1.0,0.0,1.0,0.0,1.0
2009,BA,114,Chlorpropham,292,0,292,0,0,0,10.0,292,0.0,40.0,40.0,0.0,1.0,0.0,1.0,0.0,1.0
2009,BA,114,Chlorpropham,292,0,292,0,0,0,inf,292,0.0,40.0,40.0,0.0,1.0,0.0,1.0,0.0,1.0
2009,BA,124,Coumaphos,292,0,292,0,0,0,1.0,292,0.0,3.589041095890411,3.589041095890411,0.0,0.863013698630137,0.0,0.0,0.0,0.0
2009,BA,124,Coumaphos,292,0,292,0,0,0,2.0,292,0.0,3.589041095890411,3.589041095890411,0.0,0.863013698630137,0.0,0.0,0.0,0.0
2009,BA,124,Coumaphos,292,0,292,0,0,0,5.0,292,0.0,3.589041095890411,3.589041095890411,0.0,0.863013698630137,0.0,0.0,0.0,0.0
2009,BA,124,Coumaphos,292,0,292,0,0,0,10.0,292,0.0,3.589041095890411,3.589041095890411,0.0,0.863013698630137,0.0,0.0,0.0,0.0
2009,BA,124,Coumaphos,292,0,292,0,0,0,inf,292,0.0,3.589041095890411,3.589041095890411,0.0,0.863013698630137,0.0,0.0,0.0,0.0
2009,BA,125,Diphenylamine (DPA),292,290,0,2,0,0,1.0,292,0.022602739726027395,2.008904109589041,1.9863013698630139,0.00684931506849315,0.00684931506849315,0.0,0.0,0.0,0.0
2009,BA,125,Diphenylamine (DPA),292,290,0,2,0,0,2.0,292,0.022602739726027395,3.9952054794520544,3.972602739726027,0.00684931506849315,1.0,0.0,0.0,0.0,0.0
2009,BA,125,Diphenylamine (DPA),292,290,0,2,0,0,5.0,292,0.022602739726027395,9.954109589041096,9.931506849315069,0.00684931506849315,1.0,0.0,0.0,0.0,0.0
2009,BA,125,Diphenylamine (DPA),292,290,0,2,0,0,10.0,292,0.022602739726027395,19.885616438356166,19.863013698630137,0.00684931506849315,1.0,0.0,0.9931506849315068,0.0,0.0
2009,BA,125,Diphenylamine (DPA),292,290,0,2,0,0,inf,292,0.022602739726027395,inf,inf,0.00684931506849315,1.0,0.0,0.9931506849315068,0.0,0.9931506849315068
2009,BA,129,Linuron,292,0,292,0,0,0,1.0,292,0.0,20.0,20.0,0.0,1.0,0.0,1.0,0.0,0.0
2009,BA,129,Linuron,292,0,292,0,0,0,2.0,292,0.0,20.0,20.0,0.0,1.0,0.0,1.0,0.0,0.0
2009,BA,129,Linuron,292,0,292,0,0,0,5.0,292,0.0,20.0,20.0,0.0,1.0,0.0,1.0,0.0,0.0
2009,BA,129,Linuron,292,0,292,0,0,0,10.0,292,0.0,20.0,20.0,0.0,1.0,0.0,1.0,0.0,0.0
2009,BA,129,Linuron,292,0,292,0,0,0,inf,292,0.0,20.0,20.0,0.0,1.0,0.0,1.0,0.0,0.0
2009,BA,143,Heptachlor epoxide,292,0,292,0,0,0,1.0,292,0.0,20.0,20.0,0.0,1.0,0.0,1.0,0.0,0.0
2009,BA,143,Heptachlor epoxide,292,0,292,0,0,0,2.0,292,0.0,20.0,20.0,0.0,1.0,0.0,1.0,0.0,0.0
2009,BA,143,Heptachlor epoxide,292,0,292,0,0,0,5.0,292,0.0,20.0,20.0,0.0,1.0,0.0,1.0,0.0,0.0
2009,BA,143,Heptachlor epoxide,292,0,292,0,0,0,10.0,292,0.0,20.0,20.0,0.0,1.0,0.0,1.0,0.0,0.0
2009,BA,143,Heptachlor epoxide,292,0,292,0,0,0,inf,292,0.0,20.0,20.0,0.0,1.0,0.0,1.0,0.0,0.0
2009,BA,148,Phorate,292,0,292,0,0,0,1.0,292,0.0,12.0,12.0,0.0,1.0,0.0,1.0,0.0,0.0
2009,BA,148,Phorate,292,0,292,0,0,0,2.0,292,0.0,12.0,12.0,0.0,1.0,0.0,1.0,0.0,0.0
2009,BA,148,Phorate,292,0,292,0,0,0,5.0,292,0.0,12.0,12.0,0.0,1.0,0.0,1.0,0.0,0.0
2009,BA,148,Phorate,292,0,292,0,0,0,10.0,292,0.0,12.0,12.0,0.0,1.0,0.0,1.0,0.0,0.0
2009,BA,148,Phorate,292,0,292,0,0,0,inf,292,0.0,12.0,12.0,0.0,1.0,0.0,1.0,0.0,0.0
2009,BA,149,Simazine,292,0,292,0,0,0,1.0,292,0.0,12.0,12.0,0.0,1.0,0.0,1.0,0.0,0.0
2009,BA,149,Simazine,292,0,292,0,0,0,2.0,292,0.0,12.0,12.0,0.0,1.0,0.0,1.0,0.0,0.0
2009,BA,149,Simazine,292,0,292,0,0,0,5.0,292,0.0,12.0,12.0,0.0,1.0,0.0,1.0,0.0,0.0
2009,BA,149,Simazine,292,0,292,0,0,0,10.0,292,0.0,12.0,12.0,0.0,1.0,0.0,1.0,0.0,0.0
2009,BA,149,Simazine,292,0,292,0,0,0,inf,292,0.0,12.0,12.0,0.0,1.0,0.0,1.0,0.0,0.0
2009,BA,151,Trifluralin,292,0,292,0,0,0,1.0,292,0.0,1.0,1.0,0.0,0.0,0.0,0.0,0.0,0.0
2009,BA,151,Trifluralin,292,0,292,0,0,0,2.0,292,0.0,1.0,1.0,0.0,0.0,0.0,0.0,0.0,0.0
2009,BA,151,Trifluralin,292,0,292,0,0,0,5.0,292,0.0,1.0,1.0,0.0,0.0,0.0,0.0,0.0,0.0
2009,BA,151,Trifluralin,292,0,292,0,0,0,10.0,292,0.0,1.0,1.0,0.0,0.0,0.0,0.0,0.0,0.0
2009,BA,151,Trifluralin,292,0,292,0,0,0,inf,292,0.0,1.0,1.0,0.0,0.0,0.0,0.0,0.0,0.0
2009,BA,159,Methomyl,292,0,292,0,0,0,1.0,292,0.0,24.0,24.0,0.0,1.0,0.0,1.0,0.0,1.0
2009,BA,159,Methomyl,292,0,292,0,0,0,2.0,292,0.0,24.0,24.0,0.0,1.0,0.0,1.0,0.0,1.0
2009,BA,159,Methomyl,292,0,292,0,0,0,5.0,292,0.0,24.0,24.0,0.0,1.0,0.0,1.0,0.0,1.0
2009,BA,159,Methomyl,292,0,292,0,0,0,10.0,292,0.0,24.0,24.0,0.0,1.0,0.0,1.0,0.0,1.0
2009,BA,159,Methomyl,292,0,292,0,0,0,inf,292,0.0,24.0,24.0,0.0,1.0,0.0,1.0,0.0,1.0
2009,BA,160,Chlorpyrifos,292,0,292,0,0,0,1.0,292,0.0,1.0,1.0,0.0,0.0,0.0,0.0,0.0,0.0
2009,BA,160,Chlorpyrifos,292,0,292,0,0,0,2.0,292,0.0,1.0,1.0,0.0,0.0,0.0,0.0,0.0,0.0
2009,BA,160,Chlorpyrifos,292,0,292,0,0,0,5.0,292,0.0,1.0,1.0,0.0,0.0,0.0,0.0,0.0,0.0
2009,BA,160,Chlorpyrifos,292,0,292,0,0,0,10.0,292,0.0,1.0,1.0,0.0,0.0,0.0,0.0,0.0,0.0
2009,BA,160,Chlorpyrifos,292,0,292,0,0,0,inf,292,0.0,1.0,1.0,0.0,0.0,0.0,0.0,0.0,0.0
2009,BA,164,Chlorothalonil,292,0,292,0,0,0,1.0,292,0.0,8.0,8.0,0.0,1.0,0.0,0.0,0.0,0.0
2009,BA,164,Chlorothalonil,292,0,292,0,0,0,2.0,292,0.0,8.0,8.0,0.0,1.0,0.0,0.0,0.0,0.0
2009,BA,164,Chlorothalonil,292,0,292,0,0,0,5.0,292,0.0,8.0,8.0,0.0,1.0,0.0,0.0,0.0,0.0
2009,BA,164,Chlorothalonil,292,0,292,0,0,0,10.0,292,0.0,8.0,8.0,0.0,1.0,0.0,0.0,0.0,0.0
2009,BA,164,Chlorothalonil,292,0,292,0,0,0,inf,292,0.0,8.0,8.0,0.0,1.0,0.0,0.0,0.0,0.0
2009,BA,165,Phosmet,292,0,292,0,0,0,1.0,292,0.0,12.0,12.0,0.0,1.0,0.0,1.0,0.0,0.0
2009,BA,165,Phosmet,292,0,292,0,0,0,2.0,292,0.0,12.0,12.0,0.0,1.0,0.0,1.0,0.0,0.0
2009,BA,165,Phosmet,292,0,292,0,0,0,5.0,292,0.0,12.0,12.0,0.0,1.0,0.0,1.0,0.0,0.0
2009,BA,165,Phosmet,292,0,292,0,0,0,10.0,292,0.0,12.0,12.0,0.0,1.0,0.0,1.0,0.0,0.0
2009,BA,165,Phosmet,292,0,292,0,0,0,inf,292,0.0,12.0,12.0,0.0,1.0,0.0,1.0,0.0,0.0
2009,BA,166,Phosalone,292,0,292,0,0,0,1.0,292,0.0,12.0,12.0,0.0,1.0,0.0,1.0,0.0,0.0
2009,BA,166,Phosalone,292,0,292,0,0,0,2.0,292,0.0,12.0,12.0,0.0,1.0,0.0,1.0,0.0,0.0
2009,BA,166,Phosalone,292,0,292,0,0,0,5.0,292,0.0,12.0,12.0,0.0,1.0,0.0,1.0,0.0,0.0
2009,BA,166,Phosalone,292,0,292,0,0,0,10.0,292,0.0,12.0,12.0,0.0,1.0,0.0,1.0,0.0,0.0
2009,BA,166,Phosalone,292,0,292,0,0,0,inf,292,0.0,12.0,12.0,0.0,1.0,0.0,1.0,0.0,0.0
2009,BA,167,Aldicarb,292,0,292,0,0,0,1.0,292,0.0,100.0,100.0,0.0,1.0,0.0,1.0,0.0,1.0
2009,BA,167,Aldicarb,292,0,292,0,0,0,2.0,292,0.0,100.0,100.0,0.0,1.0,0.0,1.0,0.0,1.0
2009,BA,167,Aldicarb,292,0,292,0,0,0,5.0,292,0.0,100.0,100.0,0.0,1.0,0.0,1.0,0.0,1.0
2009,BA,167,Aldicarb,292,0,292,0,0,0,10.0,292,0.0,100.0,100.0,0.0,1.0,0.0,1.0,0.0,1.0
2009,BA,167,Aldicarb,292,0,292,0,0,0,inf,292,0.0,100.0,100.0,0.0,1.0,0.0,1.0,0.0,1.0
2009,BA,168,Aldicarb sulfone,292,0,292,0,0,0,1.0,292,0.0,40.0,40.0,0.0,1.0,0.0,1.0,0.0,1.0
2009,BA,168,Aldicarb sulfone,292,0,292,0,0,0,2.0,292,0.0,40.0,40.0,0.0,1.0,0.0,1.0,0.0,1.0
2009,BA,168,Aldicarb sulfone,292,0,292,0,0,0,5.0,292,0.0,40.0,40.0,0.0,1.0,0.0,1.0,0.0,1.0
2009,BA,168,Aldicarb sulfone,292,0,292,0,0,0,10.0,292,0.0,40.0,40.0,0.0,1.0,0.0,1.0,0.0,1.0
2009,BA,168,Aldicarb sulfone,292,0,292,0,0,0,inf,292,0.0,40.0,40.0,0.0,1.0,0.0,1.0,0.0,1.0
2009,BA,169,Aldicarb sulfoxide,292,0,292,0,0,0,1.0,292,0.0,800.0,800.0,0.0,1.0,0.0,1.0,0.0,1.0
2009,BA,169,Aldicarb sulfoxide,292,0,292,0,0,0,2.0,292,0.0,800.0,800.0,0.0,1.0,0.0,1.0,0.0,1.0
2009,BA,169,Aldicarb sulfoxide,292,0,292,0,0,0,5.0,292,0.0,800.0,800.0,0.0,1.0,0.0,1.0,0.0,1.0
2009,BA,169,Aldicarb sulfoxide,292,0,292,0,0,0,10.0,292,0.0,800.0,800.0,0.0,1.0,0.0,1.0,0.0,1.0
2009,BA,169,Aldicarb sulfoxide,292,0,292,0,0,0,inf,292,0.0,800.0,800.0,0.0,1.0,0.0,1.0,0.0,1.0
2009,BA,171,Dimethoate,292,0,292,0,0,0,1.0,292,0.0,16.0,16.0,0.0,1.0,0.0,1.0,0.0,0.0
2009,BA,171,Dimethoate,292,0,292,0,0,0,2.0,292,0.0,16.0,16.0,0.0,1.0,0.0,1.0,0.0,0.0
2009,BA,171,Dimethoate,292,0,292,0,0,0,5.0,292,0.0,16.0,16.0,0.0,1.0,0.0,1.0,0.0,0.0
2009,BA,171,Dimethoate,292,0,292,0,0,0,10.0,292,0.0,16.0,16.0,0.0,1.0,0.0,1.0,0.0,0.0
2009,BA,171,Dimethoate,292,0,292,0,0,0,inf,292,0.0,16.0,16.0,0.0,1.0,0.0,1.0,0.0,0.0
2009,BA,172,Chlordane trans,292,0,292,0,0,0,1.0,292,0.0,4.0,4.0,0.0,1.0,0.0,0.0,0.0,0.0
2009,BA,172,Chlordane trans,292,0,292,0,0,0,2.0,292,0.0,4.0,4.0,0.0,1.0,0.0,0.0,0.0,0.0
2009,BA,172,Chlordane trans,292,0,292,0,0,0,5.0,292,0.0,4.0,4.0,0.0,1.0,0.0,0.0,0.0,0.0
2009,BA,172,Chlordane trans,292,0,292,0,0,0,10.0,292,0.0,4.0,4.0,0.0,1.0,0.0,0.0,0.0,0.0
2009,BA,172,Chlordane trans,292,0,292,0,0,0,inf,292,0.0,4.0,4.0,0.0,1.0,0.0,0.0,0.0,0.0
2009,BA,173,Chlordane cis,292,0,292,0,0,0,1.0,292,0.0,4.0,4.0,0.0,1.0,0.0,0.0,0.0,0.0
2009,BA,173,Chlordane cis,292,0,292,0,0,0,2.0,292,0.0,4.0,4.0,0.0,1.0,0.0,0.0,0.0,0.0
2009,BA,173,Chlordane cis,292,0,292,0,0,0,5.0,292,0.0,4.0,4.0,0.0,1.0,0.0,0.0,0.0,0.0
2009,BA,173,Chlordane cis,292,0,292,0,0,0,10.0,292,0.0,4.0,4.0,0.0,1.0,0.0,0.0,0.0,0.0
2009,BA,173,Chlordane cis,292,0,292,0,0,0,inf,292,0.0,4.0,4.0,0.0,1.0,0.0,0.0,0.0,0.0
2009,BA,176,Tetrachlorvinphos,292,0,292,0,0,0,1.0,292,0.0,8.0,8.0,0.0,1.0,0.0,0.0,0.0,0.0
2009,BA,176,Tetrachlorvinphos,292,0,292,0,0,0,2.0,292,0.0,8.0,8.0,0.0,1.0,0.0,0.0,0.0,0.0
2009,BA,176,Tetrachlorvinphos,292,0,292,0,0,0,5.0,292,0.0,8.0,8.0,0.0,1.0,0.0,0.0,0.0,0.0
2009,BA,176,Tetrachlorvinphos,292,0,292,0,0,0,10.0,292,0.0,8.0,8.0,0.0,1.0,0.0,0.0,0.0,0.0
2009,BA,176,Tetrachlorvinphos,292,0,292,0,0,0,inf,292,0.0,8.0,8.0,0.0,1.0,0.0,0.0,0.0,0.0
2009,BA,177,Fenthion,292,0,292,0,0,0,1.0,292,0.0,12.0,12.0,0.0,1.0,0.0,1.0,0.0,0.0
2009,BA,177,Fenthion,292,0,292,0,0,0,2.0,292,0.0,12.0,12.0,0.0,1.0,0.0,1.0,0.0,0.0
2009,BA,177,Fenthion,292,0,292,0,0,0,5.0,292,0.0,12.0,12.0,0.0,1.0,0.0,1.0,0.0,0.0
2009,BA,177,Fenthion,292,0,292,0,0,0,10.0,292,0.0,12.0,12.0,0.0,1.0,0.0,1.0,0.0,0.0
2009,BA,177,Fenthion,292,0,292,0,0,0,inf,292,0.0,12.0,12.0,0.0,1.0,0.0,1.0,0.0,0.0
2009,BA,180,Carbofuran,292,0,292,0,0,0,1.0,292,0.0,8.0,8.0,0.0,1.0,0.0,0.0,0.0,0.0
2009,BA,180,Carbofuran,292,0,292,0,0,0,2.0,292,0.0,8.0,8.0,0.0,1.0,0.0,0.0,0.0,0.0
2009,BA,180,Carbofuran,292,0,292,0,0,0,5.0,292,0.0,8.0,8.0,0.0,1.0,0.0,0.0,0.0,0.0
2009,BA,180,Carbofuran,292,0,292,0,0,0,10.0,292,0.0,8.0,8.0,0.0,1.0,0.0,0.0,0.0,0.0
2009,BA,180,Carbofuran,292,0,292,0,0,0,inf,292,0.0,8.0,8.0,0.0,1.0,0.0,0.0,0.0,0.0
2009,BA,181,Metribuzin,292,0,292,0,0,0,1.0,292,0.0,4.0,4.0,0.0,1.0,0.0,0.0,0.0,0.0
2009,BA,181,Metribuzin,292,0,292,0,0,0,2.0,292,0.0,4.0,4.0,0.0,1.0,0.0,0.0,0.0,0.0
2009,BA,181,Metribuzin,292,0,292,0,0,0,5.0,292,0.0,4.0,4.0,0.0,1.0,0.0,0.0,0.0,0.0
2009,BA,181,Metribuzin,292,0,292,0,0,0,10.0,292,0.0,4.0,4.0,0.0,1.0,0.0,0.0,0.0,0.0
2009,BA,181,Metribuzin,292,0,292,0,0,0,inf,292,0.0,4.0,4.0,0.0,1.0,0.0,0.0,0.0,0.0
2009,BA,191,Benfluralin,292,0,292,0,0,0,1.0,292,0.0,1.0,1.0,0.0,0.0,0.0,0.0,0.0,0.0
2009,BA,191,Benfluralin,292,0,292,0,0,0,2.0,292,0.0,1.0,1.0,0.0,0.0,0.0,0.0,0.0,0.0
2009,BA,191,Benfluralin,292,0,292,0,0,0,5.0,292,0.0,1.0,1.0,0.0,0.0,0.0,0.0,0.0,0.0
2009,BA,191,Benfluralin,292,0,292,0,0,0,10.0,292,0.0,1.0,1.0,0.0,0.0,0.0,0.0,0.0,0.0
2009,BA,191,Benfluralin,292,0,292,0,0,0,inf,292,0.0,1.0,1.0,0.0,0.0,0.0,0.0,0.0,0.0
2009,BA,195,Methiocarb,292,0,292,0,0,0,1.0,292,0.0,4.0,4.0,0.0,1.0,0.0,0.0,0.0,0.0
2009,BA,195,Methiocarb,292,0,292,0,0,0,2.0,292,0.0,4.0,4.0,0.0,1.0,0.0,0.0,0.0,0.0
2009,BA,195,Methiocarb,292,0,292,0,0,0,5.0,292,0.0,4.0,4.0,0.0,1.0,0.0,0.0,0.0,0.0
2009,BA,195,Methiocarb,292,0,292,0,0,0,10.0,292,0.0,4.0,4.0,0.0,1.0,0.0,0.0,0.0,0.0
2009,BA,195,Methiocarb,292,0,292,0,0,0,inf,292,0.0,4.0,4.0,0.0,1.0,0.0,0.0,0.0,0.0
2009,BA,197,Methidathion,292,0,292,0,0,0,1.0,292,0.0,12.0,12.0,0.0,1.0,0.0,1.0,0.0,0.0
2009,BA,197,Methidathion,292,0,292,0,0,0,2.0,292,0.0,12.0,12.0,0.0,1.0,0.0,1.0,0.0,0.0
2009,BA,197,Methidathion,292,0,292,0,0,0,5.0,292,0.0,12.0,12.0,0.0,1.0,0.0,1.0,0.0,0.0
2009,BA,197,Methidathion,292,0,292,0,0,0,10.0,292,0.0,12.0,12.0,0.0,1.0,0.0,1.0,0.0,0.0
2009,BA,197,Methidathion,292,0,292,0,0,0,inf,292,0.0,12.0,12.0,0.0,1.0,0.0,1.0,0.0,0.0
2009,BA,202,Carbophenothion,292,0,292,0,0,0,1.0,292,0.0,4.0,4.0,0.0,1.0,0.0,0.0,0.0,0.0
2009,BA,202,Carbophenothion,292,0,292,0,0,0,2.0,292,0.0,4.0,4.0,0.0,1.0,0.0,0.0,0.0,0.0
2009,BA,202,Carbophenothion,292,0,292,0,0,0,5.0,292,0.0,4.0,4.0,0.0,1.0,0.0,0.0,0.0,0.0
2009,BA,202,Carbophenothion,292,0,292,0,0,0,10.0,292,0.0,4.0,4.0,0.0,1.0,0.0,0.0,0.0,0.0
2009,BA,202,Carbophenothion,292,0,292,0,0,0,inf,292,0.0,4.0,4.0,0.0,1.0,0.0,0.0,0.0,0.0
2009,BA,204,Acephate,292,0,292,0,0,0,1.0,292,0.0,200.0,200.0,0.0,1.0,0.0,1.0,0.0,1.0
2009,BA,204,Acephate,292,0,292,0,0,0,2.0,292,0.0,200.0,200.0,0.0,1.0,0.0,1.0,0.0,1.0
2009,BA,204,Acephate,292,0,292,0,0,0,5.0,292,0.0,200.0,200.0,0.0,1.0,0.0,1.0,0.0,1.0
2009,BA,204,Acephate,292,0,292,0,0,0,10.0,292,0.0,200.0,200.0,0.0,1.0,0.0,1.0,0.0,1.0
2009,BA,204,Acephate,292,0,292,0,0,0,inf,292,0.0,200.0,200.0,0.0,1.0,0.0,1.0,0.0,1.0
2009,BA,206,Nonachlor trans,292,0,292,0,0,0,1.0,292,0.0,4.0,4.0,0.0,1.0,0.0,0.0,0.0,0.0
2009,BA,206,Nonachlor trans,292,0,292,0,0,0,2.0,292,0.0,4.0,4.0,0.0,1.0,0.0,0.0,0.0,0.0
2009,BA,206,Nonachlor trans,292,0,292,0,0,0,5.0,292,0.0,4.0,4.0,0.0,1.0,0.0,0.0,0.0,0.0
2009,BA,206,Nonachlor trans,292,0,292,0,0,0,10.0,292,0.0,4.0,4.0,0.0,1.0,0.0,0.0,0.0,0.0
2009,BA,206,Nonachlor trans,292,0,292,0,0,0,inf,292,0.0,4.0,4.0,0.0,1.0,0.0,0.0,0.0,0.0
2009,BA,207,Nonachlor cis,292,0,292,0,0,0,1.0,292,0.0,4.0,4.0,0.0,1.0,0.0,0.0,0.0,0.0
2009,BA,207,Nonachlor cis,292,0,292,0,0,0,2.0,292,0.0,4.0,4.0,0.0,1.0,0.0,0.0,0.0,0.0
2009,BA,207,Nonachlor cis,292,0,292,0,0,0,5.0,292,0.0,4.0,4.0,0.0,1.0,0.0,0.0,0.0,0.0
2009,BA,207,Nonachlor cis,292,0,292,0,0,0,10.0,292,0.0,4.0,4.0,0.0,1.0,0.0,0.0,0.0,0.0
2009,BA,207,Nonachlor cis,292,0,292,0,0,0,inf,292,0.0,4.0,4.0,0.0,1.0,0.0,0.0,0.0,0.0
2009,BA,210,Carboxin,292,0,292,0,0,0,1.0,292,0.0,12.0,12.0,0.0,1.0,0.0,1.0,0.0,0.0
2009,BA,210,Carboxin,292,0,292,0,0,0,2.0,292,0.0,12.0,12.0,0.0,1.0,0.0,1.0,0.0,0.0
2009,BA,210,Carboxin,292,0,292,0,0,0,5.0,292,0.0,12.0,12.0,0.0,1.0,0.0,1.0,0.0,0.0
2009,BA,210,Carboxin,292,0,292,0,0,0,10.0,292,0.0,12.0,12.0,0.0,1.0,0.0,1.0,0.0,0.0
2009,BA,210,Carboxin,292,0,292,0,0,0,inf,292,0.0,12.0,12.0,0.0,1.0,0.0,1.0,0.0,0.0
2009,BA,217,DEF (Tribufos),292,0,292,0,0,0,1.0,292,0.0,4.0,4.0,0.0,1.0,0.0,0.0,0.0,0.0
2009,BA,217,DEF (Tribufos),292,0,292,0,0,0,2.0,292,0.0,4.0,4.0,0.0,1.0,0.0,0.0,0.0,0.0
2009,BA,217,DEF (Tribufos),292,0,292,0,0,0,5.0,292,0.0,4.0,4.0,0.0,1.0,0.0,0.0,0.0,0.0
2009,BA,217,DEF (Tribufos),292,0,292,0,0,0,10.0,292,0.0,4.0,4.0,0.0,1.0,0.0,0.0,0.0,0.0
2009,BA,217,DEF (Tribufos),292,0,292,0,0,0,inf,292,0.0,4.0,4.0,0.0,1.0,0.0,0.0,0.0,0.0
2009,BA,224,Profenofos,292,0,292,0,0,0,1.0,292,0.0,12.0,12.0,0.0,1.0,0.0,1.0,0.0,0.0
2009,BA,224,Profenofos,292,0,292,0,0,0,2.0,292,0.0,12.0,12.0,0.0,1.0,0.0,1.0,0.0,0.0
2009,BA,224,Profenofos,292,0,292,0,0,0,5.0,292,0.0,12.0,12.0,0.0,1.0,0.0,1.0,0.0,0.0
2009,BA,224,Profenofos,292,0,292,0,0,0,10.0,292,0.0,12.0,12.0,0.0,1.0,0.0,1.0,0.0,0.0
2009,BA,224,Profenofos,292,0,292,0,0,0,inf,292,0.0,12.0,12.0,0.0,1.0,0.0,1.0,0.0,0.0
2009,BA,227,Alachlor,292,0,292,0,0,0,1.0,292,0.0,20.0,20.0,0.0,1.0,0.0,1.0,0.0,0.0
2009,BA,227,Alachlor,292,0,292,0,0,0,2.0,292,0.0,20.0,20.0,0.0,1.0,0.0,1.0,0.0,0.0
2009,BA,227,Alachlor,292,0,292,0,0,0,5.0,292,0.0,20.0,20.0,0.0,1.0,0.0,1.0,0.0,0.0
2009,BA,227,Alachlor,292,0,292,0,0,0,10.0,292,0.0,20.0,20.0,0.0,1.0,0.0,1.0,0.0,0.0
2009,BA,227,Alachlor,292,0,292,0,0,0,inf,292,0.0,20.0,20.0,0.0,1.0,0.0,1.0,0.0,0.0
2009,BA,235,Chlorpyrifos methyl,292,0,292,0,0,0,1.0,292,0.0,4.0,4.0,0.0,1.0,0.0,0.0,0.0,0.0
2009,BA,235,Chlorpyrifos methyl,292,0,292,0,0,0,2.0,292,0.0,4.0,4.0,0.0,1.0,0.0,0.0,0.0,0.0
2009,BA,235,Chlorpyrifos methyl,292,0,292,0,0,0,5.0,292,0.0,4.0,4.0,0.0,1.0,0.0,0.0,0.0,0.0
2009,BA,235,Chlorpyrifos methyl,292,0,292,0,0,0,10.0,292,0.0,4.0,4.0,0.0,1.0,0.0,0.0,0.0,0.0
2009,BA,235,Chlorpyrifos methyl,292,0,292,0,0,0,inf,292,0.0,4.0,4.0,0.0,1.0,0.0,0.0,0.0,0.0
2009,BA,254,"Dicofol p,p'",292,0,292,0,0,0,1.0,292,0.0,4.0,4.0,0.0,1.0,0.0,0.0,0.0,0.0
2009,BA,254,"Dicofol p,p'",292,0,292,0,0,0,2.0,292,0.0,4.0,4.0,0.0,1.0,0.0,0.0,0.0,0.0
2009,BA,254,"Dicofol p,p'",292,0,292,0,0,0,5.0,292,0.0,4.0,4.0,0.0,1.0,0.0,0.0,0.0,0.0
2009,BA,254,"Dicofol p,p'",292,0,292,0,0,0,10.0,292,0.0,4.0,4.0,0.0,1.0,0.0,0.0,0.0,0.0
2009,BA,254,"Dicofol p,p'",292,0,292,0,0,0,inf,292,0.0,4.0,4.0,0.0,1.0,0.0,0.0,0.0,0.0
2009,BA,258,Isofenphos,292,0,292,0,0,0,1.0,292,0.0,4.0,4.0,0.0,1.0,0.0,0.0,0.0,0.0
2009,BA,258,Isofenphos,292,0,292,0,0,0,2.0,292,0.0,4.0,4.0,0.0,1.0,0.0,0.0,0.0,0.0
2009,BA,258,Isofenphos,292,0,292,0,0,0,5.0,292,0.0,4.0,4.0,0.0,1.0,0.0,0.0,0.0,0.0
2009,BA,258,Isofenphos,292,0,292,0,0,0,10.0,292,0.0,4.0,4.0,0.0,1.0,0.0,0.0,0.0,0.0
2009,BA,258,Isofenphos,292,0,292,0,0,0,inf,292,0.0,4.0,4.0,0.0,1.0,0.0,0.0,0.0,0.0
2009,BA,271,Fenarimol,292,0,292,0,0,0,1.0,292,0.0,2.0,2.0,0.0,0.0,0.0,0.0,0.0,0.0
2009,BA,271,Fenarimol,292,0,292,0,0,0,2.0,292,0.0,2.0,2.0,0.0,0.0,0.0,0.0,0.0,0.0
2009,BA,271,Fenarimol,292,0,292,0,0,0,5.0,292,0.0,2.0,2.0,0.0,0.0,0.0,0.0,0.0,0.0
2009,BA,271,Fenarimol,292,0,292,0,0,0,10.0,292,0.0,2.0,2.0,0.0,0.0,0.0,0.0,0.0,0.0
2009,BA,271,Fenarimol,292,0,292,0,0,0,inf,292,0.0,2.0,2.0,0.0,0.0,0.0,0.0,0.0,0.0
2009,BA,283,Metolachlor,292,0,292,0,0,0,1.0,292,0.0,8.0,8.0,0.0,1.0,0.0,0.0,0.0,0.0
2009,BA,283,Metolachlor,292,0,292,0,0,0,2.0,292,0.0,8.0,8.0,0.0,1.0,0.0,0.0,0.0,0.0
2009,BA,283,Metolachlor,292,0,292,0,0,0,5.0,292,0.0,8.0,8.0,0.0,1.0,0.0,0.0,0.0,0.0
2009,BA,283,Metolachlor,292,0,292,0,0,0,10.0,292,0.0,8.0,8.0,0.0,1.0,0.0,0.0,0.0,0.0
2009,BA,283,Metolachlor,292,0,292,0,0,0,inf,292,0.0,8.0,8.0,0.0,1.0,0.0,0.0,0.0,0.0
2009,BA,292,Fluazifop butyl,292,0,292,0,0,0,1.0,292,0.0,2.0,2.0,0.0,0.0,0.0,0.0,0.0,0.0
2009,BA,292,Fluazifop butyl,292,0,292,0,0,0,2.0,292,0.0,2.0,2.0,0.0,0.0,0.0,0.0,0.0,0.0
2009,BA,292,Fluazifop butyl,292,0,292,0,0,0,5.0,292,0.0,2.0,2.0,0.0,0.0,0.0,0.0,0.0,0.0
2009,BA,292,Fluazifop butyl,292,0,292,0,0,0,10.0,292,0.0,2.0,2.0,0.0,0.0,0.0,0.0,0.0,0.0
2009,BA,292,Fluazifop butyl,292,0,292,0,0,0,inf,292,0.0,2.0,2.0,0.0,0.0,0.0,0.0,0.0,0.0
2009,BA,297,Fluvalinate,292,0,292,0,0,0,1.0,292,0.0,4.0,4.0,0.0,1.0,0.0,0.0,0.0,0.0
2009,BA,297,Fluvalinate,292,0,292,0,0,0,2.0,292,0.0,4.0,4.0,0.0,1.0,0.0,0.0,0.0,0.0
2009,BA,297,Fluvalinate,292,0,292,0,0,0,5.0,292,0.0,4.0,4.0,0.0,1.0,0.0,0.0,0.0,0.0
2009,BA,297,Fluvalinate,292,0,292,0,0,0,10.0,292,0.0,4.0,4.0,0.0,1.0,0.0,0.0,0.0,0.0
2009,BA,297,Fluvalinate,292,0,292,0,0,0,inf,292,0.0,4.0,4.0,0.0,1.0,0.0,0.0,0.0,0.0
2009,BA,304,Quintozene (PCNB),292,0,292,0,0,0,1.0,292,0.0,1.0,1.0,0.0,0.0,0.0,0.0,0.0,0.0
2009,BA,304,Quintozene (PCNB),292,0,292,0,0,0,2.0,292,0.0,1.0,1.0,0.0,0.0,0.0,0.0,0.0,0.0
2009,BA,304,Quintozene (PCNB),292,0,292,0,0,0,5.0,292,0.0,1.0,1.0,0.0,0.0,0.0,0.0,0.0,0.0
2009,BA,304,Quintozene (PCNB),292,0,292,0,0,0,10.0,292,0.0,1.0,1.0,0.0,0.0,0.0,0.0,0.0,0.0
2009,BA,304,Quintozene (PCNB),292,0,292,0,0,0,inf,292,0.0,1.0,1.0,0.0,0.0,0.0,0.0,0.0,0.0
2009,BA,305,Atrazine,292,0,292,0,0,0,1.0,292,0.0,8.0,8.0,0.0,1.0,0.0,0.0,0.0,0.0
2009,BA,305,Atrazine,292,0,292,0,0,0,2.0,292,0.0,8.0,8.0,0.0,1.0,0.0,0.0,0.0,0.0
2009,BA,305,Atrazine,292,0,292,0,0,0,5.0,292,0.0,8.0,8.0,0.0,1.0,0.0,0.0,0.0,0.0
2009,BA,305,Atrazine,292,0,292,0,0,0,10.0,292,0.0,8.0,8.0,0.0,1.0,0.0,0.0,0.0,0.0
2009,BA,305,Atrazine,292,0,292,0,0,0,inf,292,0.0,8.0,8.0,0.0,1.0,0.0,0.0,0.0,0.0
2009,BA,321,Hexachlorobenzene (HCB),292,0,287,5,0,0,1.0,292,0.024657534246575342,1.0075342465753425,0.9828767123287672,0.0,0.0,0.0,0.0,0.0,0.0
2009,BA,321,Hexachlorobenzene (HCB),292,0,287,5,0,0,2.0,292,0.024657534246575342,1.0075342465753425,0.9828767123287672,0.0,0.0,0.0,0.0,0.0,0.0
2009,BA,321,Hexachlorobenzene (HCB),292,0,287,5,0,0,5.0,292,0.024657534246575342,1.0075342465753425,0.9828767123287672,0.0,0.0,0.0,0.0,0.0,0.0
2009,BA,321,Hexachlorobenzene (HCB),292,0,287,5,0,0,10.0,292,0.024657534246575342,1.0075342465753425,0.9828767123287672,0.0,0.0,0.0,0.0,0.0,0.0
2009,BA,321,Hexachlorobenzene (HCB),292,0,287,5,0,0,inf,292,0.024657534246575342,1.0075342465753425,0.9828767123287672,0.0,0.0,0.0,0.0,0.0,0.0
2009,BA,338,Dichlorvos (DDVP),292,0,292,0,0,0,1.0,292,0.0,12.0,12.0,0.0,1.0,0.0,1.0,0.0,0.0
2009,BA,338,Dichlorvos (DDVP),292,0,292,0,0,0,2.0,292,0.0,12.0,12.0,0.0,1.0,0.0,1.0,0.0,0.0
2009,BA,338,Dichlorvos (DDVP),292,0,292,0,0,0,5.0,292,0.0,12.0,12.0,0.0,1.0,0.0,1.0,0.0,0.0
2009,BA,338,Dichlorvos (DDVP),292,0,292,0,0,0,10.0,292,0.0,12.0,12.0,0.0,1.0,0.0,1.0,0.0,0.0
2009,BA,338,Dichlorvos (DDVP),292,0,292,0,0,0,inf,292,0.0,12.0,12.0,0.0,1.0,0.0,1.0,0.0,0.0
2009,BA,341,Propanil,292,0,292,0,0,0,1.0,292,0.0,100.0,100.0,0.0,1.0,0.0,1.0,0.0,1.0
2009,BA,341,Propanil,292,0,292,0,0,0,2.0,292,0.0,100.0,100.0,0.0,1.0,0.0,1.0,0.0,1.0
2009,BA,341,Propanil,292,0,292,0,0,0,5.0,292,0.0,100.0,100.0,0.0,1.0,0.0,1.0,0.0,1.0
2009,BA,341,Propanil,292,0,292,0,0,0,10.0,292,0.0,100.0,100.0,0.0,1.0,0.0,1.0,0.0,1.0
2009,BA,341,Propanil,292,0,292,0,0,0,inf,292,0.0,100.0,100.0,0.0,1.0,0.0,1.0,0.0,1.0
2009,BA,351,Pentachloroaniline (PCA),292,0,292,0,0,0,1.0,292,0.0,2.0,2.0,0.0,0.0,0.0,0.0,0.0,0.0
2009,BA,351,Pentachloroaniline (PCA),292,0,292,0,0,0,2.0,292,0.0,2.0,2.0,0.0,0.0,0.0,0.0,0.0,0.0
2009,BA,351,Pentachloroaniline (PCA),292,0,292,0,0,0,5.0,292,0.0,2.0,2.0,0.0,0.0,0.0,0.0,0.0,0.0
2009,BA,351,Pentachloroaniline (PCA),292,0,292,0,0,0,10.0,292,0.0,2.0,2.0,0.0,0.0,0.0,0.0,0.0,0.0
2009,BA,351,Pentachloroaniline (PCA),292,0,292,0,0,0,inf,292,0.0,2.0,2.0,0.0,0.0,0.0,0.0,0.0,0.0
2009,BA,382,1-Naphthol,292,0,292,0,0,0,1.0,292,0.0,12.0,12.0,0.0,1.0,0.0,1.0,0.0,0.0
2009,BA,382,1-Naphthol,292,0,292,0,0,0,2.0,292,0.0,12.0,12.0,0.0,1.0,0.0,1.0,0.0,0.0
2009,BA,382,1-Naphthol,292,0,292,0,0,0,5.0,292,0.0,12.0,12.0,0.0,1.0,0.0,1.0,0.0,0.0
2009,BA,382,1-Naphthol,292,0,292,0,0,0,10.0,292,0.0,12.0,12.0,0.0,1.0,0.0,1.0,0.0,0.0
2009,BA,382,1-Naphthol,292,0,292,0,0,0,inf,292,0.0,12.0,12.0,0.0,1.0,0.0,1.0,0.0,0.0
2009,BA,387,Pentachlorobenzene (PCB),292,0,292,0,0,0,1.0,292,0.0,1.0,1.0,0.0,0.0,0.0,0.0,0.0,0.0
2009,BA,387,Pentachlorobenzene (PCB),292,0,292,0,0,0,2.0,292,0.0,1.0,1.0,0.0,0.0,0.0,0.0,0.0,0.0
2009,BA,387,Pentachlorobenzene (PCB),292,0,292,0,0,0,5.0,292,0.0,1.0,1.0,0.0,0.0,0.0,0.0,0.0,0.0
2009,BA,387,Pentachlorobenzene (PCB),292,0,292,0,0,0,10.0,292,0.0,1.0,1.0,0.0,0.0,0.0,0.0,0.0,0.0
2009,BA,387,Pentachlorobenzene (PCB),292,0,292,0,0,0,inf,292,0.0,1.0,1.0,0.0,0.0,0.0,0.0,0.0,0.0
2009,BA,391,Fenitrothion,292,0,292,0,0,0,1.0,292,0.0,4.0,4.0,0.0,1.0,0.0,0.0,0.0,0.0
2009,BA,391,Fenitrothion,292,0,292,0,0,0,2.0,292,0.0,4.0,4.0,0.0,1.0,0.0,0.0,0.0,0.0
2009,BA,391,Fenitrothion,292,0,292,0,0,0,5.0,292,0.0,4.0,4.0,0.0,1.0,0.0,0.0,0.0,0.0
2009,BA,391,Fenitrothion,292,0,292,0,0,0,10.0,292,0.0,4.0,4.0,0.0,1.0,0.0,0.0,0.0,0.0
2009,BA,391,Fenitrothion,292,0,292,0,0,0,inf,292,0.0,4.0,4.0,0.0,1.0,0.0,0.0,0.0,0.0
2009,BA,512,3-Hydroxycarbofuran,292,0,292,0,0,0,1.0,292,0.0,16.0,16.0,0.0,1.0,0.0,1.0,0.0,0.0
2009,BA,512,3-Hydroxycarbofuran,292,0,292,0,0,0,2.0,292,0.0,16.0,16.0,0.0,1.0,0.0,1.0,0.0,0.0
2009,BA,512,3-Hydroxycarbofuran,292,0,292,0,0,0,5.0,292,0.0,16.0,16.0,0.0,1.0,0.0,1.0,0.0,0.0
2009,BA,512,3-Hydroxycarbofuran,292,0,292,0,0,0,10.0,292,0.0,16.0,16.0,0.0,1.0,0.0,1.0,0.0,0.0
2009,BA,512,3-Hydroxycarbofuran,292,0,292,0,0,0,inf,292,0.0,16.0,16.0,0.0,1.0,0.0,1.0,0.0,0.0
2009,BA,529,Vinclozolin,292,0,292,0,0,0,1.0,292,0.0,2.0,2.0,0.0,0.0,0.0,0.0,0.0,0.0
2009,BA,529,Vinclozolin,292,0,292,0,0,0,2.0,292,0.0,2.0,2.0,0.0,0.0,0.0,0.0,0.0,0.0
2009,BA,529,Vinclozolin,292,0,292,0,0,0,5.0,292,0.0,2.0,2.0,0.0,0.0,0.0,0.0,0.0,0.0
2009,BA,529,Vinclozolin,292,0,292,0,0,0,10.0,292,0.0,2.0,2.0,0.0,0.0,0.0,0.0,0.0,0.0
2009,BA,529,Vinclozolin,292,0,292,0,0,0,inf,292,0.0,2.0,2.0,0.0,0.0,0.0,0.0,0.0,0.0
2009,BA,539,Permethrin Total,292,0,287,5,0,0,1.0,292,0.28184931506849314,10.110616438356166,9.828767123287673,0.017123287671232876,1.0,0.0136986301369863,0.0136986301369863,0.003424657534246575,0.003424657534246575
2009,BA,539,Permethrin Total,292,0,287,5,0,0,2.0,292,0.28184931506849314,10.110616438356166,9.828767123287673,0.017123287671232876,1.0,0.0136986301369863,0.0136986301369863,0.003424657534246575,0.003424657534246575
2009,BA,539,Permethrin Total,292,0,287,5,0,0,5.0,292,0.28184931506849314,10.110616438356166,9.828767123287673,0.017123287671232876,1.0,0.0136986301369863,0.0136986301369863,0.003424657534246575,0.003424657534246575
2009,BA,539,Permethrin Total,292,0,287,5,0,0,10.0,292,0.28184931506849314,10.110616438356166,9.828767123287673,0.017123287671232876,1.0,0.0136986301369863,0.0136986301369863,0.003424657534246575,0.003424657534246575
2009,BA,539,Permethrin Total,292,0,287,5,0,0,inf,292,0.28184931506849314,10.110616438356166,9.828767123287673,0.017123287671232876,1.0,0.0136986301369863,0.0136986301369863,0.003424657534246575,0.003424657534246575
2009,BA,540,Pronamide,292,0,292,0,0,0,1.0,292,0.0,4.0,4.0,0.0,1.0,0.0,0.0,0.0,0.0
2009,BA,540,Pronamide,292,0,292,0,0,0,2.0,292,0.0,4.0,4.0,0.0,1.0,0.0,0.0,0.0,0.0
2009,BA,540,Pronamide,292,0,292,0,0,0,5.0,292,0.0,4.0,4.0,0.0,1.0,0.0,0.0,0.0,0.0
2009,BA,540,Pronamide,292,0,292,0,0,0,10.0,292,0.0,4.0,4.0,0.0,1.0,0.0,0.0,0.0,0.0
2009,BA,540,Pronamide,292,0,292,0,0,0,inf,292,0.0,4.0,4.0,0.0,1.0,0.0,0.0,0.0,0.0
2009,BA,556,Resmethrin,292,0,292,0,0,0,1.0,292,0.0,12.0,12.0,0.0,1.0,0.0,1.0,0.0,0.0
2009,BA,556,Resmethrin,292,0,292,0,0,0,2.0,292,0.0,12.0,12.0,0.0,1.0,0.0,1.0,0.0,0.0
2009,BA,556,Resmethrin,292,0,292,0,0,0,5.0,292,0.0,12.0,12.0,0.0,1.0,0.0,1.0,0.0,0.0
2009,BA,556,Resmethrin,292,0,292,0,0,0,10.0,292,0.0,12.0,12.0,0.0,1.0,0.0,1.0,0.0,0.0
2009,BA,556,Resmethrin,292,0,292,0,0,0,inf,292,0.0,12.0,12.0,0.0,1.0,0.0,1.0,0.0,0.0
2009,BA,596,Norflurazon,292,0,292,0,0,0,1.0,292,0.0,8.0,8.0,0.0,1.0,0.0,0.0,0.0,0.0
2009,BA,596,Norflurazon,292,0,292,0,0,0,2.0,292,0.0,8.0,8.0,0.0,1.0,0.0,0.0,0.0,0.0
2009,BA,596,Norflurazon,292,0,292,0,0,0,5.0,292,0.0,8.0,8.0,0.0,1.0,0.0,0.0,0.0,0.0
2009,BA,596,Norflurazon,292,0,292,0,0,0,10.0,292,0.0,8.0,8.0,0.0,1.0,0.0,0.0,0.0,0.0
2009,BA,596,Norflurazon,292,0,292,0,0,0,inf,292,0.0,8.0,8.0,0.0,1.0,0.0,0.0,0.0,0.0
2009,BA,597,Cypermethrin,292,0,292,0,0,0,1.0,292,0.0,4.0,4.0,0.0,1.0,0.0,0.0,0.0,0.0
2009,BA,597,Cypermethrin,292,0,292,0,0,0,2.0,292,0.0,4.0,4.0,0.0,1.0,0.0,0.0,0.0,0.0
2009,BA,597,Cypermethrin,292,0,292,0,0,0,5.0,292,0.0,4.0,4.0,0.0,1.0,0.0,0.0,0.0,0.0
2009,BA,597,Cypermethrin,292,0,292,0,0,0,10.0,292,0.0,4.0,4.0,0.0,1.0,0.0,0.0,0.0,0.0
2009,BA,597,Cypermethrin,292,0,292,0,0,0,inf,292,0.0,4.0,4.0,0.0,1.0,0.0,0.0,0.0,0.0
2009,BA,607,Metalaxyl,292,292,0,0,0,0,1.0,292,0.0,40.0,40.0,0.0,1.0,0.0,1.0,0.0,1.0
2009,BA,607,Metalaxyl,292,292,0,0,0,0,2.0,292,0.0,80.0,80.0,0.0,1.0,0.0,1.0,0.0,1.0
2009,BA,607,Metalaxyl,292,292,0,0,0,0,5.0,292,0.0,200.0,200.0,0.0,1.0,0.0,1.0,0.0,1.0
2009,BA,607,Metalaxyl,292,292,0,0,0,0,10.0,292,0.0,400.0,400.0,0.0,1.0,0.0,1.0,0.0,1.0
2009,BA,607,Metalaxyl,292,292,0,0,0,0,inf,292,0.0,inf,inf,0.0,1.0,0.0,1.0,0.0,1.0
2009,BA,608,Triadimefon,292,0,292,0,0,0,1.0,292,0.0,8.0,8.0,0.0,1.0,0.0,0.0,0.0,0.0
2009,BA,608,Triadimefon,292,0,292,0,0,0,2.0,292,0.0,8.0,8.0,0.0,1.0,0.0,0.0,0.0,0.0
2009,BA,608,Triadimefon,292,0,292,0,0,0,5.0,292,0.0,8.0,8.0,0.0,1.0,0.0,0.0,0.0,0.0
2009,BA,608,Triadimefon,292,0,292,0,0,0,10.0,292,0.0,8.0,8.0,0.0,1.0,0.0,0.0,0.0,0.0
2009,BA,608,Triadimefon,292,0,292,0,0,0,inf,292,0.0,8.0,8.0,0.0,1.0,0.0,0.0,0.0,0.0
2009,BA,609,Sulprofos,292,0,292,0,0,0,1.0,292,0.0,8.0,8.0,0.0,1.0,0.0,0.0,0.0,0.0
2009,BA,609,Sulprofos,292,0,292,0,0,0,2.0,292,0.0,8.0,8.0,0.0,1.0,0.0,0.0,0.0,0.0
2009,BA,609,Sulprofos,292,0,292,0,0,0,5.0,292,0.0,8.0,8.0,0.0,1.0,0.0,0.0,0.0,0.0
2009,BA,609,Sulprofos,292,0,292,0,0,0,10.0,292,0.0,8.0,8.0,0.0,1.0,0.0,0.0,0.0,0.0
2009,BA,609,Sulprofos,292,0,292,0,0,0,inf,292,0.0,8.0,8.0,0.0,1.0,0.0,0.0,0.0,0.0
2009,BA,612,Deltamethrin (includes parent Tralomethrin),292,0,292,0,0,0,1.0,292,0.0,40.0,40.0,0.0,1.0,0.0,1.0,0.0,1.0
2009,BA,612,Deltamethrin (includes parent Tralomethrin),292,0,292,0,0,0,2.0,292,0.0,40.0,40.0,0.0,1.0,0.0,1.0,0.0,1.0
2009,BA,612,Deltamethrin (includes parent Tralomethrin),292,0,292,0,0,0,5.0,292,0.0,40.0,40.0,0.0,1.0,0.0,1.0,0.0,1.0
2009,BA,612,Deltamethrin (includes parent Tralomethrin),292,0,292,0,0,0,10.0,292,0.0,40.0,40.0,0.0,1.0,0.0,1.0,0.0,1.0
2009,BA,612,Deltamethrin (includes parent Tralomethrin),292,0,292,0,0,0,inf,292,0.0,40.0,40.0,0.0,1.0,0.0,1.0,0.0,1.0
2009,BA,623,Propargite,292,0,292,0,0,0,1.0,292,0.0,20.0,20.0,0.0,1.0,0.0,1.0,0.0,0.0
2009,BA,623,Propargite,292,0,292,0,0,0,2.0,292,0.0,20.0,20.0,0.0,1.0,0.0,1.0,0.0,0.0
2009,BA,623,Propargite,292,0,292,0,0,0,5.0,292,0.0,20.0,20.0,0.0,1.0,0.0,1.0,0.0,0.0
2009,BA,623,Propargite,292,0,292,0,0,0,10.0,292,0.0,20.0,20.0,0.0,1.0,0.0,1.0,0.0,0.0
2009,BA,623,Propargite,292,0,292,0,0,0,inf,292,0.0,20.0,20.0,0.0,1.0,0.0,1.0,0.0,0.0
2009,BA,624,Tetrahydrophthalimide (THPI),292,0,292,0,0,0,1.0,292,0.0,12.0,12.0,0.0,1.0,0.0,1.0,0.0,0.0
2009,BA,624,Tetrahydrophthalimide (THPI),292,0,292,0,0,0,2.0,292,0.0,12.0,12.0,0.0,1.0,0.0,1.0,0.0,0.0
2009,BA,624,Tetrahydrophthalimide (THPI),292,0,292,0,0,0,5.0,292,0.0,12.0,12.0,0.0,1.0,0.0,1.0,0.0,0.0
2009,BA,624,Tetrahydrophthalimide (THPI),292,0,292,0,0,0,10.0,292,0.0,12.0,12.0,0.0,1.0,0.0,1.0,0.0,0.0
2009,BA,624,Tetrahydrophthalimide (THPI),292,0,292,0,0,0,inf,292,0.0,12.0,12.0,0.0,1.0,0.0,1.0,0.0,0.0
2009,BA,625,Oxadiazon,292,0,292,0,0,0,1.0,292,0.0,8.0,8.0,0.0,1.0,0.0,0.0,0.0,0.0
2009,BA,625,Oxadiazon,292,0,292,0,0,0,2.0,292,0.0,8.0,8.0,0.0,1.0,0.0,0.0,0.0,0.0
2009,BA,625,Oxadiazon,292,0,292,0,0,0,5.0,292,0.0,8.0,8.0,0.0,1.0,0.0,0.0,0.0,0.0
2009,BA,625,Oxadiazon,292,0,292,0,0,0,10.0,292,0.0,8.0,8.0,0.0,1.0,0.0,0.0,0.0,0.0
2009,BA,625,Oxadiazon,292,0,292,0,0,0,inf,292,0.0,8.0,8.0,0.0,1.0,0.0,0.0,0.0,0.0
2009,BA,626,Iprodione,292,0,292,0,0,0,1.0,292,0.0,20.0,20.0,0.0,1.0,0.0,1.0,0.0,0.0
2009,BA,626,Iprodione,292,0,292,0,0,0,2.0,292,0.0,20.0,20.0,0.0,1.0,0.0,1.0,0.0,0.0
2009,BA,626,Iprodione,292,0,292,0,0,0,5.0,292,0.0,20.0,20.0,0.0,1.0,0.0,1.0,0.0,0.0
2009,BA,626,Iprodione,292,0,292,0,0,0,10.0,292,0.0,20.0,20.0,0.0,1.0,0.0,1.0,0.0,0.0
2009,BA,626,Iprodione,292,0,292,0,0,0,inf,292,0.0,20.0,20.0,0.0,1.0,0.0,1.0,0.0,0.0
2009,BA,651,Diflubenzuron,292,0,292,0,0,0,1.0,292,0.0,50.0,50.0,0.0,1.0,0.0,1.0,0.0,1.0
2009,BA,651,Diflubenzuron,292,0,292,0,0,0,2.0,292,0.0,50.0,50.0,0.0,1.0,0.0,1.0,0.0,1.0
2009,BA,651,Diflubenzuron,292,0,292,0,0,0,5.0,292,0.0,50.0,50.0,0.0,1.0,0.0,1.0,0.0,1.0
2009,BA,651,Diflubenzuron,292,0,292,0,0,0,10.0,292,0.0,50.0,50.0,0.0,1.0,0.0,1.0,0.0,1.0
2009,BA,651,Diflubenzuron,292,0,292,0,0,0,inf,292,0.0,50.0,50.0,0.0,1.0,0.0,1.0,0.0,1.0
2009,BA,675,Propachlor,292,0,292,0,0,0,1.0,292,0.0,12.0,12.0,0.0,1.0,0.0,1.0,0.0,0.0
2009,BA,675,Propachlor,292,0,292,0,0,0,2.0,292,0.0,12.0,12.0,0.0,1.0,0.0,1.0,0.0,0.0
2009,BA,675,Propachlor,292,0,292,0,0,0,5.0,292,0.0,12.0,12.0,0.0,1.0,0.0,1.0,0.0,0.0
2009,BA,675,Propachlor,292,0,292,0,0,0,10.0,292,0.0,12.0,12.0,0.0,1.0,0.0,1.0,0.0,0.0
2009,BA,675,Propachlor,292,0,292,0,0,0,inf,292,0.0,12.0,12.0,0.0,1.0,0.0,1.0,0.0,0.0
2009,BA,679,Myclobutanil,292,292,0,0,0,0,1.0,292,0.0,40.0,40.0,0.0,1.0,0.0,1.0,0.0,1.0
2009,BA,679,Myclobutanil,292,292,0,0,0,0,2.0,292,0.0,80.0,80.0,0.0,1.0,0.0,1.0,0.0,1.0
2009,BA,679,Myclobutanil,292,292,0,0,0,0,5.0,292,0.0,200.0,200.0,0.0,1.0,0.0,1.0,0.0,1.0
2009,BA,679,Myclobutanil,292,292,0,0,0,0,10.0,292,0.0,400.0,400.0,0.0,1.0,0.0,1.0,0.0,1.0
2009,BA,679,Myclobutanil,292,292,0,0,0,0,inf,292,0.0,inf,inf,0.0,1.0,0.0,1.0,0.0,1.0
2009,BA,699,Clofentezine,292,0,292,0,0,0,1.0,292,0.0,30.0,30.0,0.0,1.0,0.0,1.0,0.0,1.0
2009,BA,699,Clofentezine,292,0,292,0,0,0,2.0,292,0.0,30.0,30.0,0.0,1.0,0.0,1.0,0.0,1.0
2009,BA,699,Clofentezine,292,0,292,0,0,0,5.0,292,0.0,30.0,30.0,0.0,1.0,0.0,1.0,0.0,1.0
2009,BA,699,Clofentezine,292,0,292,0,0,0,10.0,292,0.0,30.0,30.0,0.0,1.0,0.0,1.0,0.0,1.0
2009,BA,699,Clofentezine,292,0,292,0,0,0,inf,292,0.0,30.0,30.0,0.0,1.0,0.0,1.0,0.0,1.0
2009,BA,713,Oxyfluorfen,292,0,292,0,0,0,1.0,292,0.0,1.0,1.0,0.0,0.0,0.0,0.0,0.0,0.0
2009,BA,713,Oxyfluorfen,292,0,292,0,0,0,2.0,292,0.0,1.0,1.0,0.0,0.0,0.0,0.0,0.0,0.0
2009,BA,713,Oxyfluorfen,292,0,292,0,0,0,5.0,292,0.0,1.0,1.0,0.0,0.0,0.0,0.0,0.0,0.0
2009,BA,713,Oxyfluorfen,292,0,292,0,0,0,10.0,292,0.0,1.0,1.0,0.0,0.0,0.0,0.0,0.0,0.0
2009,BA,713,Oxyfluorfen,292,0,292,0,0,0,inf,292,0.0,1.0,1.0,0.0,0.0,0.0,0.0,0.0,0.0
2009,BA,721,Ethalfluralin,292,0,292,0,0,0,1.0,292,0.0,1.0,1.0,0.0,0.0,0.0,0.0,0.0,0.0
2009,BA,721,Ethalfluralin,292,0,292,0,0,0,2.0,292,0.0,1.0,1.0,0.0,0.0,0.0,0.0,0.0,0.0
2009,BA,721,Ethalfluralin,292,0,292,0,0,0,5.0,292,0.0,1.0,1.0,0.0,0.0,0.0,0.0,0.0,0.0
2009,BA,721,Ethalfluralin,292,0,292,0,0,0,10.0,292,0.0,1.0,1.0,0.0,0.0,0.0,0.0,0.0,0.0
2009,BA,721,Ethalfluralin,292,0,292,0,0,0,inf,292,0.0,1.0,1.0,0.0,0.0,0.0,0.0,0.0,0.0
2009,BA,722,Etridiazole,292,0,292,0,0,0,1.0,292,0.0,12.0,12.0,0.0,1.0,0.0,1.0,0.0,0.0
2009,BA,722,Etridiazole,292,0,292,0,0,0,2.0,292,0.0,12.0,12.0,0.0,1.0,0.0,1.0,0.0,0.0
2009,BA,722,Etridiazole,292,0,292,0,0,0,5.0,292,0.0,12.0,12.0,0.0,1.0,0.0,1.0,0.0,0.0
2009,BA,722,Etridiazole,292,0,292,0,0,0,10.0,292,0.0,12.0,12.0,0.0,1.0,0.0,1.0,0.0,0.0
2009,BA,722,Etridiazole,292,0,292,0,0,0,inf,292,0.0,12.0,12.0,0.0,1.0,0.0,1.0,0.0,0.0
2009,BA,726,Thiobencarb,292,0,292,0,0,0,1.0,292,0.0,40.0,40.0,0.0,1.0,0.0,1.0,0.0,1.0
2009,BA,726,Thiobencarb,292,0,292,0,0,0,2.0,292,0.0,40.0,40.0,0.0,1.0,0.0,1.0,0.0,1.0
2009,BA,726,Thiobencarb,292,0,292,0,0,0,5.0,292,0.0,40.0,40.0,0.0,1.0,0.0,1.0,0.0,1.0
2009,BA,726,Thiobencarb,292,0,292,0,0,0,10.0,292,0.0,40.0,40.0,0.0,1.0,0.0,1.0,0.0,1.0
2009,BA,726,Thiobencarb,292,0,292,0,0,0,inf,292,0.0,40.0,40.0,0.0,1.0,0.0,1.0,0.0,1.0
2009,BA,750,Quizalofop ethyl,292,0,292,0,0,0,1.0,292,0.0,4.0,4.0,0.0,1.0,0.0,0.0,0.0,0.0
2009,BA,750,Quizalofop ethyl,292,0,292,0,0,0,2.0,292,0.0,4.0,4.0,0.0,1.0,0.0,0.0,0.0,0.0
2009,BA,750,Quizalofop ethyl,292,0,292,0,0,0,5.0,292,0.0,4.0,4.0,0.0,1.0,0.0,0.0,0.0,0.0
2009,BA,750,Quizalofop ethyl,292,0,292,0,0,0,10.0,292,0.0,4.0,4.0,0.0,1.0,0.0,0.0,0.0,0.0
2009,BA,750,Quizalofop ethyl,292,0,292,0,0,0,inf,292,0.0,4.0,4.0,0.0,1.0,0.0,0.0,0.0,0.0
2009,BA,777,Fenoxaprop ethyl,292,0,292,0,0,0,1.0,292,0.0,8.0,8.0,0.0,1.0,0.0,0.0,0.0,0.0
2009,BA,777,Fenoxaprop ethyl,292,0,292,0,0,0,2.0,292,0.0,8.0,8.0,0.0,1.0,0.0,0.0,0.0,0.0
2009,BA,777,Fenoxaprop ethyl,292,0,292,0,0,0,5.0,292,0.0,8.0,8.0,0.0,1.0,0.0,0.0,0.0,0.0
2009,BA,777,Fenoxaprop ethyl,292,0,292,0,0,0,10.0,292,0.0,8.0,8.0,0.0,1.0,0.0,0.0,0.0,0.0
2009,BA,777,Fenoxaprop ethyl,292,0,292,0,0,0,inf,292,0.0,8.0,8.0,0.0,1.0,0.0,0.0,0.0,0.0
2009,BA,780,Tebuthiuron,292,292,0,0,0,0,1.0,292,0.0,8.0,8.0,0.0,1.0,0.0,0.0,0.0,0.0
2009,BA,780,Tebuthiuron,292,292,0,0,0,0,2.0,292,0.0,16.0,16.0,0.0,1.0,0.0,1.0,0.0,0.0
2009,BA,780,Tebuthiuron,292,292,0,0,0,0,5.0,292,0.0,40.0,40.0,0.0,1.0,0.0,1.0,0.0,1.0
2009,BA,780,Tebuthiuron,292,292,0,0,0,0,10.0,292,0.0,80.0,80.0,0.0,1.0,0.0,1.0,0.0,1.0
2009,BA,780,Tebuthiuron,292,292,0,0,0,0,inf,292,0.0,inf,inf,0.0,1.0,0.0,1.0,0.0,1.0
2009,BA,781,Cyfluthrin,292,0,290,2,0,0,1.0,292,0.5061643835616438,4.478767123287671,3.9726027397260273,0.00684931506849315,1.0,0.00684931506849315,0.00684931506849315,0.003424657534246575,0.003424657534246575
2009,BA,781,Cyfluthrin,292,0,290,2,0,0,2.0,292,0.5061643835616438,4.478767123287671,3.9726027397260273,0.00684931506849315,1.0,0.00684931506849315,0.00684931506849315,0.003424657534246575,0.003424657534246575
2009,BA,781,Cyfluthrin,292,0,290,2,0,0,5.0,292,0.5061643835616438,4.478767123287671,3.9726027397260273,0.00684931506849315,1.0,0.00684931506849315,0.00684931506849315,0.003424657534246575,0.003424657534246575
2009,BA,781,Cyfluthrin,292,0,290,2,0,0,10.0,292,0.5061643835616438,4.478767123287671,3.9726027397260273,0.00684931506849315,1.0,0.00684931506849315,0.00684931506849315,0.003424657534246575,0.003424657534246575
2009,BA,781,Cyfluthrin,292,0,290,2,0,0,inf,292,0.5061643835616438,4.478767123287671,3.9726027397260273,0.00684931506849315,1.0,0.00684931506849315,0.00684931506849315,0.003424657534246575,0.003424657534246575
2009,BA,796,Tridiphane,292,0,292,0,0,0,1.0,292,0.0,8.0,8.0,0.0,1.0,0.0,0.0,0.0,0.0
2009,BA,796,Tridiphane,292,0,292,0,0,0,2.0,292,0.0,8.0,8.0,0.0,1.0,0.0,0.0,0.0,0.0
2009,BA,796,Tridiphane,292,0,292,0,0,0,5.0,292,0.0,8.0,8.0,0.0,1.0,0.0,0.0,0.0,0.0
2009,BA,796,Tridiphane,292,0,292,0,0,0,10.0,292,0.0,8.0,8.0,0.0,1.0,0.0,0.0,0.0,0.0
2009,BA,796,Tridiphane,292,0,292,0,0,0,inf,292,0.0,8.0,8.0,0.0,1.0,0.0,0.0,0.0,0.0
2009,BA,808,Fenpropathrin,292,0,292,0,0,0,1.0,292,0.0,20.0,20.0,0.0,1.0,0.0,1.0,0.0,0.0
2009,BA,808,Fenpropathrin,292,0,292,0,0,0,2.0,292,0.0,20.0,20.0,0.0,1.0,0.0,1.0,0.0,0.0
2009,BA,808,Fenpropathrin,292,0,292,0,0,0,5.0,292,0.0,20.0,20.0,0.0,1.0,0.0,1.0,0.0,0.0
2009,BA,808,Fenpropathrin,292,0,292,0,0,0,10.0,292,0.0,20.0,20.0,0.0,1.0,0.0,1.0,0.0,0.0
2009,BA,808,Fenpropathrin,292,0,292,0,0,0,inf,292,0.0,20.0,20.0,0.0,1.0,0.0,1.0,0.0,0.0
2009,BA,848,Phenothrin,292,0,292,0,0,0,1.0,292,0.0,12.0,12.0,0.0,1.0,0.0,1.0,0.0,0.0
2009,BA,848,Phenothrin,292,0,292,0,0,0,2.0,292,0.0,12.0,12.0,0.0,1.0,0.0,1.0,0.0,0.0
2009,BA,848,Phenothrin,292,0,292,0,0,0,5.0,292,0.0,12.0,12.0,0.0,1.0,0.0,1.0,0.0,0.0
2009,BA,848,Phenothrin,292,0,292,0,0,0,10.0,292,0.0,12.0,12.0,0.0,1.0,0.0,1.0,0.0,0.0
2009,BA,848,Phenothrin,292,0,292,0,0,0,inf,292,0.0,12.0,12.0,0.0,1.0,0.0,1.0,0.0,0.0
2009,BA,900,Endosulfan I,292,0,291,1,0,0,1.0,292,0.007191780821917808,2.0003424657534246,1.9931506849315068,0.003424657534246575,0.003424657534246575,0.0,0.0,0.0,0.0
2009,BA,900,Endosulfan I,292,0,291,1,0,0,2.0,292,0.007191780821917808,2.0003424657534246,1.9931506849315068,0.003424657534246575,0.003424657534246575,0.0,0.0,0.0,0.0
2009,BA,900,Endosulfan I,292,0,291,1,0,0,5.0,292,0.007191780821917808,2.0003424657534246,1.9931506849315068,0.003424657534246575,0.003424657534246575,0.0,0.0,0.0,0.0
2009,BA,900,Endosulfan I,292,0,291,1,0,0,10.0,292,0.007191780821917808,2.0003424657534246,1.9931506849315068,0.003424657534246575,0.003424657534246575,0.0,0.0,0.0,0.0
2009,BA,900,Endosulfan I,292,0,291,1,0,0,inf,292,0.007191780821917808,2.0003424657534246,1.9931506849315068,0.003424657534246575,0.003424657534246575,0.0,0.0,0.0,0.0
2009,BA,901,Endosulfan II,292,0,291,1,0,0,1.0,292,0.00958904109589041,2.002739726027397,1.9931506849315066,0.003424657534246575,0.003424657534246575,0.0,0.0,0.0,0.0
2009,BA,901,Endosulfan II,292,0,291,1,0,0,2.0,292,0.00958904109589041,2.002739726027397,1.9931506849315066,0.003424657534246575,0.003424657534246575,0.0,0.0,0.0,0.0
2009,BA,901,Endosulfan II,292,0,291,1,0,0,5.0,292,0.00958904109589041,2.002739726027397,1.9931506849315066,0.003424657534246575,0.003424657534246575,0.0,0.0,0.0,0.0
2009,BA,901,Endosulfan II,292,0,291,1,0,0,10.0,292,0.00958904109589041,2.002739726027397,1.9931506849315066,0.003424657534246575,0.003424657534246575,0.0,0.0,0.0,0.0
2009,BA,901,Endosulfan II,292,0,291,1,0,0,inf,292,0.00958904109589041,2.002739726027397,1.9931506849315066,0.003424657534246575,0.003424657534246575,0.0,0.0,0.0,0.0
2009,BA,902,Endosulfan sulfate,292,0,287,5,0,0,1.0,292,0.4979452054794521,2.463698630136986,1.9657534246575339,0.017123287671232876,0.017123287671232876,0.00684931506849315,0.00684931506849315,0.003424657534246575,0.003424657534246575
2009,BA,902,Endosulfan sulfate,292,0,287,5,0,0,2.0,292,0.4979452054794521,2.463698630136986,1.9657534246575339,0.017123287671232876,0.017123287671232876,0.00684931506849315,0.00684931506849315,0.003424657534246575,0.003424657534246575
2009,BA,902,Endosulfan sulfate,292,0,287,5,0,0,5.0,292,0.4979452054794521,2.463698630136986,1.9657534246575339,0.017123287671232876,0.017123287671232876,0.00684931506849315,0.00684931506849315,0.003424657534246575,0.003424657534246575
2009,BA,902,Endosulfan sulfate,292,0,287,5,0,0,10.0,292,0.4979452054794521,2.463698630136986,1.9657534246575339,0.017123287671232876,0.017123287671232876,0.00684931506849315,0.00684931506849315,0.003424657534246575,0.003424657534246575
2009,BA,902,Endosulfan sulfate,292,0,287,5,0,0,inf,292,0.4979452054794521,2.463698630136986,1.9657534246575339,0.017123287671232876,0.017123287671232876,0.00684931506849315,0.00684931506849315,0.003424657534246575,0.003424657534246575
2009,BA,903,BHC alpha,292,0,292,0,0,0,1.0,292,0.0,4.0,4.0,0.0,1.0,0.0,0.0,0.0,0.0
2009,BA,903,BHC alpha,292,0,292,0,0,0,2.0,292,0.0,4.0,4.0,0.0,1.0,0.0,0.0,0.0,0.0
2009,BA,903,BHC alpha,292,0,292,0,0,0,5.0,292,0.0,4.0,4.0,0.0,1.0,0.0,0.0,0.0,0.0
2009,BA,903,BHC alpha,292,0,292,0,0,0,10.0,292,0.0,4.0,4.0,0.0,1.0,0.0,0.0,0.0,0.0
2009,BA,903,BHC alpha,292,0,292,0,0,0,inf,292,0.0,4.0,4.0,0.0,1.0,0.0,0.0,0.0,0.0
2009,BA,906,"DDT p,p'",292,0,291,1,0,0,1.0,292,0.055136986301369866,8.027739726027397,7.972602739726027,0.003424657534246575,1.0,0.003424657534246575,0.003424657534246575,0.0,0.0
2009,BA,906,"DDT p,p'",292,0,291,1,0,0,2.0,292,0.055136986301369866,8.027739726027397,7.972602739726027,0.003424657534246575,1.0,0.003424657534246575,0.003424657534246575,0.0,0.0
2009,BA,906,"DDT p,p'",292,0,291,1,0,0,5.0,292,0.055136986301369866,8.027739726027397,7.972602739726027,0.003424657534246575,1.0,0.003424657534246575,0.003424657534246575,0.0,0.0
2009,BA,906,"DDT p,p'",292,0,291,1,0,0,10.0,292,0.055136986301369866,8.027739726027397,7.972602739726027,0.003424657534246575,1.0,0.003424657534246575,0.003424657534246575,0.0,0.0
2009,BA,906,"DDT p,p'",292,0,291,1,0,0,inf,292,0.055136986301369866,8.027739726027397,7.972602739726027,0.003424657534246575,1.0,0.003424657534246575,0.003424657534246575,0.0,0.0
2009,BA,908,"DDD p,p'",292,0,291,1,0,0,1.0,292,0.015753424657534244,2.008904109589041,1.993150684931507,0.003424657534246575,0.003424657534246575,0.0,0.0,0.0,0.0
2009,BA,908,"DDD p,p'",292,0,291,1,0,0,2.0,292,0.015753424657534244,2.008904109589041,1.993150684931507,0.003424657534246575,0.003424657534246575,0.0,0.0,0.0,0.0
2009,BA,908,"DDD p,p'",292,0,291,1,0,0,5.0,292,0.015753424657534244,2.008904109589041,1.993150684931507,0.003424657534246575,0.003424657534246575,0.0,0.0,0.0,0.0
2009,BA,908,"DDD p,p'",292,0,291,1,0,0,10.0,292,0.015753424657534244,2.008904109589041,1.993150684931507,0.003424657534246575,0.003424657534246575,0.0,0.0,0.0,0.0
2009,BA,908,"DDD p,p'",292,0,291,1,0,0,inf,292,0.015753424657534244,2.008904109589041,1.993150684931507,0.003424657534246575,0.003424657534246575,0.0,0.0,0.0,0.0
2009,BA,909,"DDD o,p'",292,0,292,0,0,0,1.0,292,0.0,2.0,2.0,0.0,0.0,0.0,0.0,0.0,0.0
2009,BA,909,"DDD o,p'",292,0,292,0,0,0,2.0,292,0.0,2.0,2.0,0.0,0.0,0.0,0.0,0.0,0.0
2009,BA,909,"DDD o,p'",292,0,292,0,0,0,5.0,292,0.0,2.0,2.0,0.0,0.0,0.0,0.0,0.0,0.0
2009,BA,909,"DDD o,p'",292,0,292,0,0,0,10.0,292,0.0,2.0,2.0,0.0,0.0,0.0,0.0,0.0,0.0
2009,BA,909,"DDD o,p'",292,0,292,0,0,0,inf,292,0.0,2.0,2.0,0.0,0.0,0.0,0.0,0.0,0.0
2009,BA,910,"DDE p,p'",292,0,223,69,0,0,1.0,292,2.8404109589041093,4.367808219178083,1.5273972602739736,0.2363013698630137,0.2363013698630137,0.07191780821917808,0.07191780821917808,0.0410958904109589,0.0410958904109589
2009,BA,910,"DDE p,p'",292,0,223,69,0,0,2.0,292,2.8404109589041093,4.367808219178083,1.5273972602739736,0.2363013698630137,0.2363013698630137,0.07191780821917808,0.07191780821917808,0.0410958904109589,0.0410958904109589
2009,BA,910,"DDE p,p'",292,0,223,69,0,0,5.0,292,2.8404109589041093,4.367808219178083,1.5273972602739736,0.2363013698630137,0.2363013698630137,0.07191780821917808,0.07191780821917808,0.0410958904109589,0.0410958904109589
2009,BA,910,"DDE p,p'",292,0,223,69,0,0,10.0,292,2.8404109589041093,4.367808219178083,1.5273972602739736,0.2363013698630137,0.2363013698630137,0.07191780821917808,0.07191780821917808,0.0410958904109589,0.0410958904109589
2009,BA,910,"DDE p,p'",292,0,223,69,0,0,inf,292,2.8404109589041093,4.367808219178083,1.5273972602739736,0.2363013698630137,0.2363013698630137,0.07191780821917808,0.07191780821917808,0.0410958904109589,0.0410958904109589
2009,BA,911,"DDE o,p'",292,0,292,0,0,0,1.0,292,0.0,2.0,2.0,0.0,0.0,0.0,0.0,0.0,0.0
2009,BA,911,"DDE o,p'",292,0,292,0,0,0,2.0,292,0.0,2.0,2.0,0.0,0.0,0.0,0.0,0.0,0.0
2009,BA,911,"DDE o,p'",292,0,292,0,0,0,5.0,292,0.0,2.0,2.0,0.0,0.0,0.0,0.0,0.0,0.0
2009,BA,911,"DDE o,p'",292,0,292,0,0,0,10.0,292,0.0,2.0,2.0,0.0,0.0,0.0,0.0,0.0,0.0
2009,BA,911,"DDE o,p'",292,0,292,0,0,0,inf,292,0.0,2.0,2.0,0.0,0.0,0.0,0.0,0.0,0.0
2009,BA,930,Bifenthrin,292,0,277,15,0,0,1.0,292,0.1023972602739726,1.051027397260274,0.9486301369863014,0.02054794520547945,0.02054794520547945,0.0,0.0,0.0,0.0
2009,BA,930,Bifenthrin,292,0,277,15,0,0,2.0,292,0.1023972602739726,1.051027397260274,0.9486301369863014,0.02054794520547945,0.02054794520547945,0.0,0.0,0.0,0.0
2009,BA,930,Bifenthrin,292,0,277,15,0,0,5.0,292,0.1023972602739726,1.051027397260274,0.9486301369863014,0.02054794520547945,0.02054794520547945,0.0,0.0,0.0,0.0
2009,BA,930,Bifenthrin,292,0,277,15,0,0,10.0,292,0.1023972602739726,1.051027397260274,0.9486301369863014,0.02054794520547945,0.02054794520547945,0.0,0.0,0.0,0.0
2009,BA,930,Bifenthrin,292,0,277,15,0,0,inf,292,0.1023972602739726,1.051027397260274,0.9486301369863014,0.02054794520547945,0.02054794520547945,0.0,0.0,0.0,0.0
2009,BA,945,Ethofumesate,292,0,292,0,0,0,1.0,292,0.0,16.0,16.0,0.0,1.0,0.0,1.0,0.0,0.0
2009,BA,945,Ethofumesate,292,0,292,0,0,0,2.0,292,0.0,16.0,16.0,0.0,1.0,0.0,1.0,0.0,0.0
2009,BA,945,Ethofumesate,292,0,292,0,0,0,5.0,292,0.0,16.0,16.0,0.0,1.0,0.0,1.0,0.0,0.0
2009,BA,945,Ethofumesate,292,0,292,0,0,0,10.0,292,0.0,16.0,16.0,0.0,1.0,0.0,1.0,0.0,0.0
2009,BA,945,Ethofumesate,292,0,292,0,0,0,inf,292,0.0,16.0,16.0,0.0,1.0,0.0,1.0,0.0,0.0
2009,BA,947,Tetramethrin,292,0,292,0,0,0,1.0,292,0.0,10.0,10.0,0.0,1.0,0.0,0.0,0.0,0.0
2009,BA,947,Tetramethrin,292,0,292,0,0,0,2.0,292,0.0,10.0,10.0,0.0,1.0,0.0,0.0,0.0,0.0
2009,BA,947,Tetramethrin,292,0,292,0,0,0,5.0,292,0.0,10.0,10.0,0.0,1.0,0.0,0.0,0.0,0.0
2009,BA,947,Tetramethrin,292,0,292,0,0,0,10.0,292,0.0,10.0,10.0,0.0,1.0,0.0,0.0,0.0,0.0
2009,BA,947,Tetramethrin,292,0,292,0,0,0,inf,292,0.0,10.0,10.0,0.0,1.0,0.0,0.0,0.0,0.0
2009,BA,967,Imidacloprid,292,0,292,0,0,0,1.0,292,0.0,40.0,40.0,0.0,1.0,0.0,1.0,0.0,1.0
2009,BA,967,Imidacloprid,292,0,292,0,0,0,2.0,292,0.0,40.0,40.0,0.0,1.0,0.0,1.0,0.0,1.0
2009,BA,967,Imidacloprid,292,0,292,0,0,0,5.0,292,0.0,40.0,40.0,0.0,1.0,0.0,1.0,0.0,1.0
2009,BA,967,Imidacloprid,292,0,292,0,0,0,10.0,292,0.0,40.0,40.0,0.0,1.0,0.0,1.0,0.0,1.0
2009,BA,967,Imidacloprid,292,0,292,0,0,0,inf,292,0.0,40.0,40.0,0.0,1.0,0.0,1.0,0.0,1.0
2009,BA,A82,Fipronil,292,0,292,0,0,0,1.0,292,0.0,12.0,12.0,0.0,1.0,0.0,1.0,0.0,0.0
2009,BA,A82,Fipronil,292,0,292,0,0,0,2.0,292,0.0,12.0,12.0,0.0,1.0,0.0,1.0,0.0,0.0
2009,BA,A82,Fipronil,292,0,292,0,0,0,5.0,292,0.0,12.0,12.0,0.0,1.0,0.0,1.0,0.0,0.0
2009,BA,A82,Fipronil,292,0,292,0,0,0,10.0,292,0.0,12.0,12.0,0.0,1.0,0.0,1.0,0.0,0.0
2009,BA,A82,Fipronil,292,0,292,0,0,0,inf,292,0.0,12.0,12.0,0.0,1.0,0.0,1.0,0.0,0.0
2009,BA,AAK,Chlorfenvinphos total,292,0,292,0,0,0,1.0,292,0.0,40.0,40.0,0.0,1.0,0.0,1.0,0.0,1.0
2009,BA,AAK,Chlorfenvinphos total,292,0,292,0,0,0,2.0,292,0.0,40.0,40.0,0.0,1.0,0.0,1.0,0.0,1.0
2009,BA,AAK,Chlorfenvinphos total,292,0,292,0,0,0,5.0,292,0.0,40.0,40.0,0.0,1.0,0.0,1.0,0.0,1.0
2009,BA,AAK,Chlorfenvinphos total,292,0,292,0,0,0,10.0,292,0.0,40.0,40.0,0.0,1.0,0.0,1.0,0.0,1.0
2009,BA,AAK,Chlorfenvinphos total,292,0,292,0,0,0,inf,292,0.0,40.0,40.0,0.0,1.0,0.0,1.0,0.0,1.0
2009,BA,ABG,Tebufenozide,292,0,292,0,0,0,1.0,292,0.0,10.0,10.0,0.0,1.0,0.0,0.0,0.0,0.0
2009,BA,ABG,Tebufenozide,292,0,292,0,0,0,2.0,292,0.0,10.0,10.0,0.0,1.0,0.0,0.0,0.0,0.0
2009,BA,ABG,Tebufenozide,292,0,292,0,0,0,5.0,292,0.0,10.0,10.0,0.0,1.0,0.0,0.0,0.0,0.0
2009,BA,ABG,Tebufenozide,292,0,292,0,0,0,10.0,292,0.0,10.0,10.0,0.0,1.0,0.0,0.0,0.0,0.0
2009,BA,ABG,Tebufenozide,292,0,292,0,0,0,inf,292,0.0,10.0,10.0,0.0,1.0,0.0,0.0,0.0,0.0
2009,BA,ADC,Prallethrin,292,0,292,0,0,0,1.0,292,0.0,8.0,8.0,0.0,1.0,0.0,0.0,0.0,0.0
2009,BA,ADC,Prallethrin,292,0,292,0,0,0,2.0,292,0.0,8.0,8.0,0.0,1.0,0.0,0.0,0.0,0.0
2009,BA,ADC,Prallethrin,292,0,292,0,0,0,5.0,292,0.0,8.0,8.0,0.0,1.0,0.0,0.0,0.0,0.0
2009,BA,ADC,Prallethrin,292,0,292,0,0,0,10.0,292,0.0,8.0,8.0,0.0,1.0,0.0,0.0,0.0,0.0
2009,BA,ADC,Prallethrin,292,0,292,0,0,0,inf,292,0.0,8.0,8.0,0.0,1.0,0.0,0.0,0.0,0.0
2009,BA,ADE,Esfenvalerate+Fenvalerate Total,292,0,292,0,0,0,1.0,292,0.0,4.0,4.0,0.0,1.0,0.0,0.0,0.0,0.0
2009,BA,ADE,Esfenvalerate+Fenvalerate Total,292,0,292,0,0,0,2.0,292,0.0,4.0,4.0,0.0,1.0,0.0,0.0,0.0,0.0
2009,BA,ADE,Esfenvalerate+Fenvalerate Total,292,0,292,0,0,0,5.0,292,0.0,4.0,4.0,0.0,1.0,0.0,0.0,0.0,0.0
2009,BA,ADE,Esfenvalerate+Fenvalerate Total,292,0,292,0,0,0,10.0,292,0.0,4.0,4.0,0.0,1.0,0.0,0.0,0.0,0.0
2009,BA,ADE,Esfenvalerate+Fenvalerate Total,292,0,292,0,0,0,inf,292,0.0,4.0,4.0,0.0,1.0,0.0,0.0,0.0,0.0
2009,BA,ADG,Indoxacarb,292,0,292,0,0,0,1.0,292,0.0,50.0,50.0,0.0,1.0,0.0,1.0,0.0,1.0
2009,BA,ADG,Indoxacarb,292,0,292,0,0,0,2.0,292,0.0,50.0,50.0,0.0,1.0,0.0,1.0,0.0,1.0
2009,BA,ADG,Indoxacarb,292,0,292,0,0,0,5.0,292,0.0,50.0,50.0,0.0,1.0,0.0,1.0,0.0,1.0
2009,BA,ADG,Indoxacarb,292,0,292,0,0,0,10.0,292,0.0,50.0,50.0,0.0,1.0,0.0,1.0,0.0,1.0
2009,BA,ADG,Indoxacarb,292,0,292,0,0,0,inf,292,0.0,50.0,50.0,0.0,1.0,0.0,1.0,0.0,1.0
2009,BA,ADH,Cyphenothrin,292,0,292,0,0,0,1.0,292,0.0,20.0,20.0,0.0,1.0,0.0,1.0,0.0,0.0
2009,BA,ADH,Cyphenothrin,292,0,292,0,0,0,2.0,292,0.0,20.0,20.0,0.0,1.0,0.0,1.0,0.0,0.0
2009,BA,ADH,Cyphenothrin,292,0,292,0,0,0,5.0,292,0.0,20.0,20.0,0.0,1.0,0.0,1.0,0.0,0.0
2009,BA,ADH,Cyphenothrin,292,0,292,0,0,0,10.0,292,0.0,20.0,20.0,0.0,1.0,0.0,1.0,0.0,0.0
2009,BA,ADH,Cyphenothrin,292,0,292,0,0,0,inf,292,0.0,20.0,20.0,0.0,1.0,0.0,1.0,0.0,0.0
2009,BA,ADJ,Fluroxypyr 1-methylheptyl ester,292,0,292,0,0,0,1.0,292,0.0,1.0,1.0,0.0,0.0,0.0,0.0,0.0,0.0
2009,BA,ADJ,Fluroxypyr 1-methylheptyl ester,292,0,292,0,0,0,2.0,292,0.0,1.0,1.0,0.0,0.0,0.0,0.0,0.0,0.0
2009,BA,ADJ,Fluroxypyr 1-methylheptyl ester,292,0,292,0,0,0,5.0,292,0.0,1.0,1.0,0.0,0.0,0.0,0.0,0.0,0.0
2009,BA,ADJ,Fluroxypyr 1-methylheptyl ester,292,0,292,0,0,0,10.0,292,0.0,1.0,1.0,0.0,0.0,0.0,0.0,0.0,0.0
2009,BA,ADJ,Fluroxypyr 1-methylheptyl ester,292,0,292,0,0,0,inf,292,0.0,1.0,1.0,0.0,0.0,0.0,0.0,0.0,0.0
2009,BA,ADK,Imiprothrin,252,0,252,0,0,0,1.0,252,0.0,40.0,40.0,0.0,1.0,0.0,1.0,0.0,1.0
2009,BA,ADK,Imiprothrin,252,0,252,0,0,0,2.0,252,0.0,40.0,40.0,0.0,1.0,0.0,1.0,0.0,1.0
2009,BA,ADK,Imiprothrin,252,0,252,0,0,0,5.0,252,0.0,40.0,40.0,0.0,1.0,0.0,1.0,0.0,1.0
2009,BA,ADK,Imiprothrin,252,0,252,0,0,0,10.0,252,0.0,40.0,40.0,0.0,1.0,0.0,1.0,0.0,1.0
2009,BA,ADK,Imiprothrin,252,0,252,0,0,0,inf,252,0.0,40.0,40.0,0.0,1.0,0.0,1.0,0.0,1.0
2009,BA,AEL,"Cyhalothrin, Total (Cyhalothrin-L + R157836 epimer)",292,0,258,34,0,0,1.0,292,0.5174657534246575,1.401027397260274,0.8835616438356165,0.0547945205479452,0.0547945205479452,0.0136986301369863,0.0136986301369863,0.00684931506849315,0.00684931506849315
2009,BA,AEL,"Cyhalothrin, Total (Cyhalothrin-L + R157836 epimer)",292,0,258,34,0,0,2.0,292,0.5174657534246575,1.401027397260274,0.8835616438356165,0.0547945205479452,0.0547945205479452,0.0136986301369863,0.0136986301369863,0.00684931506849315,0.00684931506849315
2009,BA,AEL,"Cyhalothrin, Total (Cyhalothrin-L + R157836 epimer)",292,0,258,34,0,0,5.0,292,0.5174657534246575,1.401027397260274,0.8835616438356165,0.0547945205479452,0.0547945205479452,0.0136986301369863,0.0136986301369863,0.00684931506849315,0.00684931506849315
2009,BA,AEL,"Cyhalothrin, Total (Cyhalothrin-L + R157836 epimer)",292,0,258,34,0,0,10.0,292,0.5174657534246575,1.401027397260274,0.8835616438356165,0.0547945205479452,0.0547945205479452,0.0136986301369863,0.0136986301369863,0.00684931506849315,0.00684931506849315
2009,BA,AEL,"Cyhalothrin, Total (Cyhalothrin-L + R157836 epimer)",292,0,258,34,0,0,inf,292,0.5174657534246575,1.401027397260274,0.8835616438356165,0.0547945205479452,0.0547945205479452,0.0136986301369863,0.0136986301369863,0.00684931506849315,0.00684931506849315
2009,BA,AEP,Clothianidin,292,0,292,0,0,0,1.0,292,0.0,40.0,40.0,0.0,1.0,0.0,1.0,0.0,1.0
2009,BA,AEP,Clothianidin,292,0,292,0,0,0,2.0,292,0.0,40.0,40.0,0.0,1.0,0.0,1.0,0.0,1.0
2009,BA,AEP,Clothianidin,292,0,292,0,0,0,5.0,292,0.0,40.0,40.0,0.0,1.0,0.0,1.0,0.0,1.0
2009,BA,AEP,Clothianidin,292,0,292,0,0,0,10.0,292,0.0,40.0,40.0,0.0,1.0,0.0,1.0,0.0,1.0
2009,BA,AEP,Clothianidin,292,0,292,0,0,0,inf,292,0.0,40.0,40.0,0.0,1.0,0.0,1.0,0.0,1.0
2009,BA,AES,Methoxyfenozide,292,0,292,0,0,0,1.0,292,0.0,8.0,8.0,0.0,1.0,0.0,0.0,0.0,0.0
2009,BA,AES,Methoxyfenozide,292,0,292,0,0,0,2.0,292,0.0,8.0,8.0,0.0,1.0,0.0,0.0,0.0,0.0
2009,BA,AES,Methoxyfenozide,292,0,292,0,0,0,5.0,292,0.0,8.0,8.0,0.0,1.0,0.0,0.0,0.0,0.0
2009,BA,AES,Methoxyfenozide,292,0,292,0,0,0,10.0,292,0.0,8.0,8.0,0.0,1.0,0.0,0.0,0.0,0.0
2009,BA,AES,Methoxyfenozide,292,0,292,0,0,0,inf,292,0.0,8.0,8.0,0.0,1.0,0.0,0.0,0.0,0.0
2009,BA,AEW,Famoxadone,292,0,292,0,0,0,1.0,292,0.0,40.0,40.0,0.0,1.0,0.0,1.0,0.0,1.0
2009,BA,AEW,Famoxadone,292,0,292,0,0,0,2.0,292,0.0,40.0,40.0,0.0,1.0,0.0,1.0,0.0,1.0
2009,BA,AEW,Famoxadone,292,0,292,0,0,0,5.0,292,0.0,40.0,40.0,0.0,1.0,0.0,1.0,0.0,1.0
2009,BA,AEW,Famoxadone,292,0,292,0,0,0,10.0,292,0.0,40.0,40.0,0.0,1.0,0.0,1.0,0.0,1.0
2009,BA,AEW,Famoxadone,292,0,292,0,0,0,inf,292,0.0,40.0,40.0,0.0,1.0,0.0,1.0,0.0,1.0
2009,BA,AFO,Dinotefuran,292,0,292,0,0,0,1.0,292,0.0,50.0,50.0,0.0,1.0,0.0,1.0,0.0,1.0
2009,BA,AFO,Dinotefuran,292,0,292,0,0,0,2.0,292,0.0,50.0,50.0,0.0,1.0,0.0,1.0,0.0,1.0
2009,BA,AFO,Dinotefuran,292,0,292,0,0,0,5.0,292,0.0,50.0,50.0,0.0,1.0,0.0,1.0,0.0,1.0
2009,BA,AFO,Dinotefuran,292,0,292,0,0,0,10.0,292,0.0,50.0,50.0,0.0,1.0,0.0,1.0,0.0,1.0
2009,BA,AFO,Dinotefuran,292,0,292,0,0,0,inf,292,0.0,50.0,50.0,0.0,1.0,0.0,1.0,0.0,1.0
2009,BA,AFS,Fenpyroximate,292,0,292,0,0,0,1.0,292,0.0,8.0,8.0,0.0,1.0,0.0,0.0,0.0,0.0
2009,BA,AFS,Fenpyroximate,292,0,292,0,0,0,2.0,292,0.0,8.0,8.0,0.0,1.0,0.0,0.0,0.0,0.0
2009,BA,AFS,Fenpyroximate,292,0,292,0,0,0,5.0,292,0.0,8.0,8.0,0.0,1.0,0.0,0.0,0.0,0.0
2009,BA,AFS,Fenpyroximate,292,0,292,0,0,0,10.0,292,0.0,8.0,8.0,0.0,1.0,0.0,0.0,0.0,0.0
2009,BA,AFS,Fenpyroximate,292,0,292,0,0,0,inf,292,0.0,8.0,8.0,0.0,1.0,0.0,0.0,0.0,0.0
2009,BA,AFX,Novaluron,292,0,292,0,0,0,1.0,292,0.0,150.0,150.0,0.0,1.0,0.0,1.0,0.0,1.0
2009,BA,AFX,Novaluron,292,0,292,0,0,0,2.0,292,0.0,150.0,150.0,0.0,1.0,0.0,1.0,0.0,1.0
2009,BA,AFX,Novaluron,292,0,292,0,0,0,5.0,292,0.0,150.0,150.0,0.0,1.0,0.0,1.0,0.0,1.0
2009,BA,AFX,Novaluron,292,0,292,0,0,0,10.0,292,0.0,150.0,150.0,0.0,1.0,0.0,1.0,0.0,1.0
2009,BA,AFX,Novaluron,292,0,292,0,0,0,inf,292,0.0,150.0,150.0,0.0,1.0,0.0,1.0,0.0,1.0
2009,BA,AGG,Flonicamid,292,0,292,0,0,0,1.0,292,0.0,200.0,200.0,0.0,1.0,0.0,1.0,0.0,1.0
2009,BA,AGG,Flonicamid,292,0,292,0,0,0,2.0,292,0.0,200.0,200.0,0.0,1.0,0.0,1.0,0.0,1.0
2009,BA,AGG,Flonicamid,292,0,292,0,0,0,5.0,292,0.0,200.0,200.0,0.0,1.0,0.0,1.0,0.0,1.0
2009,BA,AGG,Flonicamid,292,0,292,0,0,0,10.0,292,0.0,200.0,200.0,0.0,1.0,0.0,1.0,0.0,1.0
2009,BA,AGG,Flonicamid,292,0,292,0,0,0,inf,292,0.0,200.0,200.0,0.0,1.0,0.0,1.0,0.0,1.0
2009,BA,AGJ,Fluoxastrobin,292,0,292,0,0,0,1.0,292,0.0,8.0,8.0,0.0,1.0,0.0,0.0,0.0,0.0
2009,BA,AGJ,Fluoxastrobin,292,0,292,0,0,0,2.0,292,0.0,8.0,8.0,0.0,1.0,0.0,0.0,0.0,0.0
2009,BA,AGJ,Fluoxastrobin,292,0,292,0,0,0,5.0,292,0.0,8.0,8.0,0.0,1.0,0.0,0.0,0.0,0.0
2009,BA,AGJ,Fluoxastrobin,292,0,292,0,0,0,10.0,292,0.0,8.0,8.0,0.0,1.0,0.0,0.0,0.0,0.0
2009,BA,AGJ,Fluoxastrobin,292,0,292,0,0,0,inf,292,0.0,8.0,8.0,0.0,1.0,0.0,0.0,0.0,0.0
2009,BA,AGR,"2,4-dimethylphenyl formamide (2,4-DMPF)",292,0,292,0,0,0,1.0,292,0.0,40.0,40.0,0.0,1.0,0.0,1.0,0.0,1.0
2009,BA,AGR,"2,4-dimethylphenyl formamide (2,4-DMPF)",292,0,292,0,0,0,2.0,292,0.0,40.0,40.0,0.0,1.0,0.0,1.0,0.0,1.0
2009,BA,AGR,"2,4-dimethylphenyl formamide (2,4-DMPF)",292,0,292,0,0,0,5.0,292,0.0,40.0,40.0,0.0,1.0,0.0,1.0,0.0,1.0
2009,BA,AGR,"2,4-dimethylphenyl formamide (2,4-DMPF)",292,0,292,0,0,0,10.0,292,0.0,40.0,40.0,0.0,1.0,0.0,1.0,0.0,1.0
2009,BA,AGR,"2,4-dimethylphenyl formamide (2,4-DMPF)",292,0,292,0,0,0,inf,292,0.0,40.0,40.0,0.0,1.0,0.0,1.0,0.0,1.0
2009,BA,AGT,Spiromesifen,292,0,292,0,0,0,1.0,292,0.0,20.0,20.0,0.0,1.0,0.0,1.0,0.0,0.0
2009,BA,AGT,Spiromesifen,292,0,292,0,0,0,2.0,292,0.0,20.0,20.0,0.0,1.0,0.0,1.0,0.0,0.0
2009,BA,AGT,Spiromesifen,292,0,292,0,0,0,5.0,292,0.0,20.0,20.0,0.0,1.0,0.0,1.0,0.0,0.0
2009,BA,AGT,Spiromesifen,292,0,292,0,0,0,10.0,292,0.0,20.0,20.0,0.0,1.0,0.0,1.0,0.0,0.0
2009,BA,AGT,Spiromesifen,292,0,292,0,0,0,inf,292,0.0,20.0,20.0,0.0,1.0,0.0,1.0,0.0,0.0
2009,BA,AHG,Flufenoxuron,292,0,292,0,0,0,1.0,292,0.0,30.0,30.0,0.0,1.0,0.0,1.0,0.0,1.0
2009,BA,AHG,Flufenoxuron,292,0,292,0,0,0,2.0,292,0.0,30.0,30.0,0.0,1.0,0.0,1.0,0.0,1.0
2009,BA,AHG,Flufenoxuron,292,0,292,0,0,0,5.0,292,0.0,30.0,30.0,0.0,1.0,0.0,1.0,0.0,1.0
2009,BA,AHG,Flufenoxuron,292,0,292,0,0,0,10.0,292,0.0,30.0,30.0,0.0,1.0,0.0,1.0,0.0,1.0
2009,BA,AHG,Flufenoxuron,292,0,292,0,0,0,inf,292,0.0,30.0,30.0,0.0,1.0,0.0,1.0,0.0,1.0
2009,BA,B10,Hexythiazox,292,0,292,0,0,0,1.0,292,0.0,12.0,12.0,0.0,1.0,0.0,1.0,0.0,0.0
2009,BA,B10,Hexythiazox,292,0,292,0,0,0,2.0,292,0.0,12.0,12.0,0.0,1.0,0.0,1.0,0.0,0.0
2009,BA,B10,Hexythiazox,292,0,292,0,0,0,5.0,292,0.0,12.0,12.0,0.0,1.0,0.0,1.0,0.0,0.0
2009,BA,B10,Hexythiazox,292,0,292,0,0,0,10.0,292,0.0,12.0,12.0,0.0,1.0,0.0,1.0,0.0,0.0
2009,BA,B10,Hexythiazox,292,0,292,0,0,0,inf,292,0.0,12.0,12.0,0.0,1.0,0.0,1.0,0.0,0.0
2009,BA,B21,Carfentrazone ethyl,292,0,292,0,0,0,1.0,292,0.0,4.0,4.0,0.0,1.0,0.0,0.0,0.0,0.0
2009,BA,B21,Carfentrazone ethyl,292,0,292,0,0,0,2.0,292,0.0,4.0,4.0,0.0,1.0,0.0,0.0,0.0,0.0
2009,BA,B21,Carfentrazone ethyl,292,0,292,0,0,0,5.0,292,0.0,4.0,4.0,0.0,1.0,0.0,0.0,0.0,0.0
2009,BA,B21,Carfentrazone ethyl,292,0,292,0,0,0,10.0,292,0.0,4.0,4.0,0.0,1.0,0.0,0.0,0.0,0.0
2009,BA,B21,Carfentrazone ethyl,292,0,292,0,0,0,inf,292,0.0,4.0,4.0,0.0,1.0,0.0,0.0,0.0,0.0
2009,BA,B26,Tefluthrin,292,0,292,0,0,0,1.0,292,0.0,1.0,1.0,0.0,0.0,0.0,0.0,0.0,0.0
2009,BA,B26,Tefluthrin,292,0,292,0,0,0,2.0,292,0.0,1.0,1.0,0.0,0.0,0.0,0.0,0.0,0.0
2009,BA,B26,Tefluthrin,292,0,292,0,0,0,5.0,292,0.0,1.0,1.0,0.0,0.0,0.0,0.0,0.0,0.0
2009,BA,B26,Tefluthrin,292,0,292,0,0,0,10.0,292,0.0,1.0,1.0,0.0,0.0,0.0,0.0,0.0,0.0
2009,BA,B26,Tefluthrin,292,0,292,0,0,0,inf,292,0.0,1.0,1.0,0.0,0.0,0.0,0.0,0.0,0.0
2009,BA,B43,Thiamethoxam,292,0,292,0,0,0,1.0,292,0.0,80.0,80.0,0.0,1.0,0.0,1.0,0.0,1.0
2009,BA,B43,Thiamethoxam,292,0,292,0,0,0,2.0,292,0.0,80.0,80.0,0.0,1.0,0.0,1.0,0.0,1.0
2009,BA,B43,Thiamethoxam,292,0,292,0,0,0,5.0,292,0.0,80.0,80.0,0.0,1.0,0.0,1.0,0.0,1.0
2009,BA,B43,Thiamethoxam,292,0,292,0,0,0,10.0,292,0.0,80.0,80.0,0.0,1.0,0.0,1.0,0.0,1.0
2009,BA,B43,Thiamethoxam,292,0,292,0,0,0,inf,292,0.0,80.0,80.0,0.0,1.0,0.0,1.0,0.0,1.0
2009,BA,B48,Azoxystrobin,292,0,292,0,0,0,1.0,292,0.0,4.0,4.0,0.0,1.0,0.0,0.0,0.0,0.0
2009,BA,B48,Azoxystrobin,292,0,292,0,0,0,2.0,292,0.0,4.0,4.0,0.0,1.0,0.0,0.0,0.0,0.0
2009,BA,B48,Azoxystrobin,292,0,292,0,0,0,5.0,292,0.0,4.0,4.0,0.0,1.0,0.0,0.0,0.0,0.0
2009,BA,B48,Azoxystrobin,292,0,292,0,0,0,10.0,292,0.0,4.0,4.0,0.0,1.0,0.0,0.0,0.0,0.0
2009,BA,B48,Azoxystrobin,292,0,292,0,0,0,inf,292,0.0,4.0,4.0,0.0,1.0,0.0,0.0,0.0,0.0
2009,BA,B56,Pyridaben,292,0,292,0,0,0,1.0,292,0.0,4.0,4.0,0.0,1.0,0.0,0.0,0.0,0.0
2009,BA,B56,Pyridaben,292,0,292,0,0,0,2.0,292,0.0,4.0,4.0,0.0,1.0,0.0,0.0,0.0,0.0
2009,BA,B56,Pyridaben,292,0,292,0,0,0,5.0,292,0.0,4.0,4.0,0.0,1.0,0.0,0.0,0.0,0.0
2009,BA,B56,Pyridaben,292,0,292,0,0,0,10.0,292,0.0,4.0,4.0,0.0,1.0,0.0,0.0,0.0,0.0
2009,BA,B56,Pyridaben,292,0,292,0,0,0,inf,292,0.0,4.0,4.0,0.0,1.0,0.0,0.0,0.0,0.0
2009,BA,B61,Pyraclostrobin,292,0,292,0,0,0,1.0,292,0.0,60.0,60.0,0.0,1.0,0.0,1.0,0.0,1.0
2009,BA,B61,Pyraclostrobin,292,0,292,0,0,0,2.0,292,0.0,60.0,60.0,0.0,1.0,0.0,1.0,0.0,1.0
2009,BA,B61,Pyraclostrobin,292,0,292,0,0,0,5.0,292,0.0,60.0,60.0,0.0,1.0,0.0,1.0,0.0,1.0
2009,BA,B61,Pyraclostrobin,292,0,292,0,0,0,10.0,292,0.0,60.0,60.0,0.0,1.0,0.0,1.0,0.0,1.0
2009,BA,B61,Pyraclostrobin,292,0,292,0,0,0,inf,292,0.0,60.0,60.0,0.0,1.0,0.0,1.0,0.0,1.0
2009,BA,B63,Flutolanil,292,0,292,0,0,0,1.0,292,0.0,4.0,4.0,0.0,1.0,0.0,0.0,0.0,0.0
2009,BA,B63,Flutolanil,292,0,292,0,0,0,2.0,292,0.0,4.0,4.0,0.0,1.0,0.0,0.0,0.0,0.0
2009,BA,B63,Flutolanil,292,0,292,0,0,0,5.0,292,0.0,4.0,4.0,0.0,1.0,0.0,0.0,0.0,0.0
2009,BA,B63,Flutolanil,292,0,292,0,0,0,10.0,292,0.0,4.0,4.0,0.0,1.0,0.0,0.0,0.0,0.0
2009,BA,B63,Flutolanil,292,0,292,0,0,0,inf,292,0.0,4.0,4.0,0.0,1.0,0.0,0.0,0.0,0.0
2009,BA,B64,Fenamidone,292,0,292,0,0,0,1.0,292,0.0,20.0,20.0,0.0,1.0,0.0,1.0,0.0,0.0
2009,BA,B64,Fenamidone,292,0,292,0,0,0,2.0,292,0.0,20.0,20.0,0.0,1.0,0.0,1.0,0.0,0.0
2009,BA,B64,Fenamidone,292,0,292,0,0,0,5.0,292,0.0,20.0,20.0,0.0,1.0,0.0,1.0,0.0,0.0
2009,BA,B64,Fenamidone,292,0,292,0,0,0,10.0,292,0.0,20.0,20.0,0.0,1.0,0.0,1.0,0.0,0.0
2009,BA,B64,Fenamidone,292,0,292,0,0,0,inf,292,0.0,20.0,20.0,0.0,1.0,0.0,1.0,0.0,0.0
2009,BA,B68,Thiacloprid,292,0,292,0,0,0,1.0,292,0.0,8.0,8.0,0.0,1.0,0.0,0.0,0.0,0.0
2009,BA,B68,Thiacloprid,292,0,292,0,0,0,2.0,292,0.0,8.0,8.0,0.0,1.0,0.0,0.0,0.0,0.0
2009,BA,B68,Thiacloprid,292,0,292,0,0,0,5.0,292,0.0,8.0,8.0,0.0,1.0,0.0,0.0,0.0,0.0
2009,BA,B68,Thiacloprid,292,0,292,0,0,0,10.0,292,0.0,8.0,8.0,0.0,1.0,0.0,0.0,0.0,0.0
2009,BA,B68,Thiacloprid,292,0,292,0,0,0,inf,292,0.0,8.0,8.0,0.0,1.0,0.0,0.0,0.0,0.0
2009,BA,B75,Boscalid,292,0,292,0,0,0,1.0,292,0.0,12.0,12.0,0.0,1.0,0.0,1.0,0.0,0.0
2009,BA,B75,Boscalid,292,0,292,0,0,0,2.0,292,0.0,12.0,12.0,0.0,1.0,0.0,1.0,0.0,0.0
2009,BA,B75,Boscalid,292,0,292,0,0,0,5.0,292,0.0,12.0,12.0,0.0,1.0,0.0,1.0,0.0,0.0
2009,BA,B75,Boscalid,292,0,292,0,0,0,10.0,292,0.0,12.0,12.0,0.0,1.0,0.0,1.0,0.0,0.0
2009,BA,B75,Boscalid,292,0,292,0,0,0,inf,292,0.0,12.0,12.0,0.0,1.0,0.0,1.0,0.0,0.0
2009,BA,B79,Trifloxystrobin,292,0,292,0,0,0,1.0,292,0.0,4.0,4.0,0.0,1.0,0.0,0.0,0.0,0.0
2009,BA,B79,Trifloxystrobin,292,0,292,0,0,0,2.0,292,0.0,4.0,4.0,0.0,1.0,0.0,0.0,0.0,0.0
2009,BA,B79,Trifloxystrobin,292,0,292,0,0,0,5.0,292,0.0,4.0,4.0,0.0,1.0,0.0,0.0,0.0,0.0
2009,BA,B79,Trifloxystrobin,292,0,292,0,0,0,10.0,292,0.0,4.0,4.0,0.0,1.0,0.0,0.0,0.0,0.0
2009,BA,B79,Trifloxystrobin,292,0,292,0,0,0,inf,292,0.0,4.0,4.0,0.0,1.0,0.0,0.0,0.0,0.0
2009,BA,B80,Acetamiprid,292,0,292,0,0,0,1.0,292,0.0,60.0,60.0,0.0,1.0,0.0,1.0,0.0,1.0
2009,BA,B80,Acetamiprid,292,0,292,0,0,0,2.0,292,0.0,60.0,60.0,0.0,1.0,0.0,1.0,0.0,1.0
2009,BA,B80,Acetamiprid,292,0,292,0,0,0,5.0,292,0.0,60.0,60.0,0.0,1.0,0.0,1.0,0.0,1.0
2009,BA,B80,Acetamiprid,292,0,292,0,0,0,10.0,292,0.0,60.0,60.0,0.0,1.0,0.0,1.0,0.0,1.0
2009,BA,B80,Acetamiprid,292,0,292,0,0,0,inf,292,0.0,60.0,60.0,0.0,1.0,0.0,1.0,0.0,1.0
2009,BA,B82,Bifenazate,292,0,292,0,0,0,1.0,292,0.0,40.0,40.0,0.0,1.0,0.0,1.0,0.0,1.0
2009,BA,B82,Bifenazate,292,0,292,0,0,0,2.0,292,0.0,40.0,40.0,0.0,1.0,0.0,1.0,0.0,1.0
2009,BA,B82,Bifenazate,292,0,292,0,0,0,5.0,292,0.0,40.0,40.0,0.0,1.0,0.0,1.0,0.0,1.0
2009,BA,B82,Bifenazate,292,0,292,0,0,0,10.0,292,0.0,40.0,40.0,0.0,1.0,0.0,1.0,0.0,1.0
2009,BA,B82,Bifenazate,292,0,292,0,0,0,inf,292,0.0,40.0,40.0,0.0,1.0,0.0,1.0,0.0,1.0
2009,BA,B85,Spirodiclofen,292,0,292,0,0,0,1.0,292,0.0,2.0,2.0,0.0,0.0,0.0,0.0,0.0,0.0
2009,BA,B85,Spirodiclofen,292,0,292,0,0,0,2.0,292,0.0,2.0,2.0,0.0,0.0,0.0,0.0,0.0,0.0
2009,BA,B85,Spirodiclofen,292,0,292,0,0,0,5.0,292,0.0,2.0,2.0,0.0,0.0,0.0,0.0,0.0,0.0
2009,BA,B85,Spirodiclofen,292,0,292,0,0,0,10.0,292,0.0,2.0,2.0,0.0,0.0,0.0,0.0,0.0,0.0
2009,BA,B85,Spirodiclofen,292,0,292,0,0,0,inf,292,0.0,2.0,2.0,0.0,0.0,0.0,0.0,0.0,0.0
2009,BM,001,Aldrin,292,0,292,0,0,0,1.0,292,0.0,20.0,20.0,0.0,1.0,0.0,1.0,0.0,0.0
2009,BM,001,Aldrin,292,0,292,0,0,0,2.0,292,0.0,20.0,20.0,0.0,1.0,0.0,1.0,0.0,0.0
2009,BM,001,Aldrin,292,0,292,0,0,0,5.0,292,0.0,20.0,20.0,0.0,1.0,0.0,1.0,0.0,0.0
2009,BM,001,Aldrin,292,0,292,0,0,0,10.0,292,0.0,20.0,20.0,0.0,1.0,0.0,1.0,0.0,0.0
2009,BM,001,Aldrin,292,0,292,0,0,0,inf,292,0.0,20.0,20.0,0.0,1.0,0.0,1.0,0.0,0.0
2009,BM,002,Allethrin,292,0,292,0,0,0,1.0,292,0.0,20.0,20.0,0.0,1.0,0.0,1.0,0.0,0.0
2009,BM,002,Allethrin,292,0,292,0,0,0,2.0,292,0.0,20.0,20.0,0.0,1.0,0.0,1.0,0.0,0.0
2009,BM,002,Allethrin,292,0,292,0,0,0,5.0,292,0.0,20.0,20.0,0.0,1.0,0.0,1.0,0.0,0.0
2009,BM,002,Allethrin,292,0,292,0,0,0,10.0,292,0.0,20.0,20.0,0.0,1.0,0.0,1.0,0.0,0.0
2009,BM,002,Allethrin,292,0,292,0,0,0,inf,292,0.0,20.0,20.0,0.0,1.0,0.0,1.0,0.0,0.0
2009,BM,011,Captan,292,0,292,0,0,0,1.0,292,0.0,20.0,20.0,0.0,1.0,0.0,1.0,0.0,0.0
2009,BM,011,Captan,292,0,292,0,0,0,2.0,292,0.0,20.0,20.0,0.0,1.0,0.0,1.0,0.0,0.0
2009,BM,011,Captan,292,0,292,0,0,0,5.0,292,0.0,20.0,20.0,0.0,1.0,0.0,1.0,0.0,0.0
2009,BM,011,Captan,292,0,292,0,0,0,10.0,292,0.0,20.0,20.0,0.0,1.0,0.0,1.0,0.0,0.0
2009,BM,011,Captan,292,0,292,0,0,0,inf,292,0.0,20.0,20.0,0.0,1.0,0.0,1.0,0.0,0.0
2009,BM,024,Diazinon,292,0,292,0,0,0,1.0,292,0.0,4.0,4.0,0.0,1.0,0.0,0.0,0.0,0.0
2009,BM,024,Diazinon,292,0,292,0,0,0,2.0,292,0.0,4.0,4.0,0.0,1.0,0.0,0.0,0.0,0.0
2009,BM,024,Diazinon,292,0,292,0,0,0,5.0,292,0.0,4.0,4.0,0.0,1.0,0.0,0.0,0.0,0.0
2009,BM,024,Diazinon,292,0,292,0,0,0,10.0,292,0.0,4.0,4.0,0.0,1.0,0.0,0.0,0.0,0.0
2009,BM,024,Diazinon,292,0,292,0,0,0,inf,292,0.0,4.0,4.0,0.0,1.0,0.0,0.0,0.0,0.0
2009,BM,028,Dieldrin,292,0,292,0,0,0,1.0,292,0.0,20.0,20.0,0.0,1.0,0.0,1.0,0.0,0.0
2009,BM,028,Dieldrin,292,0,292,0,0,0,2.0,292,0.0,20.0,20.0,0.0,1.0,0.0,1.0,0.0,0.0
2009,BM,028,Dieldrin,292,0,292,0,0,0,5.0,292,0.0,20.0,20.0,0.0,1.0,0.0,1.0,0.0,0.0
2009,BM,028,Dieldrin,292,0,292,0,0,0,10.0,292,0.0,20.0,20.0,0.0,1.0,0.0,1.0,0.0,0.0
2009,BM,028,Dieldrin,292,0,292,0,0,0,inf,292,0.0,20.0,20.0,0.0,1.0,0.0,1.0,0.0,0.0
2009,BM,032,Diuron,292,0,292,0,0,0,1.0,292,0.0,60.0,60.0,0.0,1.0,0.0,1.0,0.0,1.0
2009,BM,032,Diuron,292,0,292,0,0,0,2.0,292,0.0,60.0,60.0,0.0,1.0,0.0,1.0,0.0,1.0
2009,BM,032,Diuron,292,0,292,0,0,0,5.0,292,0.0,60.0,60.0,0.0,1.0,0.0,1.0,0.0,1.0
2009,BM,032,Diuron,292,0,292,0,0,0,10.0,292,0.0,60.0,60.0,0.0,1.0,0.0,1.0,0.0,1.0
2009,BM,032,Diuron,292,0,292,0,0,0,inf,292,0.0,60.0,60.0,0.0,1.0,0.0,1.0,0.0,1.0
2009,BM,034,Endrin,292,0,292,0,0,0,1.0,292,0.0,20.0,20.0,0.0,1.0,0.0,1.0,0.0,0.0
2009,BM,034,Endrin,292,0,292,0,0,0,2.0,292,0.0,20.0,20.0,0.0,1.0,0.0,1.0,0.0,0.0
2009,BM,034,Endrin,292,0,292,0,0,0,5.0,292,0.0,20.0,20.0,0.0,1.0,0.0,1.0,0.0,0.0
2009,BM,034,Endrin,292,0,292,0,0,0,10.0,292,0.0,20.0,20.0,0.0,1.0,0.0,1.0,0.0,0.0
2009,BM,034,Endrin,292,0,292,0,0,0,inf,292,0.0,20.0,20.0,0.0,1.0,0.0,1.0,0.0,0.0
2009,BM,042,Azinphos methyl,292,0,292,0,0,0,1.0,292,0.0,8.0,8.0,0.0,1.0,0.0,0.0,0.0,0.0
2009,BM,042,Azinphos methyl,292,0,292,0,0,0,2.0,292,0.0,8.0,8.0,0.0,1.0,0.0,0.0,0.0,0.0
2009,BM,042,Azinphos methyl,292,0,292,0,0,0,5.0,292,0.0,8.0,8.0,0.0,1.0,0.0,0.0,0.0,0.0
2009,BM,042,Azinphos methyl,292,0,292,0,0,0,10.0,292,0.0,8.0,8.0,0.0,1.0,0.0,0.0,0.0,0.0
2009,BM,042,Azinphos methyl,292,0,292,0,0,0,inf,292,0.0,8.0,8.0,0.0,1.0,0.0,0.0,0.0,0.0
2009,BM,044,Heptachlor,292,0,292,0,0,0,1.0,292,0.0,20.0,20.0,0.0,1.0,0.0,1.0,0.0,0.0
2009,BM,044,Heptachlor,292,0,292,0,0,0,2.0,292,0.0,20.0,20.0,0.0,1.0,0.0,1.0,0.0,0.0
2009,BM,044,Heptachlor,292,0,292,0,0,0,5.0,292,0.0,20.0,20.0,0.0,1.0,0.0,1.0,0.0,0.0
2009,BM,044,Heptachlor,292,0,292,0,0,0,10.0,292,0.0,20.0,20.0,0.0,1.0,0.0,1.0,0.0,0.0
2009,BM,044,Heptachlor,292,0,292,0,0,0,inf,292,0.0,20.0,20.0,0.0,1.0,0.0,1.0,0.0,0.0
2009,BM,050,Lindane (BHC gamma),292,0,292,0,0,0,1.0,292,0.0,8.0,8.0,0.0,1.0,0.0,0.0,0.0,0.0
2009,BM,050,Lindane (BHC gamma),292,0,292,0,0,0,2.0,292,0.0,8.0,8.0,0.0,1.0,0.0,0.0,0.0,0.0
2009,BM,050,Lindane (BHC gamma),292,0,292,0,0,0,5.0,292,0.0,8.0,8.0,0.0,1.0,0.0,0.0,0.0,0.0
2009,BM,050,Lindane (BHC gamma),292,0,292,0,0,0,10.0,292,0.0,8.0,8.0,0.0,1.0,0.0,0.0,0.0,0.0
2009,BM,050,Lindane (BHC gamma),292,0,292,0,0,0,inf,292,0.0,8.0,8.0,0.0,1.0,0.0,0.0,0.0,0.0
2009,BM,052,Malathion,292,0,292,0,0,0,1.0,292,0.0,4.0,4.0,0.0,1.0,0.0,0.0,0.0,0.0
2009,BM,052,Malathion,292,0,292,0,0,0,2.0,292,0.0,4.0,4.0,0.0,1.0,0.0,0.0,0.0,0.0
2009,BM,052,Malathion,292,0,292,0,0,0,5.0,292,0.0,4.0,4.0,0.0,1.0,0.0,0.0,0.0,0.0
2009,BM,052,Malathion,292,0,292,0,0,0,10.0,292,0.0,4.0,4.0,0.0,1.0,0.0,0.0,0.0,0.0
2009,BM,052,Malathion,292,0,292,0,0,0,inf,292,0.0,4.0,4.0,0.0,1.0,0.0,0.0,0.0,0.0
2009,BM,057,Parathion methyl,292,0,292,0,0,0,1.0,292,0.0,4.0,4.0,0.0,1.0,0.0,0.0,0.0,0.0
2009,BM,057,Parathion methyl,292,0,292,0,0,0,2.0,292,0.0,4.0,4.0,0.0,1.0,0.0,0.0,0.0,0.0
2009,BM,057,Parathion methyl,292,0,292,0,0,0,5.0,292,0.0,4.0,4.0,0.0,1.0,0.0,0.0,0.0,0.0
2009,BM,057,Parathion methyl,292,0,292,0,0,0,10.0,292,0.0,4.0,4.0,0.0,1.0,0.0,0.0,0.0,0.0
2009,BM,057,Parathion methyl,292,0,292,0,0,0,inf,292,0.0,4.0,4.0,0.0,1.0,0.0,0.0,0.0,0.0
2009,BM,058,MGK-264,292,0,292,0,0,0,1.0,292,0.0,20.0,20.0,0.0,1.0,0.0,1.0,0.0,0.0
2009,BM,058,MGK-264,292,0,292,0,0,0,2.0,292,0.0,20.0,20.0,0.0,1.0,0.0,1.0,0.0,0.0
2009,BM,058,MGK-264,292,0,292,0,0,0,5.0,292,0.0,20.0,20.0,0.0,1.0,0.0,1.0,0.0,0.0
2009,BM,058,MGK-264,292,0,292,0,0,0,10.0,292,0.0,20.0,20.0,0.0,1.0,0.0,1.0,0.0,0.0
2009,BM,058,MGK-264,292,0,292,0,0,0,inf,292,0.0,20.0,20.0,0.0,1.0,0.0,1.0,0.0,0.0
2009,BM,065,Parathion ethyl,292,0,292,0,0,0,1.0,292,0.0,8.0,8.0,0.0,1.0,0.0,0.0,0.0,0.0
2009,BM,065,Parathion ethyl,292,0,292,0,0,0,2.0,292,0.0,8.0,8.0,0.0,1.0,0.0,0.0,0.0,0.0
2009,BM,065,Parathion ethyl,292,0,292,0,0,0,5.0,292,0.0,8.0,8.0,0.0,1.0,0.0,0.0,0.0,0.0
2009,BM,065,Parathion ethyl,292,0,292,0,0,0,10.0,292,0.0,8.0,8.0,0.0,1.0,0.0,0.0,0.0,0.0
2009,BM,065,Parathion ethyl,292,0,292,0,0,0,inf,292,0.0,8.0,8.0,0.0,1.0,0.0,0.0,0.0,0.0
2009,BM,070,Piperonyl butoxide,292,0,292,0,0,0,1.0,292,0.0,8.0,8.0,0.0,1.0,0.0,0.0,0.0,0.0
2009,BM,070,Piperonyl butoxide,292,0,292,0,0,0,2.0,292,0.0,8.0,8.0,0.0,1.0,0.0,0.0,0.0,0.0
2009,BM,070,Piperonyl butoxide,292,0,292,0,0,0,5.0,292,0.0,8.0,8.0,0.0,1.0,0.0,0.0,0.0,0.0
2009,BM,070,Piperonyl butoxide,292,0,292,0,0,0,10.0,292,0.0,8.0,8.0,0.0,1.0,0.0,0.0,0.0,0.0
2009,BM,070,Piperonyl butoxide,292,0,292,0,0,0,inf,292,0.0,8.0,8.0,0.0,1.0,0.0,0.0,0.0,0.0
2009,BM,075,Pyrethrins,292,0,292,0,0,0,1.0,292,0.0,40.0,40.0,0.0,1.0,0.0,1.0,0.0,1.0
2009,BM,075,Pyrethrins,292,0,292,0,0,0,2.0,292,0.0,40.0,40.0,0.0,1.0,0.0,1.0,0.0,1.0
2009,BM,075,Pyrethrins,292,0,292,0,0,0,5.0,292,0.0,40.0,40.0,0.0,1.0,0.0,1.0,0.0,1.0
2009,BM,075,Pyrethrins,292,0,292,0,0,0,10.0,292,0.0,40.0,40.0,0.0,1.0,0.0,1.0,0.0,1.0
2009,BM,075,Pyrethrins,292,0,292,0,0,0,inf,292,0.0,40.0,40.0,0.0,1.0,0.0,1.0,0.0,1.0
2009,BM,102,Carbaryl,292,0,292,0,0,0,1.0,292,0.0,20.0,20.0,0.0,1.0,0.0,1.0,0.0,0.0
2009,BM,102,Carbaryl,292,0,292,0,0,0,2.0,292,0.0,20.0,20.0,0.0,1.0,0.0,1.0,0.0,0.0
2009,BM,102,Carbaryl,292,0,292,0,0,0,5.0,292,0.0,20.0,20.0,0.0,1.0,0.0,1.0,0.0,0.0
2009,BM,102,Carbaryl,292,0,292,0,0,0,10.0,292,0.0,20.0,20.0,0.0,1.0,0.0,1.0,0.0,0.0
2009,BM,102,Carbaryl,292,0,292,0,0,0,inf,292,0.0,20.0,20.0,0.0,1.0,0.0,1.0,0.0,0.0
2009,BM,107,Ethion,292,0,292,0,0,0,1.0,292,0.0,20.0,20.0,0.0,1.0,0.0,1.0,0.0,0.0
2009,BM,107,Ethion,292,0,292,0,0,0,2.0,292,0.0,20.0,20.0,0.0,1.0,0.0,1.0,0.0,0.0
2009,BM,107,Ethion,292,0,292,0,0,0,5.0,292,0.0,20.0,20.0,0.0,1.0,0.0,1.0,0.0,0.0
2009,BM,107,Ethion,292,0,292,0,0,0,10.0,292,0.0,20.0,20.0,0.0,1.0,0.0,1.0,0.0,0.0
2009,BM,107,Ethion,292,0,292,0,0,0,inf,292,0.0,20.0,20.0,0.0,1.0,0.0,1.0,0.0,0.0
2009,BM,114,Chlorpropham,292,0,292,0,0,0,1.0,292,0.0,40.0,40.0,0.0,1.0,0.0,1.0,0.0,1.0
2009,BM,114,Chlorpropham,292,0,292,0,0,0,2.0,292,0.0,40.0,40.0,0.0,1.0,0.0,1.0,0.0,1.0
2009,BM,114,Chlorpropham,292,0,292,0,0,0,5.0,292,0.0,40.0,40.0,0.0,1.0,0.0,1.0,0.0,1.0
2009,BM,114,Chlorpropham,292,0,292,0,0,0,10.0,292,0.0,40.0,40.0,0.0,1.0,0.0,1.0,0.0,1.0
2009,BM,114,Chlorpropham,292,0,292,0,0,0,inf,292,0.0,40.0,40.0,0.0,1.0,0.0,1.0,0.0,1.0
2009,BM,124,Coumaphos,292,0,292,0,0,0,1.0,292,0.0,3.3835616438356166,3.3835616438356166,0.0,0.7945205479452054,0.0,0.0,0.0,0.0
2009,BM,124,Coumaphos,292,0,292,0,0,0,2.0,292,0.0,3.3835616438356166,3.3835616438356166,0.0,0.7945205479452054,0.0,0.0,0.0,0.0
2009,BM,124,Coumaphos,292,0,292,0,0,0,5.0,292,0.0,3.3835616438356166,3.3835616438356166,0.0,0.7945205479452054,0.0,0.0,0.0,0.0
2009,BM,124,Coumaphos,292,0,292,0,0,0,10.0,292,0.0,3.3835616438356166,3.3835616438356166,0.0,0.7945205479452054,0.0,0.0,0.0,0.0
2009,BM,124,Coumaphos,292,0,292,0,0,0,inf,292,0.0,3.3835616438356166,3.3835616438356166,0.0,0.7945205479452054,0.0,0.0,0.0,0.0
2009,BM,125,Diphenylamine (DPA),292,287,0,5,0,0,1.0,292,0.05136986301369863,2.017123287671233,1.965753424657534,0.017123287671232876,0.017123287671232876,0.0,0.0,0.0,0.0
2009,BM,125,Diphenylamine (DPA),292,287,0,5,0,0,2.0,292,0.05136986301369863,3.982876712328767,3.9315068493150687,0.017123287671232876,1.0,0.0,0.0,0.0,0.0
2009,BM,125,Diphenylamine (DPA),292,287,0,5,0,0,5.0,292,0.05136986301369863,9.88013698630137,9.82876712328767,0.017123287671232876,1.0,0.0,0.0,0.0,0.0
2009,BM,125,Diphenylamine (DPA),292,287,0,5,0,0,10.0,292,0.05136986301369863,19.708904109589042,19.657534246575345,0.017123287671232876,1.0,0.0,0.9828767123287672,0.0,0.0
2009,BM,125,Diphenylamine (DPA),292,287,0,5,0,0,inf,292,0.05136986301369863,inf,inf,0.017123287671232876,1.0,0.0,0.9828767123287672,0.0,0.9828767123287672
2009,BM,129,Linuron,292,0,292,0,0,0,1.0,292,0.0,20.0,20.0,0.0,1.0,0.0,1.0,0.0,0.0
2009,BM,129,Linuron,292,0,292,0,0,0,2.0,292,0.0,20.0,20.0,0.0,1.0,0.0,1.0,0.0,0.0
2009,BM,129,Linuron,292,0,292,0,0,0,5.0,292,0.0,20.0,20.0,0.0,1.0,0.0,1.0,0.0,0.0
2009,BM,129,Linuron,292,0,292,0,0,0,10.0,292,0.0,20.0,20.0,0.0,1.0,0.0,1.0,0.0,0.0
2009,BM,129,Linuron,292,0,292,0,0,0,inf,292,0.0,20.0,20.0,0.0,1.0,0.0,1.0,0.0,0.0
2009,BM,143,Heptachlor epoxide,292,0,292,0,0,0,1.0,292,0.0,20.0,20.0,0.0,1.0,0.0,1.0,0.0,0.0
2009,BM,143,Heptachlor epoxide,292,0,292,0,0,0,2.0,292,0.0,20.0,20.0,0.0,1.0,0.0,1.0,0.0,0.0
2009,BM,143,Heptachlor epoxide,292,0,292,0,0,0,5.0,292,0.0,20.0,20.0,0.0,1.0,0.0,1.0,0.0,0.0
2009,BM,143,Heptachlor epoxide,292,0,292,0,0,0,10.0,292,0.0,20.0,20.0,0.0,1.0,0.0,1.0,0.0,0.0
2009,BM,143,Heptachlor epoxide,292,0,292,0,0,0,inf,292,0.0,20.0,20.0,0.0,1.0,0.0,1.0,0.0,0.0
2009,BM,148,Phorate,292,0,292,0,0,0,1.0,292,0.0,12.0,12.0,0.0,1.0,0.0,1.0,0.0,0.0
2009,BM,148,Phorate,292,0,292,0,0,0,2.0,292,0.0,12.0,12.0,0.0,1.0,0.0,1.0,0.0,0.0
2009,BM,148,Phorate,292,0,292,0,0,0,5.0,292,0.0,12.0,12.0,0.0,1.0,0.0,1.0,0.0,0.0
2009,BM,148,Phorate,292,0,292,0,0,0,10.0,292,0.0,12.0,12.0,0.0,1.0,0.0,1.0,0.0,0.0
2009,BM,148,Phorate,292,0,292,0,0,0,inf,292,0.0,12.0,12.0,0.0,1.0,0.0,1.0,0.0,0.0
2009,BM,149,Simazine,292,0,292,0,0,0,1.0,292,0.0,12.0,12.0,0.0,1.0,0.0,1.0,0.0,0.0
2009,BM,149,Simazine,292,0,292,0,0,0,2.0,292,0.0,12.0,12.0,0.0,1.0,0.0,1.0,0.0,0.0
2009,BM,149,Simazine,292,0,292,0,0,0,5.0,292,0.0,12.0,12.0,0.0,1.0,0.0,1.0,0.0,0.0
2009,BM,149,Simazine,292,0,292,0,0,0,10.0,292,0.0,12.0,12.0,0.0,1.0,0.0,1.0,0.0,0.0
2009,BM,149,Simazine,292,0,292,0,0,0,inf,292,0.0,12.0,12.0,0.0,1.0,0.0,1.0,0.0,0.0
2009,BM,151,Trifluralin,292,0,292,0,0,0,1.0,292,0.0,1.0,1.0,0.0,0.0,0.0,0.0,0.0,0.0
2009,BM,151,Trifluralin,292,0,292,0,0,0,2.0,292,0.0,1.0,1.0,0.0,0.0,0.0,0.0,0.0,0.0
2009,BM,151,Trifluralin,292,0,292,0,0,0,5.0,292,0.0,1.0,1.0,0.0,0.0,0.0,0.0,0.0,0.0
2009,BM,151,Trifluralin,292,0,292,0,0,0,10.0,292,0.0,1.0,1.0,0.0,0.0,0.0,0.0,0.0,0.0
2009,BM,151,Trifluralin,292,0,292,0,0,0,inf,292,0.0,1.0,1.0,0.0,0.0,0.0,0.0,0.0,0.0
2009,BM,159,Methomyl,292,0,292,0,0,0,1.0,292,0.0,24.0,24.0,0.0,1.0,0.0,1.0,0.0,1.0
2009,BM,159,Methomyl,292,0,292,0,0,0,2.0,292,0.0,24.0,24.0,0.0,1.0,0.0,1.0,0.0,1.0
2009,BM,159,Methomyl,292,0,292,0,0,0,5.0,292,0.0,24.0,24.0,0.0,1.0,0.0,1.0,0.0,1.0
2009,BM,159,Methomyl,292,0,292,0,0,0,10.0,292,0.0,24.0,24.0,0.0,1.0,0.0,1.0,0.0,1.0
2009,BM,159,Methomyl,292,0,292,0,0,0,inf,292,0.0,24.0,24.0,0.0,1.0,0.0,1.0,0.0,1.0
2009,BM,160,Chlorpyrifos,292,0,292,0,0,0,1.0,292,0.0,1.0,1.0,0.0,0.0,0.0,0.0,0.0,0.0
2009,BM,160,Chlorpyrifos,292,0,292,0,0,0,2.0,292,0.0,1.0,1.0,0.0,0.0,0.0,0.0,0.0,0.0
2009,BM,160,Chlorpyrifos,292,0,292,0,0,0,5.0,292,0.0,1.0,1.0,0.0,0.0,0.0,0.0,0.0,0.0
2009,BM,160,Chlorpyrifos,292,0,292,0,0,0,10.0,292,0.0,1.0,1.0,0.0,0.0,0.0,0.0,0.0,0.0
2009,BM,160,Chlorpyrifos,292,0,292,0,0,0,inf,292,0.0,1.0,1.0,0.0,0.0,0.0,0.0,0.0,0.0
2009,BM,164,Chlorothalonil,292,0,292,0,0,0,1.0,292,0.0,8.0,8.0,0.0,1.0,0.0,0.0,0.0,0.0
2009,BM,164,Chlorothalonil,292,0,292,0,0,0,2.0,292,0.0,8.0,8.0,0.0,1.0,0.0,0.0,0.0,0.0
2009,BM,164,Chlorothalonil,292,0,292,0,0,0,5.0,292,0.0,8.0,8.0,0.0,1.0,0.0,0.0,0.0,0.0
2009,BM,164,Chlorothalonil,292,0,292,0,0,0,10.0,292,0.0,8.0,8.0,0.0,1.0,0.0,0.0,0.0,0.0
2009,BM,164,Chlorothalonil,292,0,292,0,0,0,inf,292,0.0,8.0,8.0,0.0,1.0,0.0,0.0,0.0,0.0
2009,BM,165,Phosmet,292,0,292,0,0,0,1.0,292,0.0,12.0,12.0,0.0,1.0,0.0,1.0,0.0,0.0
2009,BM,165,Phosmet,292,0,292,0,0,0,2.0,292,0.0,12.0,12.0,0.0,1.0,0.0,1.0,0.0,0.0
2009,BM,165,Phosmet,292,0,292,0,0,0,5.0,292,0.0,12.0,12.0,0.0,1.0,0.0,1.0,0.0,0.0
2009,BM,165,Phosmet,292,0,292,0,0,0,10.0,292,0.0,12.0,12.0,0.0,1.0,0.0,1.0,0.0,0.0
2009,BM,165,Phosmet,292,0,292,0,0,0,inf,292,0.0,12.0,12.0,0.0,1.0,0.0,1.0,0.0,0.0
2009,BM,166,Phosalone,292,0,292,0,0,0,1.0,292,0.0,12.0,12.0,0.0,1.0,0.0,1.0,0.0,0.0
2009,BM,166,Phosalone,292,0,292,0,0,0,2.0,292,0.0,12.0,12.0,0.0,1.0,0.0,1.0,0.0,0.0
2009,BM,166,Phosalone,292,0,292,0,0,0,5.0,292,0.0,12.0,12.0,0.0,1.0,0.0,1.0,0.0,0.0
2009,BM,166,Phosalone,292,0,292,0,0,0,10.0,292,0.0,12.0,12.0,0.0,1.0,0.0,1.0,0.0,0.0
2009,BM,166,Phosalone,292,0,292,0,0,0,inf,292,0.0,12.0,12.0,0.0,1.0,0.0,1.0,0.0,0.0
2009,BM,167,Aldicarb,292,0,292,0,0,0,1.0,292,0.0,100.0,100.0,0.0,1.0,0.0,1.0,0.0,1.0
2009,BM,167,Aldicarb,292,0,292,0,0,0,2.0,292,0.0,100.0,100.0,0.0,1.0,0.0,1.0,0.0,1.0
2009,BM,167,Aldicarb,292,0,292,0,0,0,5.0,292,0.0,100.0,100.0,0.0,1.0,0.0,1.0,0.0,1.0
2009,BM,167,Aldicarb,292,0,292,0,0,0,10.0,292,0.0,100.0,100.0,0.0,1.0,0.0,1.0,0.0,1.0
2009,BM,167,Aldicarb,292,0,292,0,0,0,inf,292,0.0,100.0,100.0,0.0,1.0,0.0,1.0,0.0,1.0
2009,BM,168,Aldicarb sulfone,292,0,292,0,0,0,1.0,292,0.0,40.0,40.0,0.0,1.0,0.0,1.0,0.0,1.0
2009,BM,168,Aldicarb sulfone,292,0,292,0,0,0,2.0,292,0.0,40.0,40.0,0.0,1.0,0.0,1.0,0.0,1.0
2009,BM,168,Aldicarb sulfone,292,0,292,0,0,0,5.0,292,0.0,40.0,40.0,0.0,1.0,0.0,1.0,0.0,1.0
2009,BM,168,Aldicarb sulfone,292,0,292,0,0,0,10.0,292,0.0,40.0,40.0,0.0,1.0,0.0,1.0,0.0,1.0
2009,BM,168,Aldicarb sulfone,292,0,292,0,0,0,inf,292,0.0,40.0,40.0,0.0,1.0,0.0,1.0,0.0,1.0
2009,BM,169,Aldicarb sulfoxide,292,0,292,0,0,0,1.0,292,0.0,800.0,800.0,0.0,1.0,0.0,1.0,0.0,1.0
2009,BM,169,Aldicarb sulfoxide,292,0,292,0,0,0,2.0,292,0.0,800.0,800.0,0.0,1.0,0.0,1.0,0.0,1.0
2009,BM,169,Aldicarb sulfoxide,292,0,292,0,0,0,5.0,292,0.0,800.0,800.0,0.0,1.0,0.0,1.0,0.0,1.0
2009,BM,169,Aldicarb sulfoxide,292,0,292,0,0,0,10.0,292,0.0,800.0,800.0,0.0,1.0,0.0,1.0,0.0,1.0
2009,BM,169,Aldicarb sulfoxide,292,0,292,0,0,0,inf,292,0.0,800.0,800.0,0.0,1.0,0.0,1.0,0.0,1.0
2009,BM,171,Dimethoate,292,0,292,0,0,0,1.0,292,0.0,16.0,16.0,0.0,1.0,0.0,1.0,0.0,0.0
2009,BM,171,Dimethoate,292,0,292,0,0,0,2.0,292,0.0,16.0,16.0,0.0,1.0,0.0,1.0,0.0,0.0
2009,BM,171,Dimethoate,292,0,292,0,0,0,5.0,292,0.0,16.0,16.0,0.0,1.0,0.0,1.0,0.0,0.0
2009,BM,171,Dimethoate,292,0,292,0,0,0,10.0,292,0.0,16.0,16.0,0.0,1.0,0.0,1.0,0.0,0.0
2009,BM,171,Dimethoate,292,0,292,0,0,0,inf,292,0.0,16.0,16.0,0.0,1.0,0.0,1.0,0.0,0.0
2009,BM,172,Chlordane trans,292,0,292,0,0,0,1.0,292,0.0,4.0,4.0,0.0,1.0,0.0,0.0,0.0,0.0
2009,BM,172,Chlordane trans,292,0,292,0,0,0,2.0,292,0.0,4.0,4.0,0.0,1.0,0.0,0.0,0.0,0.0
2009,BM,172,Chlordane trans,292,0,292,0,0,0,5.0,292,0.0,4.0,4.0,0.0,1.0,0.0,0.0,0.0,0.0
2009,BM,172,Chlordane trans,292,0,292,0,0,0,10.0,292,0.0,4.0,4.0,0.0,1.0,0.0,0.0,0.0,0.0
2009,BM,172,Chlordane trans,292,0,292,0,0,0,inf,292,0.0,4.0,4.0,0.0,1.0,0.0,0.0,0.0,0.0
2009,BM,173,Chlordane cis,292,0,292,0,0,0,1.0,292,0.0,4.0,4.0,0.0,1.0,0.0,0.0,0.0,0.0
2009,BM,173,Chlordane cis,292,0,292,0,0,0,2.0,292,0.0,4.0,4.0,0.0,1.0,0.0,0.0,0.0,0.0
2009,BM,173,Chlordane cis,292,0,292,0,0,0,5.0,292,0.0,4.0,4.0,0.0,1.0,0.0,0.0,0.0,0.0
2009,BM,173,Chlordane cis,292,0,292,0,0,0,10.0,292,0.0,4.0,4.0,0.0,1.0,0.0,0.0,0.0,0.0
2009,BM,173,Chlordane cis,292,0,292,0,0,0,inf,292,0.0,4.0,4.0,0.0,1.0,0.0,0.0,0.0,0.0
2009,BM,176,Tetrachlorvinphos,292,0,292,0,0,0,1.0,292,0.0,8.0,8.0,0.0,1.0,0.0,0.0,0.0,0.0
2009,BM,176,Tetrachlorvinphos,292,0,292,0,0,0,2.0,292,0.0,8.0,8.0,0.0,1.0,0.0,0.0,0.0,0.0
2009,BM,176,Tetrachlorvinphos,292,0,292,0,0,0,5.0,292,0.0,8.0,8.0,0.0,1.0,0.0,0.0,0.0,0.0
2009,BM,176,Tetrachlorvinphos,292,0,292,0,0,0,10.0,292,0.0,8.0,8.0,0.0,1.0,0.0,0.0,0.0,0.0
2009,BM,176,Tetrachlorvinphos,292,0,292,0,0,0,inf,292,0.0,8.0,8.0,0.0,1.0,0.0,0.0,0.0,0.0
2009,BM,177,Fenthion,292,0,292,0,0,0,1.0,292,0.0,12.0,12.0,0.0,1.0,0.0,1.0,0.0,0.0
2009,BM,177,Fenthion,292,0,292,0,0,0,2.0,292,0.0,12.0,12.0,0.0,1.0,0.0,1.0,0.0,0.0
2009,BM,177,Fenthion,292,0,292,0,0,0,5.0,292,0.0,12.0,12.0,0.0,1.0,0.0,1.0,0.0,0.0
2009,BM,177,Fenthion,292,0,292,0,0,0,10.0,292,0.0,12.0,12.0,0.0,1.0,0.0,1.0,0.0,0.0
2009,BM,177,Fenthion,292,0,292,0,0,0,inf,292,0.0,12.0,12.0,0.0,1.0,0.0,1.0,0.0,0.0
2009,BM,180,Carbofuran,292,0,292,0,0,0,1.0,292,0.0,8.0,8.0,0.0,1.0,0.0,0.0,0.0,0.0
2009,BM,180,Carbofuran,292,0,292,0,0,0,2.0,292,0.0,8.0,8.0,0.0,1.0,0.0,0.0,0.0,0.0
2009,BM,180,Carbofuran,292,0,292,0,0,0,5.0,292,0.0,8.0,8.0,0.0,1.0,0.0,0.0,0.0,0.0
2009,BM,180,Carbofuran,292,0,292,0,0,0,10.0,292,0.0,8.0,8.0,0.0,1.0,0.0,0.0,0.0,0.0
2009,BM,180,Carbofuran,292,0,292,0,0,0,inf,292,0.0,8.0,8.0,0.0,1.0,0.0,0.0,0.0,0.0
2009,BM,181,Metribuzin,292,0,292,0,0,0,1.0,292,0.0,4.0,4.0,0.0,1.0,0.0,0.0,0.0,0.0
2009,BM,181,Metribuzin,292,0,292,0,0,0,2.0,292,0.0,4.0,4.0,0.0,1.0,0.0,0.0,0.0,0.0
2009,BM,181,Metribuzin,292,0,292,0,0,0,5.0,292,0.0,4.0,4.0,0.0,1.0,0.0,0.0,0.0,0.0
2009,BM,181,Metribuzin,292,0,292,0,0,0,10.0,292,0.0,4.0,4.0,0.0,1.0,0.0,0.0,0.0,0.0
2009,BM,181,Metribuzin,292,0,292,0,0,0,inf,292,0.0,4.0,4.0,0.0,1.0,0.0,0.0,0.0,0.0
2009,BM,191,Benfluralin,292,0,292,0,0,0,1.0,292,0.0,1.0,1.0,0.0,0.0,0.0,0.0,0.0,0.0
2009,BM,191,Benfluralin,292,0,292,0,0,0,2.0,292,0.0,1.0,1.0,0.0,0.0,0.0,0.0,0.0,0.0
2009,BM,191,Benfluralin,292,0,292,0,0,0,5.0,292,0.0,1.0,1.0,0.0,0.0,0.0,0.0,0.0,0.0
2009,BM,191,Benfluralin,292,0,292,0,0,0,10.0,292,0.0,1.0,1.0,0.0,0.0,0.0,0.0,0.0,0.0
2009,BM,191,Benfluralin,292,0,292,0,0,0,inf,292,0.0,1.0,1.0,0.0,0.0,0.0,0.0,0.0,0.0
2009,BM,195,Methiocarb,292,0,292,0,0,0,1.0,292,0.0,4.0,4.0,0.0,1.0,0.0,0.0,0.0,0.0
2009,BM,195,Methiocarb,292,0,292,0,0,0,2.0,292,0.0,4.0,4.0,0.0,1.0,0.0,0.0,0.0,0.0
2009,BM,195,Methiocarb,292,0,292,0,0,0,5.0,292,0.0,4.0,4.0,0.0,1.0,0.0,0.0,0.0,0.0
2009,BM,195,Methiocarb,292,0,292,0,0,0,10.0,292,0.0,4.0,4.0,0.0,1.0,0.0,0.0,0.0,0.0
2009,BM,195,Methiocarb,292,0,292,0,0,0,inf,292,0.0,4.0,4.0,0.0,1.0,0.0,0.0,0.0,0.0
2009,BM,197,Methidathion,292,0,292,0,0,0,1.0,292,0.0,12.0,12.0,0.0,1.0,0.0,1.0,0.0,0.0
2009,BM,197,Methidathion,292,0,292,0,0,0,2.0,292,0.0,12.0,12.0,0.0,1.0,0.0,1.0,0.0,0.0
2009,BM,197,Methidathion,292,0,292,0,0,0,5.0,292,0.0,12.0,12.0,0.0,1.0,0.0,1.0,0.0,0.0
2009,BM,197,Methidathion,292,0,292,0,0,0,10.0,292,0.0,12.0,12.0,0.0,1.0,0.0,1.0,0.0,0.0
2009,BM,197,Methidathion,292,0,292,0,0,0,inf,292,0.0,12.0,12.0,0.0,1.0,0.0,1.0,0.0,0.0
2009,BM,202,Carbophenothion,292,0,292,0,0,0,1.0,292,0.0,4.0,4.0,0.0,1.0,0.0,0.0,0.0,0.0
2009,BM,202,Carbophenothion,292,0,292,0,0,0,2.0,292,0.0,4.0,4.0,0.0,1.0,0.0,0.0,0.0,0.0
2009,BM,202,Carbophenothion,292,0,292,0,0,0,5.0,292,0.0,4.0,4.0,0.0,1.0,0.0,0.0,0.0,0.0
2009,BM,202,Carbophenothion,292,0,292,0,0,0,10.0,292,0.0,4.0,4.0,0.0,1.0,0.0,0.0,0.0,0.0
2009,BM,202,Carbophenothion,292,0,292,0,0,0,inf,292,0.0,4.0,4.0,0.0,1.0,0.0,0.0,0.0,0.0
2009,BM,204,Acephate,292,0,292,0,0,0,1.0,292,0.0,200.0,200.0,0.0,1.0,0.0,1.0,0.0,1.0
2009,BM,204,Acephate,292,0,292,0,0,0,2.0,292,0.0,200.0,200.0,0.0,1.0,0.0,1.0,0.0,1.0
2009,BM,204,Acephate,292,0,292,0,0,0,5.0,292,0.0,200.0,200.0,0.0,1.0,0.0,1.0,0.0,1.0
2009,BM,204,Acephate,292,0,292,0,0,0,10.0,292,0.0,200.0,200.0,0.0,1.0,0.0,1.0,0.0,1.0
2009,BM,204,Acephate,292,0,292,0,0,0,inf,292,0.0,200.0,200.0,0.0,1.0,0.0,1.0,0.0,1.0
2009,BM,206,Nonachlor trans,292,0,292,0,0,0,1.0,292,0.0,4.0,4.0,0.0,1.0,0.0,0.0,0.0,0.0
2009,BM,206,Nonachlor trans,292,0,292,0,0,0,2.0,292,0.0,4.0,4.0,0.0,1.0,0.0,0.0,0.0,0.0
2009,BM,206,Nonachlor trans,292,0,292,0,0,0,5.0,292,0.0,4.0,4.0,0.0,1.0,0.0,0.0,0.0,0.0
2009,BM,206,Nonachlor trans,292,0,292,0,0,0,10.0,292,0.0,4.0,4.0,0.0,1.0,0.0,0.0,0.0,0.0
2009,BM,206,Nonachlor trans,292,0,292,0,0,0,inf,292,0.0,4.0,4.0,0.0,1.0,0.0,0.0,0.0,0.0
2009,BM,207,Nonachlor cis,292,0,292,0,0,0,1.0,292,0.0,4.0,4.0,0.0,1.0,0.0,0.0,0.0,0.0
2009,BM,207,Nonachlor cis,292,0,292,0,0,0,2.0,292,0.0,4.0,4.0,0.0,1.0,0.0,0.0,0.0,0.0
2009,BM,207,Nonachlor cis,292,0,292,0,0,0,5.0,292,0.0,4.0,4.0,0.0,1.0,0.0,0.0,0.0,0.0
2009,BM,207,Nonachlor cis,292,0,292,0,0,0,10.0,292,0.0,4.0,4.0,0.0,1.0,0.0,0.0,0.0,0.0
2009,BM,207,Nonachlor cis,292,0,292,0,0,0,inf,292,0.0,4.0,4.0,0.0,1.0,0.0,0.0,0.0,0.0
2009,BM,210,Carboxin,292,0,292,0,0,0,1.0,292,0.0,12.0,12.0,0.0,1.0,0.0,1.0,0.0,0.0
2009,BM,210,Carboxin,292,0,292,0,0,0,2.0,292,0.0,12.0,12.0,0.0,1.0,0.0,1.0,0.0,0.0
2009,BM,210,Carboxin,292,0,292,0,0,0,5.0,292,0.0,12.0,12.0,0.0,1.0,0.0,1.0,0.0,0.0
2009,BM,210,Carboxin,292,0,292,0,0,0,10.0,292,0.0,12.0,12.0,0.0,1.0,0.0,1.0,0.0,0.0
2009,BM,210,Carboxin,292,0,292,0,0,0,inf,292,0.0,12.0,12.0,0.0,1.0,0.0,1.0,0.0,0.0
2009,BM,217,DEF (Tribufos),292,0,292,0,0,0,1.0,292,0.0,4.0,4.0,0.0,1.0,0.0,0.0,0.0,0.0
2009,BM,217,DEF (Tribufos),292,0,292,0,0,0,2.0,292,0.0,4.0,4.0,0.0,1.0,0.0,0.0,0.0,0.0
2009,BM,217,DEF (Tribufos),292,0,292,0,0,0,5.0,292,0.0,4.0,4.0,0.0,1.0,0.0,0.0,0.0,0.0
2009,BM,217,DEF (Tribufos),292,0,292,0,0,0,10.0,292,0.0,4.0,4.0,0.0,1.0,0.0,0.0,0.0,0.0
2009,BM,217,DEF (Tribufos),292,0,292,0,0,0,inf,292,0.0,4.0,4.0,0.0,1.0,0.0,0.0,0.0,0.0
2009,BM,224,Profenofos,292,0,292,0,0,0,1.0,292,0.0,12.0,12.0,0.0,1.0,0.0,1.0,0.0,0.0
2009,BM,224,Profenofos,292,0,292,0,0,0,2.0,292,0.0,12.0,12.0,0.0,1.0,0.0,1.0,0.0,0.0
2009,BM,224,Profenofos,292,0,292,0,0,0,5.0,292,0.0,12.0,12.0,0.0,1.0,0.0,1.0,0.0,0.0
2009,BM,224,Profenofos,292,0,292,0,0,0,10.0,292,0.0,12.0,12.0,0.0,1.0,0.0,1.0,0.0,0.0
2009,BM,224,Profenofos,292,0,292,0,0,0,inf,292,0.0,12.0,12.0,0.0,1.0,0.0,1.0,0.0,0.0
2009,BM,227,Alachlor,292,0,292,0,0,0,1.0,292,0.0,20.0,20.0,0.0,1.0,0.0,1.0,0.0,0.0
2009,BM,227,Alachlor,292,0,292,0,0,0,2.0,292,0.0,20.0,20.0,0.0,1.0,0.0,1.0,0.0,0.0
2009,BM,227,Alachlor,292,0,292,0,0,0,5.0,292,0.0,20.0,20.0,0.0,1.0,0.0,1.0,0.0,0.0
2009,BM,227,Alachlor,292,0,292,0,0,0,10.0,292,0.0,20.0,20.0,0.0,1.0,0.0,1.0,0.0,0.0
2009,BM,227,Alachlor,292,0,292,0,0,0,inf,292,0.0,20.0,20.0,0.0,1.0,0.0,1.0,0.0,0.0
2009,BM,235,Chlorpyrifos methyl,292,0,292,0,0,0,1.0,292,0.0,4.0,4.0,0.0,1.0,0.0,0.0,0.0,0.0
2009,BM,235,Chlorpyrifos methyl,292,0,292,0,0,0,2.0,292,0.0,4.0,4.0,0.0,1.0,0.0,0.0,0.0,0.0
2009,BM,235,Chlorpyrifos methyl,292,0,292,0,0,0,5.0,292,0.0,4.0,4.0,0.0,1.0,0.0,0.0,0.0,0.0
2009,BM,235,Chlorpyrifos methyl,292,0,292,0,0,0,10.0,292,0.0,4.0,4.0,0.0,1.0,0.0,0.0,0.0,0.0
2009,BM,235,Chlorpyrifos methyl,292,0,292,0,0,0,inf,292,0.0,4.0,4.0,0.0,1.0,0.0,0.0,0.0,0.0
2009,BM,254,"Dicofol p,p'",292,0,292,0,0,0,1.0,292,0.0,4.0,4.0,0.0,1.0,0.0,0.0,0.0,0.0
2009,BM,254,"Dicofol p,p'",292,0,292,0,0,0,2.0,292,0.0,4.0,4.0,0.0,1.0,0.0,0.0,0.0,0.0
2009,BM,254,"Dicofol p,p'",292,0,292,0,0,0,5.0,292,0.0,4.0,4.0,0.0,1.0,0.0,0.0,0.0,0.0
2009,BM,254,"Dicofol p,p'",292,0,292,0,0,0,10.0,292,0.0,4.0,4.0,0.0,1.0,0.0,0.0,0.0,0.0
2009,BM,254,"Dicofol p,p'",292,0,292,0,0,0,inf,292,0.0,4.0,4.0,0.0,1.0,0.0,0.0,0.0,0.0
2009,BM,258,Isofenphos,292,0,292,0,0,0,1.0,292,0.0,4.0,4.0,0.0,1.0,0.0,0.0,0.0,0.0
2009,BM,258,Isofenphos,292,0,292,0,0,0,2.0,292,0.0,4.0,4.0,0.0,1.0,0.0,0.0,0.0,0.0
2009,BM,258,Isofenphos,292,0,292,0,0,0,5.0,292,0.0,4.0,4.0,0.0,1.0,0.0,0.0,0.0,0.0
2009,BM,258,Isofenphos,292,0,292,0,0,0,10.0,292,0.0,4.0,4.0,0.0,1.0,0.0,0.0,0.0,0.0
2009,BM,258,Isofenphos,292,0,292,0,0,0,inf,292,0.0,4.0,4.0,0.0,1.0,0.0,0.0,0.0,0.0
2009,BM,271,Fenarimol,292,0,292,0,0,0,1.0,292,0.0,2.0,2.0,0.0,0.0,0.0,0.0,0.0,0.0
2009,BM,271,Fenarimol,292,0,292,0,0,0,2.0,292,0.0,2.0,2.0,0.0,0.0,0.0,0.0,0.0,0.0
2009,BM,271,Fenarimol,292,0,292,0,0,0,5.0,292,0.0,2.0,2.0,0.0,0.0,0.0,0.0,0.0,0.0
2009,BM,271,Fenarimol,292,0,292,0,0,0,10.0,292,0.0,2.0,2.0,0.0,0.0,0.0,0.0,0.0,0.0
2009,BM,271,Fenarimol,292,0,292,0,0,0,inf,292,0.0,2.0,2.0,0.0,0.0,0.0,0.0,0.0,0.0
2009,BM,283,Metolachlor,292,0,292,0,0,0,1.0,292,0.0,8.0,8.0,0.0,1.0,0.0,0.0,0.0,0.0
2009,BM,283,Metolachlor,292,0,292,0,0,0,2.0,292,0.0,8.0,8.0,0.0,1.0,0.0,0.0,0.0,0.0
2009,BM,283,Metolachlor,292,0,292,0,0,0,5.0,292,0.0,8.0,8.0,0.0,1.0,0.0,0.0,0.0,0.0
2009,BM,283,Metolachlor,292,0,292,0,0,0,10.0,292,0.0,8.0,8.0,0.0,1.0,0.0,0.0,0.0,0.0
2009,BM,283,Metolachlor,292,0,292,0,0,0,inf,292,0.0,8.0,8.0,0.0,1.0,0.0,0.0,0.0,0.0
2009,BM,292,Fluazifop butyl,292,0,292,0,0,0,1.0,292,0.0,2.0,2.0,0.0,0.0,0.0,0.0,0.0,0.0
2009,BM,292,Fluazifop butyl,292,0,292,0,0,0,2.0,292,0.0,2.0,2.0,0.0,0.0,0.0,0.0,0.0,0.0
2009,BM,292,Fluazifop butyl,292,0,292,0,0,0,5.0,292,0.0,2.0,2.0,0.0,0.0,0.0,0.0,0.0,0.0
2009,BM,292,Fluazifop butyl,292,0,292,0,0,0,10.0,292,0.0,2.0,2.0,0.0,0.0,0.0,0.0,0.0,0.0
2009,BM,292,Fluazifop butyl,292,0,292,0,0,0,inf,292,0.0,2.0,2.0,0.0,0.0,0.0,0.0,0.0,0.0
2009,BM,297,Fluvalinate,292,0,292,0,0,0,1.0,292,0.0,4.0,4.0,0.0,1.0,0.0,0.0,0.0,0.0
2009,BM,297,Fluvalinate,292,0,292,0,0,0,2.0,292,0.0,4.0,4.0,0.0,1.0,0.0,0.0,0.0,0.0
2009,BM,297,Fluvalinate,292,0,292,0,0,0,5.0,292,0.0,4.0,4.0,0.0,1.0,0.0,0.0,0.0,0.0
2009,BM,297,Fluvalinate,292,0,292,0,0,0,10.0,292,0.0,4.0,4.0,0.0,1.0,0.0,0.0,0.0,0.0
2009,BM,297,Fluvalinate,292,0,292,0,0,0,inf,292,0.0,4.0,4.0,0.0,1.0,0.0,0.0,0.0,0.0
2009,BM,304,Quintozene (PCNB),292,0,292,0,0,0,1.0,292,0.0,1.0,1.0,0.0,0.0,0.0,0.0,0.0,0.0
2009,BM,304,Quintozene (PCNB),292,0,292,0,0,0,2.0,292,0.0,1.0,1.0,0.0,0.0,0.0,0.0,0.0,0.0
2009,BM,304,Quintozene (PCNB),292,0,292,0,0,0,5.0,292,0.0,1.0,1.0,0.0,0.0,0.0,0.0,0.0,0.0
2009,BM,304,Quintozene (PCNB),292,0,292,0,0,0,10.0,292,0.0,1.0,1.0,0.0,0.0,0.0,0.0,0.0,0.0
2009,BM,304,Quintozene (PCNB),292,0,292,0,0,0,inf,292,0.0,1.0,1.0,0.0,0.0,0.0,0.0,0.0,0.0
2009,BM,305,Atrazine,292,0,292,0,0,0,1.0,292,0.0,8.0,8.0,0.0,1.0,0.0,0.0,0.0,0.0
2009,BM,305,Atrazine,292,0,292,0,0,0,2.0,292,0.0,8.0,8.0,0.0,1.0,0.0,0.0,0.0,0.0
2009,BM,305,Atrazine,292,0,292,0,0,0,5.0,292,0.0,8.0,8.0,0.0,1.0,0.0,0.0,0.0,0.0
2009,BM,305,Atrazine,292,0,292,0,0,0,10.0,292,0.0,8.0,8.0,0.0,1.0,0.0,0.0,0.0,0.0
2009,BM,305,Atrazine,292,0,292,0,0,0,inf,292,0.0,8.0,8.0,0.0,1.0,0.0,0.0,0.0,0.0
2009,BM,321,Hexachlorobenzene (HCB),292,0,292,0,0,0,1.0,292,0.0,1.0,1.0,0.0,0.0,0.0,0.0,0.0,0.0
2009,BM,321,Hexachlorobenzene (HCB),292,0,292,0,0,0,2.0,292,0.0,1.0,1.0,0.0,0.0,0.0,0.0,0.0,0.0
2009,BM,321,Hexachlorobenzene (HCB),292,0,292,0,0,0,5.0,292,0.0,1.0,1.0,0.0,0.0,0.0,0.0,0.0,0.0
2009,BM,321,Hexachlorobenzene (HCB),292,0,292,0,0,0,10.0,292,0.0,1.0,1.0,0.0,0.0,0.0,0.0,0.0,0.0
2009,BM,321,Hexachlorobenzene (HCB),292,0,292,0,0,0,inf,292,0.0,1.0,1.0,0.0,0.0,0.0,0.0,0.0,0.0
2009,BM,338,Dichlorvos (DDVP),292,0,292,0,0,0,1.0,292,0.0,12.0,12.0,0.0,1.0,0.0,1.0,0.0,0.0
2009,BM,338,Dichlorvos (DDVP),292,0,292,0,0,0,2.0,292,0.0,12.0,12.0,0.0,1.0,0.0,1.0,0.0,0.0
2009,BM,338,Dichlorvos (DDVP),292,0,292,0,0,0,5.0,292,0.0,12.0,12.0,0.0,1.0,0.0,1.0,0.0,0.0
2009,BM,338,Dichlorvos (DDVP),292,0,292,0,0,0,10.0,292,0.0,12.0,12.0,0.0,1.0,0.0,1.0,0.0,0.0
2009,BM,338,Dichlorvos (DDVP),292,0,292,0,0,0,inf,292,0.0,12.0,12.0,0.0,1.0,0.0,1.0,0.0,0.0
2009,BM,341,Propanil,292,0,292,0,0,0,1.0,292,0.0,100.0,100.0,0.0,1.0,0.0,1.0,0.0,1.0
2009,BM,341,Propanil,292,0,292,0,0,0,2.0,292,0.0,100.0,100.0,0.0,1.0,0.0,1.0,0.0,1.0
2009,BM,341,Propanil,292,0,292,0,0,0,5.0,292,0.0,100.0,100.0,0.0,1.0,0.0,1.0,0.0,1.0
2009,BM,341,Propanil,292,0,292,0,0,0,10.0,292,0.0,100.0,100.0,0.0,1.0,0.0,1.0,0.0,1.0
2009,BM,341,Propanil,292,0,292,0,0,0,inf,292,0.0,100.0,100.0,0.0,1.0,0.0,1.0,0.0,1.0
2009,BM,351,Pentachloroaniline (PCA),292,0,292,0,0,0,1.0,292,0.0,2.0,2.0,0.0,0.0,0.0,0.0,0.0,0.0
2009,BM,351,Pentachloroaniline (PCA),292,0,292,0,0,0,2.0,292,0.0,2.0,2.0,0.0,0.0,0.0,0.0,0.0,0.0
2009,BM,351,Pentachloroaniline (PCA),292,0,292,0,0,0,5.0,292,0.0,2.0,2.0,0.0,0.0,0.0,0.0,0.0,0.0
2009,BM,351,Pentachloroaniline (PCA),292,0,292,0,0,0,10.0,292,0.0,2.0,2.0,0.0,0.0,0.0,0.0,0.0,0.0
2009,BM,351,Pentachloroaniline (PCA),292,0,292,0,0,0,inf,292,0.0,2.0,2.0,0.0,0.0,0.0,0.0,0.0,0.0
2009,BM,382,1-Naphthol,292,0,292,0,0,0,1.0,292,0.0,12.0,12.0,0.0,1.0,0.0,1.0,0.0,0.0
2009,BM,382,1-Naphthol,292,0,292,0,0,0,2.0,292,0.0,12.0,12.0,0.0,1.0,0.0,1.0,0.0,0.0
2009,BM,382,1-Naphthol,292,0,292,0,0,0,5.0,292,0.0,12.0,12.0,0.0,1.0,0.0,1.0,0.0,0.0
2009,BM,382,1-Naphthol,292,0,292,0,0,0,10.0,292,0.0,12.0,12.0,0.0,1.0,0.0,1.0,0.0,0.0
2009,BM,382,1-Naphthol,292,0,292,0,0,0,inf,292,0.0,12.0,12.0,0.0,1.0,0.0,1.0,0.0,0.0
2009,BM,387,Pentachlorobenzene (PCB),292,0,292,0,0,0,1.0,292,0.0,1.0,1.0,0.0,0.0,0.0,0.0,0.0,0.0
2009,BM,387,Pentachlorobenzene (PCB),292,0,292,0,0,0,2.0,292,0.0,1.0,1.0,0.0,0.0,0.0,0.0,0.0,0.0
2009,BM,387,Pentachlorobenzene (PCB),292,0,292,0,0,0,5.0,292,0.0,1.0,1.0,0.0,0.0,0.0,0.0,0.0,0.0
2009,BM,387,Pentachlorobenzene (PCB),292,0,292,0,0,0,10.0,292,0.0,1.0,1.0,0.0,0.0,0.0,0.0,0.0,0.0
2009,BM,387,Pentachlorobenzene (PCB),292,0,292,0,0,0,inf,292,0.0,1.0,1.0,0.0,0.0,0.0,0.0,0.0,0.0
2009,BM,391,Fenitrothion,292,0,292,0,0,0,1.0,292,0.0,4.0,4.0,0.0,1.0,0.0,0.0,0.0,0.0
2009,BM,391,Fenitrothion,292,0,292,0,0,0,2.0,292,0.0,4.0,4.0,0.0,1.0,0.0,0.0,0.0,0.0
2009,BM,391,Fenitrothion,292,0,292,0,0,0,5.0,292,0.0,4.0,4.0,0.0,1.0,0.0,0.0,0.0,0.0
2009,BM,391,Fenitrothion,292,0,292,0,0,0,10.0,292,0.0,4.0,4.0,0.0,1.0,0.0,0.0,0.0,0.0
2009,BM,391,Fenitrothion,292,0,292,0,0,0,inf,292,0.0,4.0,4.0,0.0,1.0,0.0,0.0,0.0,0.0
2009,BM,512,3-Hydroxycarbofuran,292,0,292,0,0,0,1.0,292,0.0,16.0,16.0,0.0,1.0,0.0,1.0,0.0,0.0
2009,BM,512,3-Hydroxycarbofuran,292,0,292,0,0,0,2.0,292,0.0,16.0,16.0,0.0,1.0,0.0,1.0,0.0,0.0
2009,BM,512,3-Hydroxycarbofuran,292,0,292,0,0,0,5.0,292,0.0,16.0,16.0,0.0,1.0,0.0,1.0,0.0,0.0
2009,BM,512,3-Hydroxycarbofuran,292,0,292,0,0,0,10.0,292,0.0,16.0,16.0,0.0,1.0,0.0,1.0,0.0,0.0
2009,BM,512,3-Hydroxycarbofuran,292,0,292,0,0,0,inf,292,0.0,16.0,16.0,0.0,1.0,0.0,1.0,0.0,0.0
2009,BM,529,Vinclozolin,292,0,292,0,0,0,1.0,292,0.0,2.0,2.0,0.0,0.0,0.0,0.0,0.0,0.0
2009,BM,529,Vinclozolin,292,0,292,0,0,0,2.0,292,0.0,2.0,2.0,0.0,0.0,0.0,0.0,0.0,0.0
2009,BM,529,Vinclozolin,292,0,292,0,0,0,5.0,292,0.0,2.0,2.0,0.0,0.0,0.0,0.0,0.0,0.0
2009,BM,529,Vinclozolin,292,0,292,0,0,0,10.0,292,0.0,2.0,2.0,0.0,0.0,0.0,0.0,0.0,0.0
2009,BM,529,Vinclozolin,292,0,292,0,0,0,inf,292,0.0,2.0,2.0,0.0,0.0,0.0,0.0,0.0,0.0
2009,BM,539,Permethrin Total,292,0,292,0,0,0,1.0,292,0.0,10.0,10.0,0.0,1.0,0.0,0.0,0.0,0.0
2009,BM,539,Permethrin Total,292,0,292,0,0,0,2.0,292,0.0,10.0,10.0,0.0,1.0,0.0,0.0,0.0,0.0
2009,BM,539,Permethrin Total,292,0,292,0,0,0,5.0,292,0.0,10.0,10.0,0.0,1.0,0.0,0.0,0.0,0.0
2009,BM,539,Permethrin Total,292,0,292,0,0,0,10.0,292,0.0,10.0,10.0,0.0,1.0,0.0,0.0,0.0,0.0
2009,BM,539,Permethrin Total,292,0,292,0,0,0,inf,292,0.0,10.0,10.0,0.0,1.0,0.0,0.0,0.0,0.0
2009,BM,540,Pronamide,292,0,292,0,0,0,1.0,292,0.0,4.0,4.0,0.0,1.0,0.0,0.0,0.0,0.0
2009,BM,540,Pronamide,292,0,292,0,0,0,2.0,292,0.0,4.0,4.0,0.0,1.0,0.0,0.0,0.0,0.0
2009,BM,540,Pronamide,292,0,292,0,0,0,5.0,292,0.0,4.0,4.0,0.0,1.0,0.0,0.0,0.0,0.0
2009,BM,540,Pronamide,292,0,292,0,0,0,10.0,292,0.0,4.0,4.0,0.0,1.0,0.0,0.0,0.0,0.0
2009,BM,540,Pronamide,292,0,292,0,0,0,inf,292,0.0,4.0,4.0,0.0,1.0,0.0,0.0,0.0,0.0
2009,BM,556,Resmethrin,292,0,292,0,0,0,1.0,292,0.0,12.0,12.0,0.0,1.0,0.0,1.0,0.0,0.0
2009,BM,556,Resmethrin,292,0,292,0,0,0,2.0,292,0.0,12.0,12.0,0.0,1.0,0.0,1.0,0.0,0.0
2009,BM,556,Resmethrin,292,0,292,0,0,0,5.0,292,0.0,12.0,12.0,0.0,1.0,0.0,1.0,0.0,0.0
2009,BM,556,Resmethrin,292,0,292,0,0,0,10.0,292,0.0,12.0,12.0,0.0,1.0,0.0,1.0,0.0,0.0
2009,BM,556,Resmethrin,292,0,292,0,0,0,inf,292,0.0,12.0,12.0,0.0,1.0,0.0,1.0,0.0,0.0
2009,BM,596,Norflurazon,292,0,292,0,0,0,1.0,292,0.0,8.0,8.0,0.0,1.0,0.0,0.0,0.0,0.0
2009,BM,596,Norflurazon,292,0,292,0,0,0,2.0,292,0.0,8.0,8.0,0.0,1.0,0.0,0.0,0.0,0.0
2009,BM,596,Norflurazon,292,0,292,0,0,0,5.0,292,0.0,8.0,8.0,0.0,1.0,0.0,0.0,0.0,0.0
2009,BM,596,Norflurazon,292,0,292,0,0,0,10.0,292,0.0,8.0,8.0,0.0,1.0,0.0,0.0,0.0,0.0
2009,BM,596,Norflurazon,292,0,292,0,0,0,inf,292,0.0,8.0,8.0,0.0,1.0,0.0,0.0,0.0,0.0
2009,BM,597,Cypermethrin,292,0,292,0,0,0,1.0,292,0.0,4.0,4.0,0.0,1.0,0.0,0.0,0.0,0.0
2009,BM,597,Cypermethrin,292,0,292,0,0,0,2.0,292,0.0,4.0,4.0,0.0,1.0,0.0,0.0,0.0,0.0
2009,BM,597,Cypermethrin,292,0,292,0,0,0,5.0,292,0.0,4.0,4.0,0.0,1.0,0.0,0.0,0.0,0.0
2009,BM,597,Cypermethrin,292,0,292,0,0,0,10.0,292,0.0,4.0,4.0,0.0,1.0,0.0,0.0,0.0,0.0
2009,BM,597,Cypermethrin,292,0,292,0,0,0,inf,292,0.0,4.0,4.0,0.0,1.0,0.0,0.0,0.0,0.0
2009,BM,607,Metalaxyl,292,292,0,0,0,0,1.0,292,0.0,40.0,40.0,0.0,1.0,0.0,1.0,0.0,1.0
2009,BM,607,Metalaxyl,292,292,0,0,0,0,2.0,292,0.0,80.0,80.0,0.0,1.0,0.0,1.0,0.0,1.0
2009,BM,607,Metalaxyl,292,292,0,0,0,0,5.0,292,0.0,200.0,200.0,0.0,1.0,0.0,1.0,0.0,1.0
2009,BM,607,Metalaxyl,292,292,0,0,0,0,10.0,292,0.0,400.0,400.0,0.0,1.0,0.0,1.0,0.0,1.0
2009,BM,607,Metalaxyl,292,292,0,0,0,0,inf,292,0.0,inf,inf,0.0,1.0,0.0,1.0,0.0,1.0
2009,BM,608,Triadimefon,292,0,292,0,0,0,1.0,292,0.0,8.0,8.0,0.0,1.0,0.0,0.0,0.0,0.0
2009,BM,608,Triadimefon,292,0,292,0,0,0,2.0,292,0.0,8.0,8.0,0.0,1.0,0.0,0.0,0.0,0.0
2009,BM,608,Triadimefon,292,0,292,0,0,0,5.0,292,0.0,8.0,8.0,0.0,1.0,0.0,0.0,0.0,0.0
2009,BM,608,Triadimefon,292,0,292,0,0,0,10.0,292,0.0,8.0,8.0,0.0,1.0,0.0,0.0,0.0,0.0
2009,BM,608,Triadimefon,292,0,292,0,0,0,inf,292,0.0,8.0,8.0,0.0,1.0,0.0,0.0,0.0,0.0
2009,BM,609,Sulprofos,292,0,292,0,0,0,1.0,292,0.0,8.0,8.0,0.0,1.0,0.0,0.0,0.0,0.0
2009,BM,609,Sulprofos,292,0,292,0,0,0,2.0,292,0.0,8.0,8.0,0.0,1.0,0.0,0.0,0.0,0.0
2009,BM,609,Sulprofos,292,0,292,0,0,0,5.0,292,0.0,8.0,8.0,0.0,1.0,0.0,0.0,0.0,0.0
2009,BM,609,Sulprofos,292,0,292,0,0,0,10.0,292,0.0,8.0,8.0,0.0,1.0,0.0,0.0,0.0,0.0
2009,BM,609,Sulprofos,292,0,292,0,0,0,inf,292,0.0,8.0,8.0,0.0,1.0,0.0,0.0,0.0,0.0
2009,BM,612,Deltamethrin (includes parent Tralomethrin),292,0,292,0,0,0,1.0,292,0.0,40.0,40.0,0.0,1.0,0.0,1.0,0.0,1.0
2009,BM,612,Deltamethrin (includes parent Tralomethrin),292,0,292,0,0,0,2.0,292,0.0,40.0,40.0,0.0,1.0,0.0,1.0,0.0,1.0
2009,BM,612,Deltamethrin (includes parent Tralomethrin),292,0,292,0,0,0,5.0,292,0.0,40.0,40.0,0.0,1.0,0.0,1.0,0.0,1.0
2009,BM,612,Deltamethrin (includes parent Tralomethrin),292,0,292,0,0,0,10.0,292,0.0,40.0,40.0,0.0,1.0,0.0,1.0,0.0,1.0
2009,BM,612,Deltamethrin (includes parent Tralomethrin),292,0,292,0,0,0,inf,292,0.0,40.0,40.0,0.0,1.0,0.0,1.0,0.0,1.0
2009,BM,623,Propargite,292,0,292,0,0,0,1.0,292,0.0,20.0,20.0,0.0,1.0,0.0,1.0,0.0,0.0
2009,BM,623,Propargite,292,0,292,0,0,0,2.0,292,0.0,20.0,20.0,0.0,1.0,0.0,1.0,0.0,0.0
2009,BM,623,Propargite,292,0,292,0,0,0,5.0,292,0.0,20.0,20.0,0.0,1.0,0.0,1.0,0.0,0.0
2009,BM,623,Propargite,292,0,292,0,0,0,10.0,292,0.0,20.0,20.0,0.0,1.0,0.0,1.0,0.0,0.0
2009,BM,623,Propargite,292,0,292,0,0,0,inf,292,0.0,20.0,20.0,0.0,1.0,0.0,1.0,0.0,0.0
2009,BM,624,Tetrahydrophthalimide (THPI),292,0,292,0,0,0,1.0,292,0.0,12.0,12.0,0.0,1.0,0.0,1.0,0.0,0.0
2009,BM,624,Tetrahydrophthalimide (THPI),292,0,292,0,0,0,2.0,292,0.0,12.0,12.0,0.0,1.0,0.0,1.0,0.0,0.0
2009,BM,624,Tetrahydrophthalimide (THPI),292,0,292,0,0,0,5.0,292,0.0,12.0,12.0,0.0,1.0,0.0,1.0,0.0,0.0
2009,BM,624,Tetrahydrophthalimide (THPI),292,0,292,0,0,0,10.0,292,0.0,12.0,12.0,0.0,1.0,0.0,1.0,0.0,0.0
2009,BM,624,Tetrahydrophthalimide (THPI),292,0,292,0,0,0,inf,292,0.0,12.0,12.0,0.0,1.0,0.0,1.0,0.0,0.0
2009,BM,625,Oxadiazon,292,0,292,0,0,0,1.0,292,0.0,8.0,8.0,0.0,1.0,0.0,0.0,0.0,0.0
2009,BM,625,Oxadiazon,292,0,292,0,0,0,2.0,292,0.0,8.0,8.0,0.0,1.0,0.0,0.0,0.0,0.0
2009,BM,625,Oxadiazon,292,0,292,0,0,0,5.0,292,0.0,8.0,8.0,0.0,1.0,0.0,0.0,0.0,0.0
2009,BM,625,Oxadiazon,292,0,292,0,0,0,10.0,292,0.0,8.0,8.0,0.0,1.0,0.0,0.0,0.0,0.0
2009,BM,625,Oxadiazon,292,0,292,0,0,0,inf,292,0.0,8.0,8.0,0.0,1.0,0.0,0.0,0.0,0.0
2009,BM,626,Iprodione,292,0,292,0,0,0,1.0,292,0.0,20.0,20.0,0.0,1.0,0.0,1.0,0.0,0.0
2009,BM,626,Iprodione,292,0,292,0,0,0,2.0,292,0.0,20.0,20.0,0.0,1.0,0.0,1.0,0.0,0.0
2009,BM,626,Iprodione,292,0,292,0,0,0,5.0,292,0.0,20.0,20.0,0.0,1.0,0.0,1.0,0.0,0.0
2009,BM,626,Iprodione,292,0,292,0,0,0,10.0,292,0.0,20.0,20.0,0.0,1.0,0.0,1.0,0.0,0.0
2009,BM,626,Iprodione,292,0,292,0,0,0,inf,292,0.0,20.0,20.0,0.0,1.0,0.0,1.0,0.0,0.0
2009,BM,651,Diflubenzuron,292,0,292,0,0,0,1.0,292,0.0,50.0,50.0,0.0,1.0,0.0,1.0,0.0,1.0
2009,BM,651,Diflubenzuron,292,0,292,0,0,0,2.0,292,0.0,50.0,50.0,0.0,1.0,0.0,1.0,0.0,1.0
2009,BM,651,Diflubenzuron,292,0,292,0,0,0,5.0,292,0.0,50.0,50.0,0.0,1.0,0.0,1.0,0.0,1.0
2009,BM,651,Diflubenzuron,292,0,292,0,0,0,10.0,292,0.0,50.0,50.0,0.0,1.0,0.0,1.0,0.0,1.0
2009,BM,651,Diflubenzuron,292,0,292,0,0,0,inf,292,0.0,50.0,50.0,0.0,1.0,0.0,1.0,0.0,1.0
2009,BM,675,Propachlor,292,0,292,0,0,0,1.0,292,0.0,12.0,12.0,0.0,1.0,0.0,1.0,0.0,0.0
2009,BM,675,Propachlor,292,0,292,0,0,0,2.0,292,0.0,12.0,12.0,0.0,1.0,0.0,1.0,0.0,0.0
2009,BM,675,Propachlor,292,0,292,0,0,0,5.0,292,0.0,12.0,12.0,0.0,1.0,0.0,1.0,0.0,0.0
2009,BM,675,Propachlor,292,0,292,0,0,0,10.0,292,0.0,12.0,12.0,0.0,1.0,0.0,1.0,0.0,0.0
2009,BM,675,Propachlor,292,0,292,0,0,0,inf,292,0.0,12.0,12.0,0.0,1.0,0.0,1.0,0.0,0.0
2009,BM,679,Myclobutanil,292,292,0,0,0,0,1.0,292,0.0,40.0,40.0,0.0,1.0,0.0,1.0,0.0,1.0
2009,BM,679,Myclobutanil,292,292,0,0,0,0,2.0,292,0.0,80.0,80.0,0.0,1.0,0.0,1.0,0.0,1.0
2009,BM,679,Myclobutanil,292,292,0,0,0,0,5.0,292,0.0,200.0,200.0,0.0,1.0,0.0,1.0,0.0,1.0
2009,BM,679,Myclobutanil,292,292,0,0,0,0,10.0,292,0.0,400.0,400.0,0.0,1.0,0.0,1.0,0.0,1.0
2009,BM,679,Myclobutanil,292,292,0,0,0,0,inf,292,0.0,inf,inf,0.0,1.0,0.0,1.0,0.0,1.0
2009,BM,699,Clofentezine,292,0,292,0,0,0,1.0,292,0.0,30.0,30.0,0.0,1.0,0.0,1.0,0.0,1.0
2009,BM,699,Clofentezine,292,0,292,0,0,0,2.0,292,0.0,30.0,30.0,0.0,1.0,0.0,1.0,0.0,1.0
2009,BM,699,Clofentezine,292,0,292,0,0,0,5.0,292,0.0,30.0,30.0,0.0,1.0,0.0,1.0,0.0,1.0
2009,BM,699,Clofentezine,292,0,292,0,0,0,10.0,292,0.0,30.0,30.0,0.0,1.0,0.0,1.0,0.0,1.0
2009,BM,699,Clofentezine,292,0,292,0,0,0,inf,292,0.0,30.0,30.0,0.0,1.0,0.0,1.0,0.0,1.0
2009,BM,713,Oxyfluorfen,292,0,292,0,0,0,1.0,292,0.0,1.0,1.0,0.0,0.0,0.0,0.0,0.0,0.0
2009,BM,713,Oxyfluorfen,292,0,292,0,0,0,2.0,292,0.0,1.0,1.0,0.0,0.0,0.0,0.0,0.0,0.0
2009,BM,713,Oxyfluorfen,292,0,292,0,0,0,5.0,292,0.0,1.0,1.0,0.0,0.0,0.0,0.0,0.0,0.0
2009,BM,713,Oxyfluorfen,292,0,292,0,0,0,10.0,292,0.0,1.0,1.0,0.0,0.0,0.0,0.0,0.0,0.0
2009,BM,713,Oxyfluorfen,292,0,292,0,0,0,inf,292,0.0,1.0,1.0,0.0,0.0,0.0,0.0,0.0,0.0
2009,BM,721,Ethalfluralin,292,0,292,0,0,0,1.0,292,0.0,1.0,1.0,0.0,0.0,0.0,0.0,0.0,0.0
2009,BM,721,Ethalfluralin,292,0,292,0,0,0,2.0,292,0.0,1.0,1.0,0.0,0.0,0.0,0.0,0.0,0.0
2009,BM,721,Ethalfluralin,292,0,292,0,0,0,5.0,292,0.0,1.0,1.0,0.0,0.0,0.0,0.0,0.0,0.0
2009,BM,721,Ethalfluralin,292,0,292,0,0,0,10.0,292,0.0,1.0,1.0,0.0,0.0,0.0,0.0,0.0,0.0
2009,BM,721,Ethalfluralin,292,0,292,0,0,0,inf,292,0.0,1.0,1.0,0.0,0.0,0.0,0.0,0.0,0.0
2009,BM,722,Etridiazole,292,0,292,0,0,0,1.0,292,0.0,12.0,12.0,0.0,1.0,0.0,1.0,0.0,0.0
2009,BM,722,Etridiazole,292,0,292,0,0,0,2.0,292,0.0,12.0,12.0,0.0,1.0,0.0,1.0,0.0,0.0
2009,BM,722,Etridiazole,292,0,292,0,0,0,5.0,292,0.0,12.0,12.0,0.0,1.0,0.0,1.0,0.0,0.0
2009,BM,722,Etridiazole,292,0,292,0,0,0,10.0,292,0.0,12.0,12.0,0.0,1.0,0.0,1.0,0.0,0.0
2009,BM,722,Etridiazole,292,0,292,0,0,0,inf,292,0.0,12.0,12.0,0.0,1.0,0.0,1.0,0.0,0.0
2009,BM,726,Thiobencarb,292,0,292,0,0,0,1.0,292,0.0,40.0,40.0,0.0,1.0,0.0,1.0,0.0,1.0
2009,BM,726,Thiobencarb,292,0,292,0,0,0,2.0,292,0.0,40.0,40.0,0.0,1.0,0.0,1.0,0.0,1.0
2009,BM,726,Thiobencarb,292,0,292,0,0,0,5.0,292,0.0,40.0,40.0,0.0,1.0,0.0,1.0,0.0,1.0
2009,BM,726,Thiobencarb,292,0,292,0,0,0,10.0,292,0.0,40.0,40.0,0.0,1.0,0.0,1.0,0.0,1.0
2009,BM,726,Thiobencarb,292,0,292,0,0,0,inf,292,0.0,40.0,40.0,0.0,1.0,0.0,1.0,0.0,1.0
2009,BM,750,Quizalofop ethyl,292,0,292,0,0,0,1.0,292,0.0,4.0,4.0,0.0,1.0,0.0,0.0,0.0,0.0
2009,BM,750,Quizalofop ethyl,292,0,292,0,0,0,2.0,292,0.0,4.0,4.0,0.0,1.0,0.0,0.0,0.0,0.0
2009,BM,750,Quizalofop ethyl,292,0,292,0,0,0,5.0,292,0.0,4.0,4.0,0.0,1.0,0.0,0.0,0.0,0.0
2009,BM,750,Quizalofop ethyl,292,0,292,0,0,0,10.0,292,0.0,4.0,4.0,0.0,1.0,0.0,0.0,0.0,0.0
2009,BM,750,Quizalofop ethyl,292,0,292,0,0,0,inf,292,0.0,4.0,4.0,0.0,1.0,0.0,0.0,0.0,0.0
2009,BM,777,Fenoxaprop ethyl,292,0,292,0,0,0,1.0,292,0.0,8.0,8.0,0.0,1.0,0.0,0.0,0.0,0.0
2009,BM,777,Fenoxaprop ethyl,292,0,292,0,0,0,2.0,292,0.0,8.0,8.0,0.0,1.0,0.0,0.0,0.0,0.0
2009,BM,777,Fenoxaprop ethyl,292,0,292,0,0,0,5.0,292,0.0,8.0,8.0,0.0,1.0,0.0,0.0,0.0,0.0
2009,BM,777,Fenoxaprop ethyl,292,0,292,0,0,0,10.0,292,0.0,8.0,8.0,0.0,1.0,0.0,0.0,0.0,0.0
2009,BM,777,Fenoxaprop ethyl,292,0,292,0,0,0,inf,292,0.0,8.0,8.0,0.0,1.0,0.0,0.0,0.0,0.0
2009,BM,780,Tebuthiuron,292,292,0,0,0,0,1.0,292,0.0,8.0,8.0,0.0,1.0,0.0,0.0,0.0,0.0
2009,BM,780,Tebuthiuron,292,292,0,0,0,0,2.0,292,0.0,16.0,16.0,0.0,1.0,0.0,1.0,0.0,0.0
2009,BM,780,Tebuthiuron,292,292,0,0,0,0,5.0,292,0.0,40.0,40.0,0.0,1.0,0.0,1.0,0.0,1.0
2009,BM,780,Tebuthiuron,292,292,0,0,0,0,10.0,292,0.0,80.0,80.0,0.0,1.0,0.0,1.0,0.0,1.0
2009,BM,780,Tebuthiuron,292,292,0,0,0,0,inf,292,0.0,inf,inf,0.0,1.0,0.0,1.0,0.0,1.0
2009,BM,781,Cyfluthrin,292,0,291,1,0,0,1.0,292,0.022602739726027395,4.008904109589041,3.9863013698630136,0.003424657534246575,1.0,0.0,0.0,0.0,0.0
2009,BM,781,Cyfluthrin,292,0,291,1,0,0,2.0,292,0.022602739726027395,4.008904109589041,3.9863013698630136,0.003424657534246575,1.0,0.0,0.0,0.0,0.0
2009,BM,781,Cyfluthrin,292,0,291,1,0,0,5.0,292,0.022602739726027395,4.008904109589041,3.9863013698630136,0.003424657534246575,1.0,0.0,0.0,0.0,0.0
2009,BM,781,Cyfluthrin,292,0,291,1,0,0,10.0,292,0.022602739726027395,4.008904109589041,3.9863013698630136,0.003424657534246575,1.0,0.0,0.0,0.0,0.0
2009,BM,781,Cyfluthrin,292,0,291,1,0,0,inf,292,0.022602739726027395,4.008904109589041,3.9863013698630136,0.003424657534246575,1.0,0.0,0.0,0.0,0.0
2009,BM,796,Tridiphane,292,0,292,0,0,0,1.0,292,0.0,8.0,8.0,0.0,1.0,0.0,0.0,0.0,0.0
2009,BM,796,Tridiphane,292,0,292,0,0,0,2.0,292,0.0,8.0,8.0,0.0,1.0,0.0,0.0,0.0,0.0
2009,BM,796,Tridiphane,292,0,292,0,0,0,5.0,292,0.0,8.0,8.0,0.0,1.0,0.0,0.0,0.0,0.0
2009,BM,796,Tridiphane,292,0,292,0,0,0,10.0,292,0.0,8.0,8.0,0.0,1.0,0.0,0.0,0.0,0.0
2009,BM,796,Tridiphane,292,0,292,0,0,0,inf,292,0.0,8.0,8.0,0.0,1.0,0.0,0.0,0.0,0.0
2009,BM,808,Fenpropathrin,292,0,292,0,0,0,1.0,292,0.0,20.0,20.0,0.0,1.0,0.0,1.0,0.0,0.0
2009,BM,808,Fenpropathrin,292,0,292,0,0,0,2.0,292,0.0,20.0,20.0,0.0,1.0,0.0,1.0,0.0,0.0
2009,BM,808,Fenpropathrin,292,0,292,0,0,0,5.0,292,0.0,20.0,20.0,0.0,1.0,0.0,1.0,0.0,0.0
2009,BM,808,Fenpropathrin,292,0,292,0,0,0,10.0,292,0.0,20.0,20.0,0.0,1.0,0.0,1.0,0.0,0.0
2009,BM,808,Fenpropathrin,292,0,292,0,0,0,inf,292,0.0,20.0,20.0,0.0,1.0,0.0,1.0,0.0,0.0
2009,BM,848,Phenothrin,292,0,292,0,0,0,1.0,292,0.0,12.0,12.0,0.0,1.0,0.0,1.0,0.0,0.0
2009,BM,848,Phenothrin,292,0,292,0,0,0,2.0,292,0.0,12.0,12.0,0.0,1.0,0.0,1.0,0.0,0.0
2009,BM,848,Phenothrin,292,0,292,0,0,0,5.0,292,0.0,12.0,12.0,0.0,1.0,0.0,1.0,0.0,0.0
2009,BM,848,Phenothrin,292,0,292,0,0,0,10.0,292,0.0,12.0,12.0,0.0,1.0,0.0,1.0,0.0,0.0
2009,BM,848,Phenothrin,292,0,292,0,0,0,inf,292,0.0,12.0,12.0,0.0,1.0,0.0,1.0,0.0,0.0
2009,BM,900,Endosulfan I,292,0,292,0,0,0,1.0,292,0.0,2.0,2.0,0.0,0.0,0.0,0.0,0.0,0.0
2009,BM,900,Endosulfan I,292,0,292,0,0,0,2.0,292,0.0,2.0,2.0,0.0,0.0,0.0,0.0,0.0,0.0
2009,BM,900,Endosulfan I,292,0,292,0,0,0,5.0,292,0.0,2.0,2.0,0.0,0.0,0.0,0.0,0.0,0.0
2009,BM,900,Endosulfan I,292,0,292,0,0,0,10.0,292,0.0,2.0,2.0,0.0,0.0,0.0,0.0,0.0,0.0
2009,BM,900,Endosulfan I,292,0,292,0,0,0,inf,292,0.0,2.0,2.0,0.0,0.0,0.0,0.0,0.0,0.0
2009,BM,901,Endosulfan II,292,0,292,0,0,0,1.0,292,0.0,2.0,2.0,0.0,0.0,0.0,0.0,0.0,0.0
2009,BM,901,Endosulfan II,292,0,292,0,0,0,2.0,292,0.0,2.0,2.0,0.0,0.0,0.0,0.0,0.0,0.0
2009,BM,901,Endosulfan II,292,0,292,0,0,0,5.0,292,0.0,2.0,2.0,0.0,0.0,0.0,0.0,0.0,0.0
2009,BM,901,Endosulfan II,292,0,292,0,0,0,10.0,292,0.0,2.0,2.0,0.0,0.0,0.0,0.0,0.0,0.0
2009,BM,901,Endosulfan II,292,0,292,0,0,0,inf,292,0.0,2.0,2.0,0.0,0.0,0.0,0.0,0.0,0.0
2009,BM,902,Endosulfan sulfate,292,0,290,2,0,0,1.0,292,0.08835616438356164,2.074657534246575,1.9863013698630136,0.00684931506849315,0.00684931506849315,0.003424657534246575,0.003424657534246575,0.003424657534246575,0.003424657534246575
2009,BM,902,Endosulfan sulfate,292,0,290,2,0,0,2.0,292,0.08835616438356164,2.074657534246575,1.9863013698630136,0.00684931506849315,0.00684931506849315,0.003424657534246575,0.003424657534246575,0.003424657534246575,0.003424657534246575
2009,BM,902,Endosulfan sulfate,292,0,290,2,0,0,5.0,292,0.08835616438356164,2.074657534246575,1.9863013698630136,0.00684931506849315,0.00684931506849315,0.003424657534246575,0.003424657534246575,0.003424657534246575,0.003424657534246575
2009,BM,902,Endosulfan sulfate,292,0,290,2,0,0,10.0,292,0.08835616438356164,2.074657534246575,1.9863013698630136,0.00684931506849315,0.00684931506849315,0.003424657534246575,0.003424657534246575,0.003424657534246575,0.003424657534246575
2009,BM,902,Endosulfan sulfate,292,0,290,2,0,0,inf,292,0.08835616438356164,2.074657534246575,1.9863013698630136,0.00684931506849315,0.00684931506849315,0.003424657534246575,0.003424657534246575,0.003424657534246575,0.003424657534246575
2009,BM,903,BHC alpha,292,0,292,0,0,0,1.0,292,0.0,4.0,4.0,0.0,1.0,0.0,0.0,0.0,0.0
2009,BM,903,BHC alpha,292,0,292,0,0,0,2.0,292,0.0,4.0,4.0,0.0,1.0,0.0,0.0,0.0,0.0
2009,BM,903,BHC alpha,292,0,292,0,0,0,5.0,292,0.0,4.0,4.0,0.0,1.0,0.0,0.0,0.0,0.0
2009,BM,903,BHC alpha,292,0,292,0,0,0,10.0,292,0.0,4.0,4.0,0.0,1.0,0.0,0.0,0.0,0.0
2009,BM,903,BHC alpha,292,0,292,0,0,0,inf,292,0.0,4.0,4.0,0.0,1.0,0.0,0.0,0.0,0.0
2009,BM,906,"DDT p,p'",292,0,292,0,0,0,1.0,292,0.0,8.0,8.0,0.0,1.0,0.0,0.0,0.0,0.0
2009,BM,906,"DDT p,p'",292,0,292,0,0,0,2.0,292,0.0,8.0,8.0,0.0,1.0,0.0,0.0,0.0,0.0
2009,BM,906,"DDT p,p'",292,0,292,0,0,0,5.0,292,0.0,8.0,8.0,0.0,1.0,0.0,0.0,0.0,0.0
2009,BM,906,"DDT p,p'",292,0,292,0,0,0,10.0,292,0.0,8.0,8.0,0.0,1.0,0.0,0.0,0.0,0.0
2009,BM,906,"DDT p,p'",292,0,292,0,0,0,inf,292,0.0,8.0,8.0,0.0,1.0,0.0,0.0,0.0,0.0
2009,BM,908,"DDD p,p'",292,0,292,0,0,0,1.0,292,0.0,2.0,2.0,0.0,0.0,0.0,0.0,0.0,0.0
2009,BM,908,"DDD p,p'",292,0,292,0,0,0,2.0,292,0.0,2.0,2.0,0.0,0.0,0.0,0.0,0.0,0.0
2009,BM,908,"DDD p,p'",292,0,292,0,0,0,5.0,292,0.0,2.0,2.0,0.0,0.0,0.0,0.0,0.0,0.0
2009,BM,908,"DDD p,p'",292,0,292,0,0,0,10.0,292,0.0,2.0,2.0,0.0,0.0,0.0,0.0,0.0,0.0
2009,BM,908,"DDD p,p'",292,0,292,0,0,0,inf,292,0.0,2.0,2.0,0.0,0.0,0.0,0.0,0.0,0.0
2009,BM,909,"DDD o,p'",292,0,292,0,0,0,1.0,292,0.0,2.0,2.0,0.0,0.0,0.0,0.0,0.0,0.0
2009,BM,909,"DDD o,p'",292,0,292,0,0,0,2.0,292,0.0,2.0,2.0,0.0,0.0,0.0,0.0,0.0,0.0
2009,BM,909,"DDD o,p'",292,0,292,0,0,0,5.0,292,0.0,2.0,2.0,0.0,0.0,0.0,0.0,0.0,0.0
2009,BM,909,"DDD o,p'",292,0,292,0,0,0,10.0,292,0.0,2.0,2.0,0.0,0.0,0.0,0.0,0.0,0.0
2009,BM,909,"DDD o,p'",292,0,292,0,0,0,inf,292,0.0,2.0,2.0,0.0,0.0,0.0,0.0,0.0,0.0
2009,BM,910,"DDE p,p'",292,0,272,20,0,0,1.0,292,0.486986301369863,2.35,1.863013698630137,0.0684931506849315,0.0684931506849315,0.010273972602739725,0.010273972602739725,0.003424657534246575,0.003424657534246575
2009,BM,910,"DDE p,p'",292,0,272,20,0,0,2.0,292,0.486986301369863,2.35,1.863013698630137,0.0684931506849315,0.0684931506849315,0.010273972602739725,0.010273972602739725,0.003424657534246575,0.003424657534246575
2009,BM,910,"DDE p,p'",292,0,272,20,0,0,5.0,292,0.486986301369863,2.35,1.863013698630137,0.0684931506849315,0.0684931506849315,0.010273972602739725,0.010273972602739725,0.003424657534246575,0.003424657534246575
2009,BM,910,"DDE p,p'",292,0,272,20,0,0,10.0,292,0.486986301369863,2.35,1.863013698630137,0.0684931506849315,0.0684931506849315,0.010273972602739725,0.010273972602739725,0.003424657534246575,0.003424657534246575
2009,BM,910,"DDE p,p'",292,0,272,20,0,0,inf,292,0.486986301369863,2.35,1.863013698630137,0.0684931506849315,0.0684931506849315,0.010273972602739725,0.010273972602739725,0.003424657534246575,0.003424657534246575
2009,BM,911,"DDE o,p'",292,0,292,0,0,0,1.0,292,0.0,2.0,2.0,0.0,0.0,0.0,0.0,0.0,0.0
2009,BM,911,"DDE o,p'",292,0,292,0,0,0,2.0,292,0.0,2.0,2.0,0.0,0.0,0.0,0.0,0.0,0.0
2009,BM,911,"DDE o,p'",292,0,292,0,0,0,5.0,292,0.0,2.0,2.0,0.0,0.0,0.0,0.0,0.0,0.0
2009,BM,911,"DDE o,p'",292,0,292,0,0,0,10.0,292,0.0,2.0,2.0,0.0,0.0,0.0,0.0,0.0,0.0
2009,BM,911,"DDE o,p'",292,0,292,0,0,0,inf,292,0.0,2.0,2.0,0.0,0.0,0.0,0.0,0.0,0.0
2009,BM,930,Bifenthrin,292,0,291,1,0,0,1.0,292,0.00410958904109589,1.0006849315068493,0.9965753424657534,0.0,0.0,0.0,0.0,0.0,0.0
2009,BM,930,Bifenthrin,292,0,291,1,0,0,2.0,292,0.00410958904109589,1.0006849315068493,0.9965753424657534,0.0,0.0,0.0,0.0,0.0,0.0
2009,BM,930,Bifenthrin,292,0,291,1,0,0,5.0,292,0.00410958904109589,1.0006849315068493,0.9965753424657534,0.0,0.0,0.0,0.0,0.0,0.0
2009,BM,930,Bifenthrin,292,0,291,1,0,0,10.0,292,0.00410958904109589,1.0006849315068493,0.9965753424657534,0.0,0.0,0.0,0.0,0.0,0.0
2009,BM,930,Bifenthrin,292,0,291,1,0,0,inf,292,0.00410958904109589,1.0006849315068493,0.9965753424657534,0.0,0.0,0.0,0.0,0.0,0.0
2009,BM,945,Ethofumesate,292,0,292,0,0,0,1.0,292,0.0,16.0,16.0,0.0,1.0,0.0,1.0,0.0,0.0
2009,BM,945,Ethofumesate,292,0,292,0,0,0,2.0,292,0.0,16.0,16.0,0.0,1.0,0.0,1.0,0.0,0.0
2009,BM,945,Ethofumesate,292,0,292,0,0,0,5.0,292,0.0,16.0,16.0,0.0,1.0,0.0,1.0,0.0,0.0
2009,BM,945,Ethofumesate,292,0,292,0,0,0,10.0,292,0.0,16.0,16.0,0.0,1.0,0.0,1.0,0.0,0.0
2009,BM,945,Ethofumesate,292,0,292,0,0,0,inf,292,0.0,16.0,16.0,0.0,1.0,0.0,1.0,0.0,0.0
2009,BM,947,Tetramethrin,292,0,292,0,0,0,1.0,292,0.0,10.0,10.0,0.0,1.0,0.0,0.0,0.0,0.0
2009,BM,947,Tetramethrin,292,0,292,0,0,0,2.0,292,0.0,10.0,10.0,0.0,1.0,0.0,0.0,0.0,0.0
2009,BM,947,Tetramethrin,292,0,292,0,0,0,5.0,292,0.0,10.0,10.0,0.0,1.0,0.0,0.0,0.0,0.0
2009,BM,947,Tetramethrin,292,0,292,0,0,0,10.0,292,0.0,10.0,10.0,0.0,1.0,0.0,0.0,0.0,0.0
2009,BM,947,Tetramethrin,292,0,292,0,0,0,inf,292,0.0,10.0,10.0,0.0,1.0,0.0,0.0,0.0,0.0
2009,BM,967,Imidacloprid,292,0,292,0,0,0,1.0,292,0.0,40.0,40.0,0.0,1.0,0.0,1.0,0.0,1.0
2009,BM,967,Imidacloprid,292,0,292,0,0,0,2.0,292,0.0,40.0,40.0,0.0,1.0,0.0,1.0,0.0,1.0
2009,BM,967,Imidacloprid,292,0,292,0,0,0,5.0,292,0.0,40.0,40.0,0.0,1.0,0.0,1.0,0.0,1.0
2009,BM,967,Imidacloprid,292,0,292,0,0,0,10.0,292,0.0,40.0,40.0,0.0,1.0,0.0,1.0,0.0,1.0
2009,BM,967,Imidacloprid,292,0,292,0,0,0,inf,292,0.0,40.0,40.0,0.0,1.0,0.0,1.0,0.0,1.0
2009,BM,A82,Fipronil,292,0,292,0,0,0,1.0,292,0.0,12.0,12.0,0.0,1.0,0.0,1.0,0.0,0.0
2009,BM,A82,Fipronil,292,0,292,0,0,0,2.0,292,0.0,12.0,12.0,0.0,1.0,0.0,1.0,0.0,0.0
2009,BM,A82,Fipronil,292,0,292,0,0,0,5.0,292,0.0,12.0,12.0,0.0,1.0,0.0,1.0,0.0,0.0
2009,BM,A82,Fipronil,292,0,292,0,0,0,10.0,292,0.0,12.0,12.0,0.0,1.0,0.0,1.0,0.0,0.0
2009,BM,A82,Fipronil,292,0,292,0,0,0,inf,292,0.0,12.0,12.0,0.0,1.0,0.0,1.0,0.0,0.0
2009,BM,AAK,Chlorfenvinphos total,292,0,292,0,0,0,1.0,292,0.0,40.0,40.0,0.0,1.0,0.0,1.0,0.0,1.0
2009,BM,AAK,Chlorfenvinphos total,292,0,292,0,0,0,2.0,292,0.0,40.0,40.0,0.0,1.0,0.0,1.0,0.0,1.0
2009,BM,AAK,Chlorfenvinphos total,292,0,292,0,0,0,5.0,292,0.0,40.0,40.0,0.0,1.0,0.0,1.0,0.0,1.0
2009,BM,AAK,Chlorfenvinphos total,292,0,292,0,0,0,10.0,292,0.0,40.0,40.0,0.0,1.0,0.0,1.0,0.0,1.0
2009,BM,AAK,Chlorfenvinphos total,292,0,292,0,0,0,inf,292,0.0,40.0,40.0,0.0,1.0,0.0,1.0,0.0,1.0
2009,BM,ABG,Tebufenozide,292,0,292,0,0,0,1.0,292,0.0,10.0,10.0,0.0,1.0,0.0,0.0,0.0,0.0
2009,BM,ABG,Tebufenozide,292,0,292,0,0,0,2.0,292,0.0,10.0,10.0,0.0,1.0,0.0,0.0,0.0,0.0
2009,BM,ABG,Tebufenozide,292,0,292,0,0,0,5.0,292,0.0,10.0,10.0,0.0,1.0,0.0,0.0,0.0,0.0
2009,BM,ABG,Tebufenozide,292,0,292,0,0,0,10.0,292,0.0,10.0,10.0,0.0,1.0,0.0,0.0,0.0,0.0
2009,BM,ABG,Tebufenozide,292,0,292,0,0,0,inf,292,0.0,10.0,10.0,0.0,1.0,0.0,0.0,0.0,0.0
2009,BM,ADC,Prallethrin,292,0,292,0,0,0,1.0,292,0.0,8.0,8.0,0.0,1.0,0.0,0.0,0.0,0.0
2009,BM,ADC,Prallethrin,292,0,292,0,0,0,2.0,292,0.0,8.0,8.0,0.0,1.0,0.0,0.0,0.0,0.0
2009,BM,ADC,Prallethrin,292,0,292,0,0,0,5.0,292,0.0,8.0,8.0,0.0,1.0,0.0,0.0,0.0,0.0
2009,BM,ADC,Prallethrin,292,0,292,0,0,0,10.0,292,0.0,8.0,8.0,0.0,1.0,0.0,0.0,0.0,0.0
2009,BM,ADC,Prallethrin,292,0,292,0,0,0,inf,292,0.0,8.0,8.0,0.0,1.0,0.0,0.0,0.0,0.0
2009,BM,ADE,Esfenvalerate+Fenvalerate Total,292,0,292,0,0,0,1.0,292,0.0,4.0,4.0,0.0,1.0,0.0,0.0,0.0,0.0
2009,BM,ADE,Esfenvalerate+Fenvalerate Total,292,0,292,0,0,0,2.0,292,0.0,4.0,4.0,0.0,1.0,0.0,0.0,0.0,0.0
2009,BM,ADE,Esfenvalerate+Fenvalerate Total,292,0,292,0,0,0,5.0,292,0.0,4.0,4.0,0.0,1.0,0.0,0.0,0.0,0.0
2009,BM,ADE,Esfenvalerate+Fenvalerate Total,292,0,292,0,0,0,10.0,292,0.0,4.0,4.0,0.0,1.0,0.0,0.0,0.0,0.0
2009,BM,ADE,Esfenvalerate+Fenvalerate Total,292,0,292,0,0,0,inf,292,0.0,4.0,4.0,0.0,1.0,0.0,0.0,0.0,0.0
2009,BM,ADG,Indoxacarb,292,0,292,0,0,0,1.0,292,0.0,50.0,50.0,0.0,1.0,0.0,1.0,0.0,1.0
2009,BM,ADG,Indoxacarb,292,0,292,0,0,0,2.0,292,0.0,50.0,50.0,0.0,1.0,0.0,1.0,0.0,1.0
2009,BM,ADG,Indoxacarb,292,0,292,0,0,0,5.0,292,0.0,50.0,50.0,0.0,1.0,0.0,1.0,0.0,1.0
2009,BM,ADG,Indoxacarb,292,0,292,0,0,0,10.0,292,0.0,50.0,50.0,0.0,1.0,0.0,1.0,0.0,1.0
2009,BM,ADG,Indoxacarb,292,0,292,0,0,0,inf,292,0.0,50.0,50.0,0.0,1.0,0.0,1.0,0.0,1.0
2009,BM,ADH,Cyphenothrin,292,0,292,0,0,0,1.0,292,0.0,20.0,20.0,0.0,1.0,0.0,1.0,0.0,0.0
2009,BM,ADH,Cyphenothrin,292,0,292,0,0,0,2.0,292,0.0,20.0,20.0,0.0,1.0,0.0,1.0,0.0,0.0
2009,BM,ADH,Cyphenothrin,292,0,292,0,0,0,5.0,292,0.0,20.0,20.0,0.0,1.0,0.0,1.0,0.0,0.0
2009,BM,ADH,Cyphenothrin,292,0,292,0,0,0,10.0,292,0.0,20.0,20.0,0.0,1.0,0.0,1.0,0.0,0.0
2009,BM,ADH,Cyphenothrin,292,0,292,0,0,0,inf,292,0.0,20.0,20.0,0.0,1.0,0.0,1.0,0.0,0.0
2009,BM,ADJ,Fluroxypyr 1-methylheptyl ester,292,0,292,0,0,0,1.0,292,0.0,1.0,1.0,0.0,0.0,0.0,0.0,0.0,0.0
2009,BM,ADJ,Fluroxypyr 1-methylheptyl ester,292,0,292,0,0,0,2.0,292,0.0,1.0,1.0,0.0,0.0,0.0,0.0,0.0,0.0
2009,BM,ADJ,Fluroxypyr 1-methylheptyl ester,292,0,292,0,0,0,5.0,292,0.0,1.0,1.0,0.0,0.0,0.0,0.0,0.0,0.0
2009,BM,ADJ,Fluroxypyr 1-methylheptyl ester,292,0,292,0,0,0,10.0,292,0.0,1.0,1.0,0.0,0.0,0.0,0.0,0.0,0.0
2009,BM,ADJ,Fluroxypyr 1-methylheptyl ester,292,0,292,0,0,0,inf,292,0.0,1.0,1.0,0.0,0.0,0.0,0.0,0.0,0.0
2009,BM,ADK,Imiprothrin,292,0,292,0,0,0,1.0,292,0.0,40.0,40.0,0.0,1.0,0.0,1.0,0.0,1.0
2009,BM,ADK,Imiprothrin,292,0,292,0,0,0,2.0,292,0.0,40.0,40.0,0.0,1.0,0.0,1.0,0.0,1.0
2009,BM,ADK,Imiprothrin,292,0,292,0,0,0,5.0,292,0.0,40.0,40.0,0.0,1.0,0.0,1.0,0.0,1.0
2009,BM,ADK,Imiprothrin,292,0,292,0,0,0,10.0,292,0.0,40.0,40.0,0.0,1.0,0.0,1.0,0.0,1.0
2009,BM,ADK,Imiprothrin,292,0,292,0,0,0,inf,292,0.0,40.0,40.0,0.0,1.0,0.0,1.0,0.0,1.0
2009,BM,AEL,"Cyhalothrin, Total (Cyhalothrin-L + R157836 epimer)",292,0,285,7,0,0,1.0,292,0.046232876712328765,1.0222602739726028,0.976027397260274,0.00684931506849315,0.00684931506849315,0.0,0.0,0.0,0.0
2009,BM,AEL,"Cyhalothrin, Total (Cyhalothrin-L + R157836 epimer)",292,0,285,7,0,0,2.0,292,0.046232876712328765,1.0222602739726028,0.976027397260274,0.00684931506849315,0.00684931506849315,0.0,0.0,0.0,0.0
2009,BM,AEL,"Cyhalothrin, Total (Cyhalothrin-L + R157836 epimer)",292,0,285,7,0,0,5.0,292,0.046232876712328765,1.0222602739726028,0.976027397260274,0.00684931506849315,0.00684931506849315,0.0,0.0,0.0,0.0
2009,BM,AEL,"Cyhalothrin, Total (Cyhalothrin-L + R157836 epimer)",292,0,285,7,0,0,10.0,292,0.046232876712328765,1.0222602739726028,0.976027397260274,0.00684931506849315,0.00684931506849315,0.0,0.0,0.0,0.0
2009,BM,AEL,"Cyhalothrin, Total (Cyhalothrin-L + R157836 epimer)",292,0,285,7,0,0,inf,292,0.046232876712328765,1.0222602739726028,0.976027397260274,0.00684931506849315,0.00684931506849315,0.0,0.0,0.0,0.0
2009,BM,AEP,Clothianidin,292,0,292,0,0,0,1.0,292,0.0,40.0,40.0,0.0,1.0,0.0,1.0,0.0,1.0
2009,BM,AEP,Clothianidin,292,0,292,0,0,0,2.0,292,0.0,40.0,40.0,0.0,1.0,0.0,1.0,0.0,1.0
2009,BM,AEP,Clothianidin,292,0,292,0,0,0,5.0,292,0.0,40.0,40.0,0.0,1.0,0.0,1.0,0.0,1.0
2009,BM,AEP,Clothianidin,292,0,292,0,0,0,10.0,292,0.0,40.0,40.0,0.0,1.0,0.0,1.0,0.0,1.0
2009,BM,AEP,Clothianidin,292,0,292,0,0,0,inf,292,0.0,40.0,40.0,0.0,1.0,0.0,1.0,0.0,1.0
2009,BM,AES,Methoxyfenozide,292,0,292,0,0,0,1.0,292,0.0,8.0,8.0,0.0,1.0,0.0,0.0,0.0,0.0
2009,BM,AES,Methoxyfenozide,292,0,292,0,0,0,2.0,292,0.0,8.0,8.0,0.0,1.0,0.0,0.0,0.0,0.0
2009,BM,AES,Methoxyfenozide,292,0,292,0,0,0,5.0,292,0.0,8.0,8.0,0.0,1.0,0.0,0.0,0.0,0.0
2009,BM,AES,Methoxyfenozide,292,0,292,0,0,0,10.0,292,0.0,8.0,8.0,0.0,1.0,0.0,0.0,0.0,0.0
2009,BM,AES,Methoxyfenozide,292,0,292,0,0,0,inf,292,0.0,8.0,8.0,0.0,1.0,0.0,0.0,0.0,0.0
2009,BM,AEW,Famoxadone,292,0,292,0,0,0,1.0,292,0.0,40.0,40.0,0.0,1.0,0.0,1.0,0.0,1.0
2009,BM,AEW,Famoxadone,292,0,292,0,0,0,2.0,292,0.0,40.0,40.0,0.0,1.0,0.0,1.0,0.0,1.0
2009,BM,AEW,Famoxadone,292,0,292,0,0,0,5.0,292,0.0,40.0,40.0,0.0,1.0,0.0,1.0,0.0,1.0
2009,BM,AEW,Famoxadone,292,0,292,0,0,0,10.0,292,0.0,40.0,40.0,0.0,1.0,0.0,1.0,0.0,1.0
2009,BM,AEW,Famoxadone,292,0,292,0,0,0,inf,292,0.0,40.0,40.0,0.0,1.0,0.0,1.0,0.0,1.0
2009,BM,AFO,Dinotefuran,292,0,292,0,0,0,1.0,292,0.0,50.0,50.0,0.0,1.0,0.0,1.0,0.0,1.0
2009,BM,AFO,Dinotefuran,292,0,292,0,0,0,2.0,292,0.0,50.0,50.0,0.0,1.0,0.0,1.0,0.0,1.0
2009,BM,AFO,Dinotefuran,292,0,292,0,0,0,5.0,292,0.0,50.0,50.0,0.0,1.0,0.0,1.0,0.0,1.0
2009,BM,AFO,Dinotefuran,292,0,292,0,0,0,10.0,292,0.0,50.0,50.0,0.0,1.0,0.0,1.0,0.0,1.0
2009,BM,AFO,Dinotefuran,292,0,292,0,0,0,inf,292,0.0,50.0,50.0,0.0,1.0,0.0,1.0,0.0,1.0
2009,BM,AFS,Fenpyroximate,292,0,292,0,0,0,1.0,292,0.0,8.0,8.0,0.0,1.0,0.0,0.0,0.0,0.0
2009,BM,AFS,Fenpyroximate,292,0,292,0,0,0,2.0,292,0.0,8.0,8.0,0.0,1.0,0.0,0.0,0.0,0.0
2009,BM,AFS,Fenpyroximate,292,0,292,0,0,0,5.0,292,0.0,8.0,8.0,0.0,1.0,0.0,0.0,0.0,0.0
2009,BM,AFS,Fenpyroximate,292,0,292,0,0,0,10.0,292,0.0,8.0,8.0,0.0,1.0,0.0,0.0,0.0,0.0
2009,BM,AFS,Fenpyroximate,292,0,292,0,0,0,inf,292,0.0,8.0,8.0,0.0,1.0,0.0,0.0,0.0,0.0
2009,BM,AFX,Novaluron,292,0,292,0,0,0,1.0,292,0.0,150.0,150.0,0.0,1.0,0.0,1.0,0.0,1.0
2009,BM,AFX,Novaluron,292,0,292,0,0,0,2.0,292,0.0,150.0,150.0,0.0,1.0,0.0,1.0,0.0,1.0
2009,BM,AFX,Novaluron,292,0,292,0,0,0,5.0,292,0.0,150.0,150.0,0.0,1.0,0.0,1.0,0.0,1.0
2009,BM,AFX,Novaluron,292,0,292,0,0,0,10.0,292,0.0,150.0,150.0,0.0,1.0,0.0,1.0,0.0,1.0
2009,BM,AFX,Novaluron,292,0,292,0,0,0,inf,292,0.0,150.0,150.0,0.0,1.0,0.0,1.0,0.0,1.0
2009,BM,AGG,Flonicamid,292,0,292,0,0,0,1.0,292,0.0,200.0,200.0,0.0,1.0,0.0,1.0,0.0,1.0
2009,BM,AGG,Flonicamid,292,0,292,0,0,0,2.0,292,0.0,200.0,200.0,0.0,1.0,0.0,1.0,0.0,1.0
2009,BM,AGG,Flonicamid,292,0,292,0,0,0,5.0,292,0.0,200.0,200.0,0.0,1.0,0.0,1.0,0.0,1.0
2009,BM,AGG,Flonicamid,292,0,292,0,0,0,10.0,292,0.0,200.0,200.0,0.0,1.0,0.0,1.0,0.0,1.0
2009,BM,AGG,Flonicamid,292,0,292,0,0,0,inf,292,0.0,200.0,200.0,0.0,1.0,0.0,1.0,0.0,1.0
2009,BM,AGJ,Fluoxastrobin,292,0,292,0,0,0,1.0,292,0.0,8.0,8.0,0.0,1.0,0.0,0.0,0.0,0.0
2009,BM,AGJ,Fluoxastrobin,292,0,292,0,0,0,2.0,292,0.0,8.0,8.0,0.0,1.0,0.0,0.0,0.0,0.0
2009,BM,AGJ,Fluoxastrobin,292,0,292,0,0,0,5.0,292,0.0,8.0,8.0,0.0,1.0,0.0,0.0,0.0,0.0
2009,BM,AGJ,Fluoxastrobin,292,0,292,0,0,0,10.0,292,0.0,8.0,8.0,0.0,1.0,0.0,0.0,0.0,0.0
2009,BM,AGJ,Fluoxastrobin,292,0,292,0,0,0,inf,292,0.0,8.0,8.0,0.0,1.0,0.0,0.0,0.0,0.0
2009,BM,AGR,"2,4-dimethylphenyl formamide (2,4-DMPF)",292,0,292,0,0,0,1.0,292,0.0,40.0,40.0,0.0,1.0,0.0,1.0,0.0,1.0
2009,BM,AGR,"2,4-dimethylphenyl formamide (2,4-DMPF)",292,0,292,0,0,0,2.0,292,0.0,40.0,40.0,0.0,1.0,0.0,1.0,0.0,1.0
2009,BM,AGR,"2,4-dimethylphenyl formamide (2,4-DMPF)",292,0,292,0,0,0,5.0,292,0.0,40.0,40.0,0.0,1.0,0.0,1.0,0.0,1.0
2009,BM,AGR,"2,4-dimethylphenyl formamide (2,4-DMPF)",292,0,292,0,0,0,10.0,292,0.0,40.0,40.0,0.0,1.0,0.0,1.0,0.0,1.0
2009,BM,AGR,"2,4-dimethylphenyl formamide (2,4-DMPF)",292,0,292,0,0,0,inf,292,0.0,40.0,40.0,0.0,1.0,0.0,1.0,0.0,1.0
2009,BM,AGT,Spiromesifen,292,0,292,0,0,0,1.0,292,0.0,20.0,20.0,0.0,1.0,0.0,1.0,0.0,0.0
2009,BM,AGT,Spiromesifen,292,0,292,0,0,0,2.0,292,0.0,20.0,20.0,0.0,1.0,0.0,1.0,0.0,0.0
2009,BM,AGT,Spiromesifen,292,0,292,0,0,0,5.0,292,0.0,20.0,20.0,0.0,1.0,0.0,1.0,0.0,0.0
2009,BM,AGT,Spiromesifen,292,0,292,0,0,0,10.0,292,0.0,20.0,20.0,0.0,1.0,0.0,1.0,0.0,0.0
2009,BM,AGT,Spiromesifen,292,0,292,0,0,0,inf,292,0.0,20.0,20.0,0.0,1.0,0.0,1.0,0.0,0.0
2009,BM,AHG,Flufenoxuron,292,0,292,0,0,0,1.0,292,0.0,30.0,30.0,0.0,1.0,0.0,1.0,0.0,1.0
2009,BM,AHG,Flufenoxuron,292,0,292,0,0,0,2.0,292,0.0,30.0,30.0,0.0,1.0,0.0,1.0,0.0,1.0
2009,BM,AHG,Flufenoxuron,292,0,292,0,0,0,5.0,292,0.0,30.0,30.0,0.0,1.0,0.0,1.0,0.0,1.0
2009,BM,AHG,Flufenoxuron,292,0,292,0,0,0,10.0,292,0.0,30.0,30.0,0.0,1.0,0.0,1.0,0.0,1.0
2009,BM,AHG,Flufenoxuron,292,0,292,0,0,0,inf,292,0.0,30.0,30.0,0.0,1.0,0.0,1.0,0.0,1.0
2009,BM,B10,Hexythiazox,292,0,292,0,0,0,1.0,292,0.0,12.0,12.0,0.0,1.0,0.0,1.0,0.0,0.0
2009,BM,B10,Hexythiazox,292,0,292,0,0,0,2.0,292,0.0,12.0,12.0,0.0,1.0,0.0,1.0,0.0,0.0
2009,BM,B10,Hexythiazox,292,0,292,0,0,0,5.0,292,0.0,12.0,12.0,0.0,1.0,0.0,1.0,0.0,0.0
2009,BM,B10,Hexythiazox,292,0,292,0,0,0,10.0,292,0.0,12.0,12.0,0.0,1.0,0.0,1.0,0.0,0.0
2009,BM,B10,Hexythiazox,292,0,292,0,0,0,inf,292,0.0,12.0,12.0,0.0,1.0,0.0,1.0,0.0,0.0
2009,BM,B21,Carfentrazone ethyl,292,0,292,0,0,0,1.0,292,0.0,4.0,4.0,0.0,1.0,0.0,0.0,0.0,0.0
2009,BM,B21,Carfentrazone ethyl,292,0,292,0,0,0,2.0,292,0.0,4.0,4.0,0.0,1.0,0.0,0.0,0.0,0.0
2009,BM,B21,Carfentrazone ethyl,292,0,292,0,0,0,5.0,292,0.0,4.0,4.0,0.0,1.0,0.0,0.0,0.0,0.0
2009,BM,B21,Carfentrazone ethyl,292,0,292,0,0,0,10.0,292,0.0,4.0,4.0,0.0,1.0,0.0,0.0,0.0,0.0
2009,BM,B21,Carfentrazone ethyl,292,0,292,0,0,0,inf,292,0.0,4.0,4.0,0.0,1.0,0.0,0.0,0.0,0.0
2009,BM,B26,Tefluthrin,292,0,292,0,0,0,1.0,292,0.0,1.0,1.0,0.0,0.0,0.0,0.0,0.0,0.0
2009,BM,B26,Tefluthrin,292,0,292,0,0,0,2.0,292,0.0,1.0,1.0,0.0,0.0,0.0,0.0,0.0,0.0
2009,BM,B26,Tefluthrin,292,0,292,0,0,0,5.0,292,0.0,1.0,1.0,0.0,0.0,0.0,0.0,0.0,0.0
2009,BM,B26,Tefluthrin,292,0,292,0,0,0,10.0,292,0.0,1.0,1.0,0.0,0.0,0.0,0.0,0.0,0.0
2009,BM,B26,Tefluthrin,292,0,292,0,0,0,inf,292,0.0,1.0,1.0,0.0,0.0,0.0,0.0,0.0,0.0
2009,BM,B43,Thiamethoxam,292,0,292,0,0,0,1.0,292,0.0,80.0,80.0,0.0,1.0,0.0,1.0,0.0,1.0
2009,BM,B43,Thiamethoxam,292,0,292,0,0,0,2.0,292,0.0,80.0,80.0,0.0,1.0,0.0,1.0,0.0,1.0
2009,BM,B43,Thiamethoxam,292,0,292,0,0,0,5.0,292,0.0,80.0,80.0,0.0,1.0,0.0,1.0,0.0,1.0
2009,BM,B43,Thiamethoxam,292,0,292,0,0,0,10.0,292,0.0,80.0,80.0,0.0,1.0,0.0,1.0,0.0,1.0
2009,BM,B43,Thiamethoxam,292,0,292,0,0,0,inf,292,0.0,80.0,80.0,0.0,1.0,0.0,1.0,0.0,1.0
2009,BM,B48,Azoxystrobin,292,0,292,0,0,0,1.0,292,0.0,4.0,4.0,0.0,1.0,0.0,0.0,0.0,0.0
2009,BM,B48,Azoxystrobin,292,0,292,0,0,0,2.0,292,0.0,4.0,4.0,0.0,1.0,0.0,0.0,0.0,0.0
2009,BM,B48,Azoxystrobin,292,0,292,0,0,0,5.0,292,0.0,4.0,4.0,0.0,1.0,0.0,0.0,0.0,0.0
2009,BM,B48,Azoxystrobin,292,0,292,0,0,0,10.0,292,0.0,4.0,4.0,0.0,1.0,0.0,0.0,0.0,0.0
2009,BM,B48,Azoxystrobin,292,0,292,0,0,0,inf,292,0.0,4.0,4.0,0.0,1.0,0.0,0.0,0.0,0.0
2009,BM,B56,Pyridaben,292,0,292,0,0,0,1.0,292,0.0,4.0,4.0,0.0,1.0,0.0,0.0,0.0,0.0
2009,BM,B56,Pyridaben,292,0,292,0,0,0,2.0,292,0.0,4.0,4.0,0.0,1.0,0.0,0.0,0.0,0.0
2009,BM,B56,Pyridaben,292,0,292,0,0,0,5.0,292,0.0,4.0,4.0,0.0,1.0,0.0,0.0,0.0,0.0
2009,BM,B56,Pyridaben,292,0,292,0,0,0,10.0,292,0.0,4.0,4.0,0.0,1.0,0.0,0.0,0.0,0.0
2009,BM,B56,Pyridaben,292,0,292,0,0,0,inf,292,0.0,4.0,4.0,0.0,1.0,0.0,0.0,0.0,0.0
2009,BM,B61,Pyraclostrobin,292,0,292,0,0,0,1.0,292,0.0,60.0,60.0,0.0,1.0,0.0,1.0,0.0,1.0
2009,BM,B61,Pyraclostrobin,292,0,292,0,0,0,2.0,292,0.0,60.0,60.0,0.0,1.0,0.0,1.0,0.0,1.0
2009,BM,B61,Pyraclostrobin,292,0,292,0,0,0,5.0,292,0.0,60.0,60.0,0.0,1.0,0.0,1.0,0.0,1.0
2009,BM,B61,Pyraclostrobin,292,0,292,0,0,0,10.0,292,0.0,60.0,60.0,0.0,1.0,0.0,1.0,0.0,1.0
2009,BM,B61,Pyraclostrobin,292,0,292,0,0,0,inf,292,0.0,60.0,60.0,0.0,1.0,0.0,1.0,0.0,1.0
2009,BM,B63,Flutolanil,292,0,292,0,0,0,1.0,292,0.0,4.0,4.0,0.0,1.0,0.0,0.0,0.0,0.0
2009,BM,B63,Flutolanil,292,0,292,0,0,0,2.0,292,0.0,4.0,4.0,0.0,1.0,0.0,0.0,0.0,0.0
2009,BM,B63,Flutolanil,292,0,292,0,0,0,5.0,292,0.0,4.0,4.0,0.0,1.0,0.0,0.0,0.0,0.0
2009,BM,B63,Flutolanil,292,0,292,0,0,0,10.0,292,0.0,4.0,4.0,0.0,1.0,0.0,0.0,0.0,0.0
2009,BM,B63,Flutolanil,292,0,292,0,0,0,inf,292,0.0,4.0,4.0,0.0,1.0,0.0,0.0,0.0,0.0
2009,BM,B64,Fenamidone,292,0,292,0,0,0,1.0,292,0.0,20.0,20.0,0.0,1.0,0.0,1.0,0.0,0.0
2009,BM,B64,Fenamidone,292,0,292,0,0,0,2.0,292,0.0,20.0,20.0,0.0,1.0,0.0,1.0,0.0,0.0
2009,BM,B64,Fenamidone,292,0,292,0,0,0,5.0,292,0.0,20.0,20.0,0.0,1.0,0.0,1.0,0.0,0.0
2009,BM,B64,Fenamidone,292,0,292,0,0,0,10.0,292,0.0,20.0,20.0,0.0,1.0,0.0,1.0,0.0,0.0
2009,BM,B64,Fenamidone,292,0,292,0,0,0,inf,292,0.0,20.0,20.0,0.0,1.0,0.0,1.0,0.0,0.0
2009,BM,B68,Thiacloprid,292,0,292,0,0,0,1.0,292,0.0,8.0,8.0,0.0,1.0,0.0,0.0,0.0,0.0
2009,BM,B68,Thiacloprid,292,0,292,0,0,0,2.0,292,0.0,8.0,8.0,0.0,1.0,0.0,0.0,0.0,0.0
2009,BM,B68,Thiacloprid,292,0,292,0,0,0,5.0,292,0.0,8.0,8.0,0.0,1.0,0.0,0.0,0.0,0.0
2009,BM,B68,Thiacloprid,292,0,292,0,0,0,10.0,292,0.0,8.0,8.0,0.0,1.0,0.0,0.0,0.0,0.0
2009,BM,B68,Thiacloprid,292,0,292,0,0,0,inf,292,0.0,8.0,8.0,0.0,1.0,0.0,0.0,0.0,0.0
2009,BM,B75,Boscalid,292,0,292,0,0,0,1.0,292,0.0,12.0,12.0,0.0,1.0,0.0,1.0,0.0,0.0
2009,BM,B75,Boscalid,292,0,292,0,0,0,2.0,292,0.0,12.0,12.0,0.0,1.0,0.0,1.0,0.0,0.0
2009,BM,B75,Boscalid,292,0,292,0,0,0,5.0,292,0.0,12.0,12.0,0.0,1.0,0.0,1.0,0.0,0.0
2009,BM,B75,Boscalid,292,0,292,0,0,0,10.0,292,0.0,12.0,12.0,0.0,1.0,0.0,1.0,0.0,0.0
2009,BM,B75,Boscalid,292,0,292,0,0,0,inf,292,0.0,12.0,12.0,0.0,1.0,0.0,1.0,0.0,0.0
2009,BM,B79,Trifloxystrobin,292,0,292,0,0,0,1.0,292,0.0,4.0,4.0,0.0,1.0,0.0,0.0,0.0,0.0
2009,BM,B79,Trifloxystrobin,292,0,292,0,0,0,2.0,292,0.0,4.0,4.0,0.0,1.0,0.0,0.0,0.0,0.0
2009,BM,B79,Trifloxystrobin,292,0,292,0,0,0,5.0,292,0.0,4.0,4.0,0.0,1.0,0.0,0.0,0.0,0.0
2009,BM,B79,Trifloxystrobin,292,0,292,0,0,0,10.0,292,0.0,4.0,4.0,0.0,1.0,0.0,0.0,0.0,0.0
2009,BM,B79,Trifloxystrobin,292,0,292,0,0,0,inf,292,0.0,4.0,4.0,0.0,1.0,0.0,0.0,0.0,0.0
2009,BM,B80,Acetamiprid,292,0,292,0,0,0,1.0,292,0.0,60.0,60.0,0.0,1.0,0.0,1.0,0.0,1.0
2009,BM,B80,Acetamiprid,292,0,292,0,0,0,2.0,292,0.0,60.0,60.0,0.0,1.0,0.0,1.0,0.0,1.0
2009,BM,B80,Acetamiprid,292,0,292,0,0,0,5.0,292,0.0,60.0,60.0,0.0,1.0,0.0,1.0,0.0,1.0
2009,BM,B80,Acetamiprid,292,0,292,0,0,0,10.0,292,0.0,60.0,60.0,0.0,1.0,0.0,1.0,0.0,1.0
2009,BM,B80,Acetamiprid,292,0,292,0,0,0,inf,292,0.0,60.0,60.0,0.0,1.0,0.0,1.0,0.0,1.0
2009,BM,B82,Bifenazate,292,0,292,0,0,0,1.0,292,0.0,40.0,40.0,0.0,1.0,0.0,1.0,0.0,1.0
2009,BM,B82,Bifenazate,292,0,292,0,0,0,2.0,292,0.0,40.0,40.0,0.0,1.0,0.0,1.0,0.0,1.0
2009,BM,B82,Bifenazate,292,0,292,0,0,0,5.0,292,0.0,40.0,40.0,0.0,1.0,0.0,1.0,0.0,1.0
2009,BM,B82,Bifenazate,292,0,292,0,0,0,10.0,292,0.0,40.0,40.0,0.0,1.0,0.0,1.0,0.0,1.0
2009,BM,B82,Bifenazate,292,0,292,0,0,0,inf,292,0.0,40.0,40.0,0.0,1.0,0.0,1.0,0.0,1.0
2009,BM,B85,Spirodiclofen,292,0,292,0,0,0,1.0,292,0.0,2.0,2.0,0.0,0.0,0.0,0.0,0.0,0.0
2009,BM,B85,Spirodiclofen,292,0,292,0,0,0,2.0,292,0.0,2.0,2.0,0.0,0.0,0.0,0.0,0.0,0.0
2009,BM,B85,Spirodiclofen,292,0,292,0,0,0,5.0,292,0.0,2.0,2.0,0.0,0.0,0.0,0.0,0.0,0.0
2009,BM,B85,Spirodiclofen,292,0,292,0,0,0,10.0,292,0.0,2.0,2.0,0.0,0.0,0.0,0.0,0.0,0.0
2009,BM,B85,Spirodiclofen,292,0,292,0,0,0,inf,292,0.0,2.0,2.0,0.0,0.0,0.0,0.0,0.0,0.0
2009,FC,001,Aldrin,543,0,543,0,0,0,1.0,543,0.0,5.0,5.0,0.0,1.0,0.0,0.0,0.0,0.0
2009,FC,001,Aldrin,543,0,543,0,0,0,2.0,543,0.0,5.0,5.0,0.0,1.0,0.0,0.0,0.0,0.0
2009,FC,001,Aldrin,543,0,543,0,0,0,5.0,543,0.0,5.0,5.0,0.0,1.0,0.0,0.0,0.0,0.0
2009,FC,001,Aldrin,543,0,543,0,0,0,10.0,543,0.0,5.0,5.0,0.0,1.0,0.0,0.0,0.0,0.0
2009,FC,001,Aldrin,543,0,543,0,0,0,inf,543,0.0,5.0,5.0,0.0,1.0,0.0,0.0,0.0,0.0
2009,FC,002,Allethrin,543,0,543,0,0,0,1.0,543,0.0,5.0,5.0,0.0,1.0,0.0,0.0,0.0,0.0
2009,FC,002,Allethrin,543,0,543,0,0,0,2.0,543,0.0,5.0,5.0,0.0,1.0,0.0,0.0,0.0,0.0
2009,FC,002,Allethrin,543,0,543,0,0,0,5.0,543,0.0,5.0,5.0,0.0,1.0,0.0,0.0,0.0,0.0
2009,FC,002,Allethrin,543,0,543,0,0,0,10.0,543,0.0,5.0,5.0,0.0,1.0,0.0,0.0,0.0,0.0
2009,FC,002,Allethrin,543,0,543,0,0,0,inf,543,0.0,5.0,5.0,0.0,1.0,0.0,0.0,0.0,0.0
2009,FC,011,Captan,543,0,543,0,0,0,1.0,543,0.0,5.0,5.0,0.0,1.0,0.0,0.0,0.0,0.0
2009,FC,011,Captan,543,0,543,0,0,0,2.0,543,0.0,5.0,5.0,0.0,1.0,0.0,0.0,0.0,0.0
2009,FC,011,Captan,543,0,543,0,0,0,5.0,543,0.0,5.0,5.0,0.0,1.0,0.0,0.0,0.0,0.0
2009,FC,011,Captan,543,0,543,0,0,0,10.0,543,0.0,5.0,5.0,0.0,1.0,0.0,0.0,0.0,0.0
2009,FC,011,Captan,543,0,543,0,0,0,inf,543,0.0,5.0,5.0,0.0,1.0,0.0,0.0,0.0,0.0
2009,FC,015,Chlorobenzilate,543,543,0,0,0,0,1.0,543,0.0,5.0,5.0,0.0,1.0,0.0,0.0,0.0,0.0
2009,FC,015,Chlorobenzilate,543,543,0,0,0,0,2.0,543,0.0,10.0,10.0,0.0,1.0,0.0,0.0,0.0,0.0
2009,FC,015,Chlorobenzilate,543,543,0,0,0,0,5.0,543,0.0,25.0,25.0,0.0,1.0,0.0,1.0,0.0,1.0
2009,FC,015,Chlorobenzilate,543,543,0,0,0,0,10.0,543,0.0,50.0,50.0,0.0,1.0,0.0,1.0,0.0,1.0
2009,FC,015,Chlorobenzilate,543,543,0,0,0,0,inf,543,0.0,inf,inf,0.0,1.0,0.0,1.0,0.0,1.0
2009,FC,024,Diazinon,543,0,543,0,0,0,1.0,543,0.0,1.0,1.0,0.0,0.0,0.0,0.0,0.0,0.0
2009,FC,024,Diazinon,543,0,543,0,0,0,2.0,543,0.0,1.0,1.0,0.0,0.0,0.0,0.0,0.0,0.0
2009,FC,024,Diazinon,543,0,543,0,0,0,5.0,543,0.0,1.0,1.0,0.0,0.0,0.0,0.0,0.0,0.0
2009,FC,024,Diazinon,543,0,543,0,0,0,10.0,543,0.0,1.0,1.0,0.0,0.0,0.0,0.0,0.0,0.0
2009,FC,024,Diazinon,543,0,543,0,0,0,inf,543,0.0,1.0,1.0,0.0,0.0,0.0,0.0,0.0,0.0
2009,FC,028,Dieldrin,543,0,537,6,0,0,1.0,543,0.13959484346224676,5.0843462246777165,4.94475138121547,0.011049723756906077,1.0,0.0055248618784530384,0.0055248618784530384,0.001841620626151013,0.001841620626151013
2009,FC,028,Dieldrin,543,0,537,6,0,0,2.0,543,0.13959484346224676,5.0843462246777165,4.94475138121547,0.011049723756906077,1.0,0.0055248618784530384,0.0055248618784530384,0.001841620626151013,0.001841620626151013
2009,FC,028,Dieldrin,543,0,537,6,0,0,5.0,543,0.13959484346224676,5.0843462246777165,4.94475138121547,0.011049723756906077,1.0,0.0055248618784530384,0.0055248618784530384,0.001841620626151013,0.001841620626151013
2009,FC,028,Dieldrin,543,0,537,6,0,0,10.0,543,0.13959484346224676,5.0843462246777165,4.94475138121547,0.011049723756906077,1.0,0.0055248618784530384,0.0055248618784530384,0.001841620626151013,0.001841620626151013
2009,FC,028,Dieldrin,543,0,537,6,0,0,inf,543,0.13959484346224676,5.0843462246777165,4.94475138121547,0.011049723756906077,1.0,0.0055248618784530384,0.0055248618784530384,0.001841620626151013,0.001841620626151013
2009,FC,032,Diuron,543,0,505,38,0,0,1.0,543,2.7116022099447514,17.591896869244934,14.880294659300183,0.06998158379373849,1.0,0.06998158379373849,1.0,0.053406998158379376,0.053406998158379376
2009,FC,032,Diuron,543,0,505,38,0,0,2.0,543,2.7116022099447514,17.591896869244934,14.880294659300183,0.06998158379373849,1.0,0.06998158379373849,1.0,0.053406998158379376,0.053406998158379376
2009,FC,032,Diuron,543,0,505,38,0,0,5.0,543,2.7116022099447514,17.591896869244934,14.880294659300183,0.06998158379373849,1.0,0.06998158379373849,1.0,0.053406998158379376,0.053406998158379376
2009,FC,032,Diuron,543,0,505,38,0,0,10.0,543,2.7116022099447514,17.591896869244934,14.880294659300183,0.06998158379373849,1.0,0.06998158379373849,1.0,0.053406998158379376,0.053406998158379376
2009,FC,032,Diuron,543,0,505,38,0,0,inf,543,2.7116022099447514,17.591896869244934,14.880294659300183,0.06998158379373849,1.0,0.06998158379373849,1.0,0.053406998158379376,0.053406998158379376
2009,FC,034,Endrin,543,0,543,0,0,0,1.0,543,0.0,5.0,5.0,0.0,1.0,0.0,0.0,0.0,0.0
2009,FC,034,Endrin,543,0,543,0,0,0,2.0,543,0.0,5.0,5.0,0.0,1.0,0.0,0.0,0.0,0.0
2009,FC,034,Endrin,543,0,543,0,0,0,5.0,543,0.0,5.0,5.0,0.0,1.0,0.0,0.0,0.0,0.0
2009,FC,034,Endrin,543,0,543,0,0,0,10.0,543,0.0,5.0,5.0,0.0,1.0,0.0,0.0,0.0,0.0
2009,FC,034,Endrin,543,0,543,0,0,0,inf,543,0.0,5.0,5.0,0.0,1.0,0.0,0.0,0.0,0.0
2009,FC,035,EPN,543,0,543,0,0,0,1.0,543,0.0,1.0,1.0,0.0,0.0,0.0,0.0,0.0,0.0
2009,FC,035,EPN,543,0,543,0,0,0,2.0,543,0.0,1.0,1.0,0.0,0.0,0.0,0.0,0.0,0.0
2009,FC,035,EPN,543,0,543,0,0,0,5.0,543,0.0,1.0,1.0,0.0,0.0,0.0,0.0,0.0,0.0
2009,FC,035,EPN,543,0,543,0,0,0,10.0,543,0.0,1.0,1.0,0.0,0.0,0.0,0.0,0.0,0.0
2009,FC,035,EPN,543,0,543,0,0,0,inf,543,0.0,1.0,1.0,0.0,0.0,0.0,0.0,0.0,0.0
2009,FC,042,Azinphos methyl,543,0,543,0,0,0,1.0,543,0.0,2.0,2.0,0.0,0.0,0.0,0.0,0.0,0.0
2009,FC,042,Azinphos methyl,543,0,543,0,0,0,2.0,543,0.0,2.0,2.0,0.0,0.0,0.0,0.0,0.0,0.0
2009,FC,042,Azinphos methyl,543,0,543,0,0,0,5.0,543,0.0,2.0,2.0,0.0,0.0,0.0,0.0,0.0,0.0
2009,FC,042,Azinphos methyl,543,0,543,0,0,0,10.0,543,0.0,2.0,2.0,0.0,0.0,0.0,0.0,0.0,0.0
2009,FC,042,Azinphos methyl,543,0,543,0,0,0,inf,543,0.0,2.0,2.0,0.0,0.0,0.0,0.0,0.0,0.0
2009,FC,044,Heptachlor,543,0,543,0,0,0,1.0,543,0.0,5.0,5.0,0.0,1.0,0.0,0.0,0.0,0.0
2009,FC,044,Heptachlor,543,0,543,0,0,0,2.0,543,0.0,5.0,5.0,0.0,1.0,0.0,0.0,0.0,0.0
2009,FC,044,Heptachlor,543,0,543,0,0,0,5.0,543,0.0,5.0,5.0,0.0,1.0,0.0,0.0,0.0,0.0
2009,FC,044,Heptachlor,543,0,543,0,0,0,10.0,543,0.0,5.0,5.0,0.0,1.0,0.0,0.0,0.0,0.0
2009,FC,044,Heptachlor,543,0,543,0,0,0,inf,543,0.0,5.0,5.0,0.0,1.0,0.0,0.0,0.0,0.0
2009,FC,050,Lindane (BHC gamma),543,0,541,2,0,0,1.0,543,0.00976058931860037,2.002394106813996,1.9926335174953957,0.003683241252302026,0.003683241252302026,0.0,0.0,0.0,0.0
2009,FC,050,Lindane (BHC gamma),543,0,541,2,0,0,2.0,543,0.00976058931860037,2.002394106813996,1.9926335174953957,0.003683241252302026,0.003683241252302026,0.0,0.0,0.0,0.0
2009,FC,050,Lindane (BHC gamma),543,0,541,2,0,0,5.0,543,0.00976058931860037,2.002394106813996,1.9926335174953957,0.003683241252302026,0.003683241252302026,0.0,0.0,0.0,0.0
2009,FC,050,Lindane (BHC gamma),543,0,541,2,0,0,10.0,543,0.00976058931860037,2.002394106813996,1.9926335174953957,0.003683241252302026,0.003683241252302026,0.0,0.0,0.0,0.0
2009,FC,050,Lindane (BHC gamma),543,0,541,2,0,0,inf,543,0.00976058931860037,2.002394106813996,1.9926335174953957,0.003683241252302026,0.003683241252302026,0.0,0.0,0.0,0.0
2009,FC,052,Malathion,543,543,0,0,0,0,1.0,543,0.0,1.0,1.0,0.0,0.0,0.0,0.0,0.0,0.0
2009,FC,052,Malathion,543,543,0,0,0,0,2.0,543,0.0,2.0,2.0,0.0,0.0,0.0,0.0,0.0,0.0
2009,FC,052,Malathion,543,543,0,0,0,0,5.0,543,0.0,5.0,5.0,0.0,1.0,0.0,0.0,0.0,0.0
2009,FC,052,Malathion,543,543,0,0,0,0,10.0,543,0.0,10.0,10.0,0.0,1.0,0.0,0.0,0.0,0.0
2009,FC,052,Malathion,543,543,0,0,0,0,inf,543,0.0,inf,inf,0.0,1.0,0.0,1.0,0.0,1.0
2009,FC,057,Parathion methyl,543,0,543,0,0,0,1.0,543,0.0,1.0,1.0,0.0,0.0,0.0,0.0,0.0,0.0
2009,FC,057,Parathion methyl,543,0,543,0,0,0,2.0,543,0.0,1.0,1.0,0.0,0.0,0.0,0.0,0.0,0.0
2009,FC,057,Parathion methyl,543,0,543,0,0,0,5.0,543,0.0,1.0,1.0,0.0,0.0,0.0,0.0,0.0,0.0
2009,FC,057,Parathion methyl,543,0,543,0,0,0,10.0,543,0.0,1.0,1.0,0.0,0.0,0.0,0.0,0.0,0.0
2009,FC,057,Parathion methyl,543,0,543,0,0,0,inf,543,0.0,1.0,1.0,0.0,0.0,0.0,0.0,0.0,0.0
2009,FC,058,MGK-264,543,0,542,1,0,0,1.0,543,0.029465930018416207,11.594843462246777,11.56537753222836,0.001841620626151013,1.0,0.001841620626151013,0.6593001841620626,0.0,0.0
2009,FC,058,MGK-264,543,0,542,1,0,0,2.0,543,0.029465930018416207,11.594843462246777,11.56537753222836,0.001841620626151013,1.0,0.001841620626151013,0.6593001841620626,0.0,0.0
2009,FC,058,MGK-264,543,0,542,1,0,0,5.0,543,0.029465930018416207,11.594843462246777,11.56537753222836,0.001841620626151013,1.0,0.001841620626151013,0.6593001841620626,0.0,0.0
2009,FC,058,MGK-264,543,0,542,1,0,0,10.0,543,0.029465930018416207,11.594843462246777,11.56537753222836,0.001841620626151013,1.0,0.001841620626151013,0.6593001841620626,0.0,0.0
2009,FC,058,MGK-264,543,0,542,1,0,0,inf,543,0.029465930018416207,11.594843462246777,11.56537753222836,0.001841620626151013,1.0,0.001841620626151013,0.6593001841620626,0.0,0.0
2009,FC,065,Parathion ethyl,543,542,0,1,0,0,1.0,543,0.004235727440147329,2.0005524861878454,1.9963167587476982,0.001841620626151013,0.001841620626151013,0.0,0.0,0.0,0.0
2009,FC,065,Parathion ethyl,543,542,0,1,0,0,2.0,543,0.004235727440147329,3.9968692449355436,3.9926335174953964,0.001841620626151013,1.0,0.0,0.0,0.0,0.0
2009,FC,065,Parathion ethyl,543,542,0,1,0,0,5.0,543,0.004235727440147329,9.985819521178637,9.98158379373849,0.001841620626151013,1.0,0.0,0.0,0.0,0.0
2009,FC,065,Parathion ethyl,543,542,0,1,0,0,10.0,543,0.004235727440147329,19.967403314917124,19.963167587476978,0.001841620626151013,1.0,0.0,0.998158379373849,0.0,0.0
2009,FC,065,Parathion ethyl,543,542,0,1,0,0,inf,543,0.004235727440147329,inf,inf,0.001841620626151013,1.0,0.0,0.998158379373849,0.0,0.998158379373849
2009,FC,069,Mevinphos Total,543,0,543,0,0,0,1.0,543,0.0,10.0,10.0,0.0,1.0,0.0,0.0,0.0,0.0
2009,FC,069,Mevinphos Total,543,0,543,0,0,0,2.0,543,0.0,10.0,10.0,0.0,1.0,0.0,0.0,0.0,0.0
2009,FC,069,Mevinphos Total,543,0,543,0,0,0,5.0,543,0.0,10.0,10.0,0.0,1.0,0.0,0.0,0.0,0.0
2009,FC,069,Mevinphos Total,543,0,543,0,0,0,10.0,543,0.0,10.0,10.0,0.0,1.0,0.0,0.0,0.0,0.0
2009,FC,069,Mevinphos Total,543,0,543,0,0,0,inf,543,0.0,10.0,10.0,0.0,1.0,0.0,0.0,0.0,0.0
2009,FC,070,Piperonyl butoxide,543,0,540,3,0,0,1.0,543,0.18103130755064456,6.103683241252303,5.922651933701658,0.0055248618784530384,0.6611418047882136,0.003683241252302026,0.003683241252302026,0.001841620626151013,0.001841620626151013
2009,FC,070,Piperonyl butoxide,543,0,540,3,0,0,2.0,543,0.18103130755064456,6.103683241252303,5.922651933701658,0.0055248618784530384,0.6611418047882136,0.003683241252302026,0.003683241252302026,0.001841620626151013,0.001841620626151013
2009,FC,070,Piperonyl butoxide,543,0,540,3,0,0,5.0,543,0.18103130755064456,6.103683241252303,5.922651933701658,0.0055248618784530384,0.6611418047882136,0.003683241252302026,0.003683241252302026,0.001841620626151013,0.001841620626151013
2009,FC,070,Piperonyl butoxide,543,0,540,3,0,0,10.0,543,0.18103130755064456,6.103683241252303,5.922651933701658,0.0055248618784530384,0.6611418047882136,0.003683241252302026,0.003683241252302026,0.001841620626151013,0.001841620626151013
2009,FC,070,Piperonyl butoxide,543,0,540,3,0,0,inf,543,0.18103130755064456,6.103683241252303,5.922651933701658,0.0055248618784530384,0.6611418047882136,0.003683241252302026,0.003683241252302026,0.001841620626151013,0.001841620626151013
2009,FC,075,Pyrethrins,543,0,543,0,0,0,1.0,543,0.0,10.0,10.0,0.0,1.0,0.0,0.0,0.0,0.0
2009,FC,075,Pyrethrins,543,0,543,0,0,0,2.0,543,0.0,10.0,10.0,0.0,1.0,0.0,0.0,0.0,0.0
2009,FC,075,Pyrethrins,543,0,543,0,0,0,5.0,543,0.0,10.0,10.0,0.0,1.0,0.0,0.0,0.0,0.0
2009,FC,075,Pyrethrins,543,0,543,0,0,0,10.0,543,0.0,10.0,10.0,0.0,1.0,0.0,0.0,0.0,0.0
2009,FC,075,Pyrethrins,543,0,543,0,0,0,inf,543,0.0,10.0,10.0,0.0,1.0,0.0,0.0,0.0,0.0
2009,FC,090,Toxaphene,543,0,508,35,0,0,1.0,543,9.263904235727441,56.041068139963166,46.77716390423572,0.06445672191528545,1.0,0.06445672191528545,1.0,0.06445672191528545,1.0
2009,FC,090,Toxaphene,543,0,508,35,0,0,2.0,543,9.263904235727441,56.041068139963166,46.77716390423572,0.06445672191528545,1.0,0.06445672191528545,1.0,0.06445672191528545,1.0
2009,FC,090,Toxaphene,543,0,508,35,0,0,5.0,543,9.263904235727441,56.041068139963166,46.77716390423572,0.06445672191528545,1.0,0.06445672191528545,1.0,0.06445672191528545,1.0
2009,FC,090,Toxaphene,543,0,508,35,0,0,10.0,543,9.263904235727441,56.041068139963166,46.77716390423572,0.06445672191528545,1.0,0.06445672191528545,1.0,0.06445672191528545,1.0
2009,FC,090,Toxaphene,543,0,508,35,0,0,inf,543,9.263904235727441,56.041068139963166,46.77716390423572,0.06445672191528545,1.0,0.06445672191528545,1.0,0.06445672191528545,1.0
2009,FC,102,Carbaryl,543,0,543,0,0,0,1.0,543,0.0,5.0,5.0,0.0,1.0,0.0,0.0,0.0,0.0
2009,FC,102,Carbaryl,543,0,543,0,0,0,2.0,543,0.0,5.0,5.0,0.0,1.0,0.0,0.0,0.0,0.0
2009,FC,102,Carbaryl,543,0,543,0,0,0,5.0,543,0.0,5.0,5.0,0.0,1.0,0.0,0.0,0.0,0.0
2009,FC,102,Carbaryl,543,0,543,0,0,0,10.0,543,0.0,5.0,5.0,0.0,1.0,0.0,0.0,0.0,0.0
2009,FC,102,Carbaryl,543,0,543,0,0,0,inf,543,0.0,5.0,5.0,0.0,1.0,0.0,0.0,0.0,0.0
2009,FC,108,Tetradifon,543,0,543,0,0,0,1.0,543,0.0,1.0,1.0,0.0,0.0,0.0,0.0,0.0,0.0
2009,FC,108,Tetradifon,543,0,543,0,0,0,2.0,543,0.0,1.0,1.0,0.0,0.0,0.0,0.0,0.0,0.0
2009,FC,108,Tetradifon,543,0,543,0,0,0,5.0,543,0.0,1.0,1.0,0.0,0.0,0.0,0.0,0.0,0.0
2009,FC,108,Tetradifon,543,0,543,0,0,0,10.0,543,0.0,1.0,1.0,0.0,0.0,0.0,0.0,0.0,0.0
2009,FC,108,Tetradifon,543,0,543,0,0,0,inf,543,0.0,1.0,1.0,0.0,0.0,0.0,0.0,0.0,0.0
2009,FC,114,Chlorpropham,543,0,543,0,0,0,1.0,543,0.0,16.593001841620627,16.593001841620627,0.0,1.0,0.0,0.6593001841620626,0.0,0.0
2009,FC,114,Chlorpropham,543,0,543,0,0,0,2.0,543,0.0,16.593001841620627,16.593001841620627,0.0,1.0,0.0,0.6593001841620626,0.0,0.0
2009,FC,114,Chlorpropham,543,0,543,0,0,0,5.0,543,0.0,16.593001841620627,16.593001841620627,0.0,1.0,0.0,0.6593001841620626,0.0,0.0
2009,FC,114,Chlorpropham,543,0,543,0,0,0,10.0,543,0.0,16.593001841620627,16.593001841620627,0.0,1.0,0.0,0.6593001841620626,0.0,0.0
2009,FC,114,Chlorpropham,543,0,543,0,0,0,inf,543,0.0,16.593001841620627,16.593001841620627,0.0,1.0,0.0,0.6593001841620626,0.0,0.0
2009,FC,117,Disulfoton,543,0,543,0,0,0,1.0,543,0.0,5.0,5.0,0.0,1.0,0.0,0.0,0.0,0.0
2009,FC,117,Disulfoton,543,0,543,0,0,0,2.0,543,0.0,5.0,5.0,0.0,1.0,0.0,0.0,0.0,0.0
2009,FC,117,Disulfoton,543,0,543,0,0,0,5.0,543,0.0,5.0,5.0,0.0,1.0,0.0,0.0,0.0,0.0
2009,FC,117,Disulfoton,543,0,543,0,0,0,10.0,543,0.0,5.0,5.0,0.0,1.0,0.0,0.0,0.0,0.0
2009,FC,117,Disulfoton,543,0,543,0,0,0,inf,543,0.0,5.0,5.0,0.0,1.0,0.0,0.0,0.0,0.0
2009,FC,124,Coumaphos,543,0,543,0,0,0,1.0,543,0.0,1.0,1.0,0.0,0.0,0.0,0.0,0.0,0.0
2009,FC,124,Coumaphos,543,0,543,0,0,0,2.0,543,0.0,1.0,1.0,0.0,0.0,0.0,0.0,0.0,0.0
2009,FC,124,Coumaphos,543,0,543,0,0,0,5.0,543,0.0,1.0,1.0,0.0,0.0,0.0,0.0,0.0,0.0
2009,FC,124,Coumaphos,543,0,543,0,0,0,10.0,543,0.0,1.0,1.0,0.0,0.0,0.0,0.0,0.0,0.0
2009,FC,124,Coumaphos,543,0,543,0,0,0,inf,543,0.0,1.0,1.0,0.0,0.0,0.0,0.0,0.0,0.0
2009,FC,125,Diphenylamine (DPA),543,0,536,7,0,0,1.0,543,0.01878453038674033,1.665193370165746,1.6464088397790055,0.001841620626151013,0.001841620626151013,0.0,0.0,0.0,0.0
2009,FC,125,Diphenylamine (DPA),543,0,536,7,0,0,2.0,543,0.01878453038674033,1.665193370165746,1.6464088397790055,0.001841620626151013,0.001841620626151013,0.0,0.0,0.0,0.0
2009,FC,125,Diphenylamine (DPA),543,0,536,7,0,0,5.0,543,0.01878453038674033,1.665193370165746,1.6464088397790055,0.001841620626151013,0.001841620626151013,0.0,0.0,0.0,0.0
2009,FC,125,Diphenylamine (DPA),543,0,536,7,0,0,10.0,543,0.01878453038674033,1.665193370165746,1.6464088397790055,0.001841620626151013,0.001841620626151013,0.0,0.0,0.0,0.0
2009,FC,125,Diphenylamine (DPA),543,0,536,7,0,0,inf,543,0.01878453038674033,1.665193370165746,1.6464088397790055,0.001841620626151013,0.001841620626151013,0.0,0.0,0.0,0.0
2009,FC,129,Linuron,543,0,543,0,0,0,1.0,543,0.0,5.0,5.0,0.0,1.0,0.0,0.0,0.0,0.0
2009,FC,129,Linuron,543,0,543,0,0,0,2.0,543,0.0,5.0,5.0,0.0,1.0,0.0,0.0,0.0,0.0
2009,FC,129,Linuron,543,0,543,0,0,0,5.0,543,0.0,5.0,5.0,0.0,1.0,0.0,0.0,0.0,0.0
2009,FC,129,Linuron,543,0,543,0,0,0,10.0,543,0.0,5.0,5.0,0.0,1.0,0.0,0.0,0.0,0.0
2009,FC,129,Linuron,543,0,543,0,0,0,inf,543,0.0,5.0,5.0,0.0,1.0,0.0,0.0,0.0,0.0
2009,FC,134,DCPA,543,0,543,0,0,0,1.0,543,0.0,1.0,1.0,0.0,0.0,0.0,0.0,0.0,0.0
2009,FC,134,DCPA,543,0,543,0,0,0,2.0,543,0.0,1.0,1.0,0.0,0.0,0.0,0.0,0.0,0.0
2009,FC,134,DCPA,543,0,543,0,0,0,5.0,543,0.0,1.0,1.0,0.0,0.0,0.0,0.0,0.0,0.0
2009,FC,134,DCPA,543,0,543,0,0,0,10.0,543,0.0,1.0,1.0,0.0,0.0,0.0,0.0,0.0,0.0
2009,FC,134,DCPA,543,0,543,0,0,0,inf,543,0.0,1.0,1.0,0.0,0.0,0.0,0.0,0.0,0.0
2009,FC,143,Heptachlor epoxide,543,0,543,0,0,0,1.0,543,0.0,5.0,5.0,0.0,1.0,0.0,0.0,0.0,0.0
2009,FC,143,Heptachlor epoxide,543,0,543,0,0,0,2.0,543,0.0,5.0,5.0,0.0,1.0,0.0,0.0,0.0,0.0
2009,FC,143,Heptachlor epoxide,543,0,543,0,0,0,5.0,543,0.0,5.0,5.0,0.0,1.0,0.0,0.0,0.0,0.0
2009,FC,143,Heptachlor epoxide,543,0,543,0,0,0,10.0,543,0.0,5.0,5.0,0.0,1.0,0.0,0.0,0.0,0.0
2009,FC,143,Heptachlor epoxide,543,0,543,0,0,0,inf,543,0.0,5.0,5.0,0.0,1.0,0.0,0.0,0.0,0.0
2009,FC,144,Dicloran,543,0,543,0,0,0,1.0,543,0.0,1.0,1.0,0.0,0.0,0.0,0.0,0.0,0.0
2009,FC,144,Dicloran,543,0,543,0,0,0,2.0,543,0.0,1.0,1.0,0.0,0.0,0.0,0.0,0.0,0.0
2009,FC,144,Dicloran,543,0,543,0,0,0,5.0,543,0.0,1.0,1.0,0.0,0.0,0.0,0.0,0.0,0.0
2009,FC,144,Dicloran,543,0,543,0,0,0,10.0,543,0.0,1.0,1.0,0.0,0.0,0.0,0.0,0.0,0.0
2009,FC,144,Dicloran,543,0,543,0,0,0,inf,543,0.0,1.0,1.0,0.0,0.0,0.0,0.0,0.0,0.0
2009,FC,148,Phorate,543,0,543,0,0,0,1.0,543,0.0,8.933701657458563,8.933701657458563,0.0,1.0,0.0,0.6593001841620626,0.0,0.0
2009,FC,148,Phorate,543,0,543,0,0,0,2.0,543,0.0,8.933701657458563,8.933701657458563,0.0,1.0,0.0,0.6593001841620626,0.0,0.0
2009,FC,148,Phorate,543,0,543,0,0,0,5.0,543,0.0,8.933701657458563,8.933701657458563,0.0,1.0,0.0,0.6593001841620626,0.0,0.0
2009,FC,148,Phorate,543,0,543,0,0,0,10.0,543,0.0,8.933701657458563,8.933701657458563,0.0,1.0,0.0,0.6593001841620626,0.0,0.0
2009,FC,148,Phorate,543,0,543,0,0,0,inf,543,0.0,8.933701657458563,8.933701657458563,0.0,1.0,0.0,0.6593001841620626,0.0,0.0
2009,FC,149,Simazine,543,0,543,0,0,0,1.0,543,0.0,3.0,3.0,0.0,1.0,0.0,0.0,0.0,0.0
2009,FC,149,Simazine,543,0,543,0,0,0,2.0,543,0.0,3.0,3.0,0.0,1.0,0.0,0.0,0.0,0.0
2009,FC,149,Simazine,543,0,543,0,0,0,5.0,543,0.0,3.0,3.0,0.0,1.0,0.0,0.0,0.0,0.0
2009,FC,149,Simazine,543,0,543,0,0,0,10.0,543,0.0,3.0,3.0,0.0,1.0,0.0,0.0,0.0,0.0
2009,FC,149,Simazine,543,0,543,0,0,0,inf,543,0.0,3.0,3.0,0.0,1.0,0.0,0.0,0.0,0.0
2009,FC,151,Trifluralin,543,0,535,8,0,0,1.0,543,0.3388581952117864,1.3241252302025783,0.9852670349907919,0.007366482504604052,0.007366482504604052,0.007366482504604052,0.007366482504604052,0.0055248618784530384,0.0055248618784530384
2009,FC,151,Trifluralin,543,0,535,8,0,0,2.0,543,0.3388581952117864,1.3241252302025783,0.9852670349907919,0.007366482504604052,0.007366482504604052,0.007366482504604052,0.007366482504604052,0.0055248618784530384,0.0055248618784530384
2009,FC,151,Trifluralin,543,0,535,8,0,0,5.0,543,0.3388581952117864,1.3241252302025783,0.9852670349907919,0.007366482504604052,0.007366482504604052,0.007366482504604052,0.007366482504604052,0.0055248618784530384,0.0055248618784530384
2009,FC,151,Trifluralin,543,0,535,8,0,0,10.0,543,0.3388581952117864,1.3241252302025783,0.9852670349907919,0.007366482504604052,0.007366482504604052,0.007366482504604052,0.007366482504604052,0.0055248618784530384,0.0055248618784530384
2009,FC,151,Trifluralin,543,0,535,8,0,0,inf,543,0.3388581952117864,1.3241252302025783,0.9852670349907919,0.007366482504604052,0.007366482504604052,0.007366482504604052,0.007366482504604052,0.0055248618784530384,0.0055248618784530384
2009,FC,158,Nitrofen,543,0,543,0,0,0,1.0,543,0.0,1.0,1.0,0.0,0.0,0.0,0.0,0.0,0.0
2009,FC,158,Nitrofen,543,0,543,0,0,0,2.0,543,0.0,1.0,1.0,0.0,0.0,0.0,0.0,0.0,0.0
2009,FC,158,Nitrofen,543,0,543,0,0,0,5.0,543,0.0,1.0,1.0,0.0,0.0,0.0,0.0,0.0,0.0
2009,FC,158,Nitrofen,543,0,543,0,0,0,10.0,543,0.0,1.0,1.0,0.0,0.0,0.0,0.0,0.0,0.0
2009,FC,158,Nitrofen,543,0,543,0,0,0,inf,543,0.0,1.0,1.0,0.0,0.0,0.0,0.0,0.0,0.0
2009,FC,159,Methomyl,543,543,0,0,0,0,1.0,543,0.0,6.0,6.0,0.0,1.0,0.0,0.0,0.0,0.0
2009,FC,159,Methomyl,543,543,0,0,0,0,2.0,543,0.0,12.0,12.0,0.0,1.0,0.0,1.0,0.0,0.0
2009,FC,159,Methomyl,543,543,0,0,0,0,5.0,543,0.0,30.0,30.0,0.0,1.0,0.0,1.0,0.0,1.0
2009,FC,159,Methomyl,543,543,0,0,0,0,10.0,543,0.0,60.0,60.0,0.0,1.0,0.0,1.0,0.0,1.0
2009,FC,159,Methomyl,543,543,0,0,0,0,inf,543,0.0,inf,inf,0.0,1.0,0.0,1.0,0.0,1.0
2009,FC,160,Chlorpyrifos,543,0,513,30,0,0,1.0,543,0.28084714548802947,1.225598526703499,0.9447513812154695,0.02578268876611418,0.02578268876611418,0.0055248618784530384,0.0055248618784530384,0.003683241252302026,0.003683241252302026
2009,FC,160,Chlorpyrifos,543,0,513,30,0,0,2.0,543,0.28084714548802947,1.225598526703499,0.9447513812154695,0.02578268876611418,0.02578268876611418,0.0055248618784530384,0.0055248618784530384,0.003683241252302026,0.003683241252302026
2009,FC,160,Chlorpyrifos,543,0,513,30,0,0,5.0,543,0.28084714548802947,1.225598526703499,0.9447513812154695,0.02578268876611418,0.02578268876611418,0.0055248618784530384,0.0055248618784530384,0.003683241252302026,0.003683241252302026
2009,FC,160,Chlorpyrifos,543,0,513,30,0,0,10.0,543,0.28084714548802947,1.225598526703499,0.9447513812154695,0.02578268876611418,0.02578268876611418,0.0055248618784530384,0.0055248618784530384,0.003683241252302026,0.003683241252302026
2009,FC,160,Chlorpyrifos,543,0,513,30,0,0,inf,543,0.28084714548802947,1.225598526703499,0.9447513812154695,0.02578268876611418,0.02578268876611418,0.0055248618784530384,0.0055248618784530384,0.003683241252302026,0.003683241252302026
2009,FC,162,Propoxur,543,0,543,0,0,0,1.0,543,0.0,25.0,25.0,0.0,1.0,0.0,1.0,0.0,1.0
2009,FC,162,Propoxur,543,0,543,0,0,0,2.0,543,0.0,25.0,25.0,0.0,1.0,0.0,1.0,0.0,1.0
2009,FC,162,Propoxur,543,0,543,0,0,0,5.0,543,0.0,25.0,25.0,0.0,1.0,0.0,1.0,0.0,1.0
2009,FC,162,Propoxur,543,0,543,0,0,0,10.0,543,0.0,25.0,25.0,0.0,1.0,0.0,1.0,0.0,1.0
2009,FC,162,Propoxur,543,0,543,0,0,0,inf,543,0.0,25.0,25.0,0.0,1.0,0.0,1.0,0.0,1.0
2009,FC,165,Phosmet,543,0,543,0,0,0,1.0,543,0.0,3.0,3.0,0.0,1.0,0.0,0.0,0.0,0.0
2009,FC,165,Phosmet,543,0,543,0,0,0,2.0,543,0.0,3.0,3.0,0.0,1.0,0.0,0.0,0.0,0.0
2009,FC,165,Phosmet,543,0,543,0,0,0,5.0,543,0.0,3.0,3.0,0.0,1.0,0.0,0.0,0.0,0.0
2009,FC,165,Phosmet,543,0,543,0,0,0,10.0,543,0.0,3.0,3.0,0.0,1.0,0.0,0.0,0.0,0.0
2009,FC,165,Phosmet,543,0,543,0,0,0,inf,543,0.0,3.0,3.0,0.0,1.0,0.0,0.0,0.0,0.0
2009,FC,166,Phosalone,543,0,543,0,0,0,1.0,543,0.0,8.933701657458563,8.933701657458563,0.0,1.0,0.0,0.6593001841620626,0.0,0.0
2009,FC,166,Phosalone,543,0,543,0,0,0,2.0,543,0.0,8.933701657458563,8.933701657458563,0.0,1.0,0.0,0.6593001841620626,0.0,0.0
2009,FC,166,Phosalone,543,0,543,0,0,0,5.0,543,0.0,8.933701657458563,8.933701657458563,0.0,1.0,0.0,0.6593001841620626,0.0,0.0
2009,FC,166,Phosalone,543,0,543,0,0,0,10.0,543,0.0,8.933701657458563,8.933701657458563,0.0,1.0,0.0,0.6593001841620626,0.0,0.0
2009,FC,166,Phosalone,543,0,543,0,0,0,inf,543,0.0,8.933701657458563,8.933701657458563,0.0,1.0,0.0,0.6593001841620626,0.0,0.0
2009,FC,167,Aldicarb,543,0,543,0,0,0,1.0,543,0.0,25.0,25.0,0.0,1.0,0.0,1.0,0.0,1.0
2009,FC,167,Aldicarb,543,0,543,0,0,0,2.0,543,0.0,25.0,25.0,0.0,1.0,0.0,1.0,0.0,1.0
2009,FC,167,Aldicarb,543,0,543,0,0,0,5.0,543,0.0,25.0,25.0,0.0,1.0,0.0,1.0,0.0,1.0
2009,FC,167,Aldicarb,543,0,543,0,0,0,10.0,543,0.0,25.0,25.0,0.0,1.0,0.0,1.0,0.0,1.0
2009,FC,167,Aldicarb,543,0,543,0,0,0,inf,543,0.0,25.0,25.0,0.0,1.0,0.0,1.0,0.0,1.0
2009,FC,168,Aldicarb sulfone,543,0,543,0,0,0,1.0,543,0.0,10.0,10.0,0.0,1.0,0.0,0.0,0.0,0.0
2009,FC,168,Aldicarb sulfone,543,0,543,0,0,0,2.0,543,0.0,10.0,10.0,0.0,1.0,0.0,0.0,0.0,0.0
2009,FC,168,Aldicarb sulfone,543,0,543,0,0,0,5.0,543,0.0,10.0,10.0,0.0,1.0,0.0,0.0,0.0,0.0
2009,FC,168,Aldicarb sulfone,543,0,543,0,0,0,10.0,543,0.0,10.0,10.0,0.0,1.0,0.0,0.0,0.0,0.0
2009,FC,168,Aldicarb sulfone,543,0,543,0,0,0,inf,543,0.0,10.0,10.0,0.0,1.0,0.0,0.0,0.0,0.0
2009,FC,171,Dimethoate,543,0,543,0,0,0,1.0,543,0.0,4.0,4.0,0.0,1.0,0.0,0.0,0.0,0.0
2009,FC,171,Dimethoate,543,0,543,0,0,0,2.0,543,0.0,4.0,4.0,0.0,1.0,0.0,0.0,0.0,0.0
2009,FC,171,Dimethoate,543,0,543,0,0,0,5.0,543,0.0,4.0,4.0,0.0,1.0,0.0,0.0,0.0,0.0
2009,FC,171,Dimethoate,543,0,543,0,0,0,10.0,543,0.0,4.0,4.0,0.0,1.0,0.0,0.0,0.0,0.0
2009,FC,171,Dimethoate,543,0,543,0,0,0,inf,543,0.0,4.0,4.0,0.0,1.0,0.0,0.0,0.0,0.0
2009,FC,172,Chlordane trans,543,0,542,1,0,0,1.0,543,0.002209944751381215,1.0003683241252304,0.9981583793738491,0.0,0.0,0.0,0.0,0.0,0.0
2009,FC,172,Chlordane trans,543,0,542,1,0,0,2.0,543,0.002209944751381215,1.0003683241252304,0.9981583793738491,0.0,0.0,0.0,0.0,0.0,0.0
2009,FC,172,Chlordane trans,543,0,542,1,0,0,5.0,543,0.002209944751381215,1.0003683241252304,0.9981583793738491,0.0,0.0,0.0,0.0,0.0,0.0
2009,FC,172,Chlordane trans,543,0,542,1,0,0,10.0,543,0.002209944751381215,1.0003683241252304,0.9981583793738491,0.0,0.0,0.0,0.0,0.0,0.0
2009,FC,172,Chlordane trans,543,0,542,1,0,0,inf,543,0.002209944751381215,1.0003683241252304,0.9981583793738491,0.0,0.0,0.0,0.0,0.0,0.0
2009,FC,173,Chlordane cis,543,0,541,2,0,0,1.0,543,0.004604051565377533,1.0009208103130756,0.996316758747698,0.0,0.0,0.0,0.0,0.0,0.0
2009,FC,173,Chlordane cis,543,0,541,2,0,0,2.0,543,0.004604051565377533,1.0009208103130756,0.996316758747698,0.0,0.0,0.0,0.0,0.0,0.0
2009,FC,173,Chlordane cis,543,0,541,2,0,0,5.0,543,0.004604051565377533,1.0009208103130756,0.996316758747698,0.0,0.0,0.0,0.0,0.0,0.0
2009,FC,173,Chlordane cis,543,0,541,2,0,0,10.0,543,0.004604051565377533,1.0009208103130756,0.996316758747698,0.0,0.0,0.0,0.0,0.0,0.0
2009,FC,173,Chlordane cis,543,0,541,2,0,0,inf,543,0.004604051565377533,1.0009208103130756,0.996316758747698,0.0,0.0,0.0,0.0,0.0,0.0
2009,FC,176,Tetrachlorvinphos,543,0,543,0,0,0,1.0,543,0.0,2.0,2.0,0.0,0.0,0.0,0.0,0.0,0.0
2009,FC,176,Tetrachlorvinphos,543,0,543,0,0,0,2.0,543,0.0,2.0,2.0,0.0,0.0,0.0,0.0,0.0,0.0
2009,FC,176,Tetrachlorvinphos,543,0,543,0,0,0,5.0,543,0.0,2.0,2.0,0.0,0.0,0.0,0.0,0.0,0.0
2009,FC,176,Tetrachlorvinphos,543,0,543,0,0,0,10.0,543,0.0,2.0,2.0,0.0,0.0,0.0,0.0,0.0,0.0
2009,FC,176,Tetrachlorvinphos,543,0,543,0,0,0,inf,543,0.0,2.0,2.0,0.0,0.0,0.0,0.0,0.0,0.0
2009,FC,177,Fenthion,543,0,543,0,0,0,1.0,543,0.0,6.955801104972376,6.955801104972376,0.0,1.0,0.0,0.0,0.0,0.0
2009,FC,177,Fenthion,543,0,543,0,0,0,2.0,543,0.0,6.955801104972376,6.955801104972376,0.0,1.0,0.0,0.0,0.0,0.0
2009,FC,177,Fenthion,543,0,543,0,0,0,5.0,543,0.0,6.955801104972376,6.955801104972376,0.0,1.0,0.0,0.0,0.0,0.0
2009,FC,177,Fenthion,543,0,543,0,0,0,10.0,543,0.0,6.955801104972376,6.955801104972376,0.0,1.0,0.0,0.0,0.0,0.0
2009,FC,177,Fenthion,543,0,543,0,0,0,inf,543,0.0,6.955801104972376,6.955801104972376,0.0,1.0,0.0,0.0,0.0,0.0
2009,FC,180,Carbofuran,543,0,543,0,0,0,1.0,543,0.0,2.0,2.0,0.0,0.0,0.0,0.0,0.0,0.0
2009,FC,180,Carbofuran,543,0,543,0,0,0,2.0,543,0.0,2.0,2.0,0.0,0.0,0.0,0.0,0.0,0.0
2009,FC,180,Carbofuran,543,0,543,0,0,0,5.0,543,0.0,2.0,2.0,0.0,0.0,0.0,0.0,0.0,0.0
2009,FC,180,Carbofuran,543,0,543,0,0,0,10.0,543,0.0,2.0,2.0,0.0,0.0,0.0,0.0,0.0,0.0
2009,FC,180,Carbofuran,543,0,543,0,0,0,inf,543,0.0,2.0,2.0,0.0,0.0,0.0,0.0,0.0,0.0
2009,FC,181,Metribuzin,543,0,543,0,0,0,1.0,543,0.0,1.0,1.0,0.0,0.0,0.0,0.0,0.0,0.0
2009,FC,181,Metribuzin,543,0,543,0,0,0,2.0,543,0.0,1.0,1.0,0.0,0.0,0.0,0.0,0.0,0.0
2009,FC,181,Metribuzin,543,0,543,0,0,0,5.0,543,0.0,1.0,1.0,0.0,0.0,0.0,0.0,0.0,0.0
2009,FC,181,Metribuzin,543,0,543,0,0,0,10.0,543,0.0,1.0,1.0,0.0,0.0,0.0,0.0,0.0,0.0
2009,FC,181,Metribuzin,543,0,543,0,0,0,inf,543,0.0,1.0,1.0,0.0,0.0,0.0,0.0,0.0,0.0
2009,FC,191,Benfluralin,543,0,543,0,0,0,1.0,543,0.0,1.0,1.0,0.0,0.0,0.0,0.0,0.0,0.0
2009,FC,191,Benfluralin,543,0,543,0,0,0,2.0,543,0.0,1.0,1.0,0.0,0.0,0.0,0.0,0.0,0.0
2009,FC,191,Benfluralin,543,0,543,0,0,0,5.0,543,0.0,1.0,1.0,0.0,0.0,0.0,0.0,0.0,0.0
2009,FC,191,Benfluralin,543,0,543,0,0,0,10.0,543,0.0,1.0,1.0,0.0,0.0,0.0,0.0,0.0,0.0
2009,FC,191,Benfluralin,543,0,543,0,0,0,inf,543,0.0,1.0,1.0,0.0,0.0,0.0,0.0,0.0,0.0
2009,FC,197,Methidathion,543,543,0,0,0,0,1.0,543,0.0,3.0,3.0,0.0,1.0,0.0,0.0,0.0,0.0
2009,FC,197,Methidathion,543,543,0,0,0,0,2.0,543,0.0,6.0,6.0,0.0,1.0,0.0,0.0,0.0,0.0
2009,FC,197,Methidathion,543,543,0,0,0,0,5.0,543,0.0,15.0,15.0,0.0,1.0,0.0,1.0,0.0,0.0
2009,FC,197,Methidathion,543,543,0,0,0,0,10.0,543,0.0,30.0,30.0,0.0,1.0,0.0,1.0,0.0,1.0
2009,FC,197,Methidathion,543,543,0,0,0,0,inf,543,0.0,inf,inf,0.0,1.0,0.0,1.0,0.0,1.0
2009,FC,202,Carbophenothion,543,0,543,0,0,0,1.0,543,0.0,1.0,1.0,0.0,0.0,0.0,0.0,0.0,0.0
2009,FC,202,Carbophenothion,543,0,543,0,0,0,2.0,543,0.0,1.0,1.0,0.0,0.0,0.0,0.0,0.0,0.0
2009,FC,202,Carbophenothion,543,0,543,0,0,0,5.0,543,0.0,1.0,1.0,0.0,0.0,0.0,0.0,0.0,0.0
2009,FC,202,Carbophenothion,543,0,543,0,0,0,10.0,543,0.0,1.0,1.0,0.0,0.0,0.0,0.0,0.0,0.0
2009,FC,202,Carbophenothion,543,0,543,0,0,0,inf,543,0.0,1.0,1.0,0.0,0.0,0.0,0.0,0.0,0.0
2009,FC,205,Terbufos,543,0,543,0,0,0,1.0,543,0.0,5.0,5.0,0.0,1.0,0.0,0.0,0.0,0.0
2009,FC,205,Terbufos,543,0,543,0,0,0,2.0,543,0.0,5.0,5.0,0.0,1.0,0.0,0.0,0.0,0.0
2009,FC,205,Terbufos,543,0,543,0,0,0,5.0,543,0.0,5.0,5.0,0.0,1.0,0.0,0.0,0.0,0.0
2009,FC,205,Terbufos,543,0,543,0,0,0,10.0,543,0.0,5.0,5.0,0.0,1.0,0.0,0.0,0.0,0.0
2009,FC,205,Terbufos,543,0,543,0,0,0,inf,543,0.0,5.0,5.0,0.0,1.0,0.0,0.0,0.0,0.0
2009,FC,206,Nonachlor trans,543,0,541,2,0,0,1.0,543,0.0077348066298342545,1.0040515653775324,0.9963167587476981,0.001841620626151013,0.001841620626151013,0.0,0.0,0.0,0.0
2009,FC,206,Nonachlor trans,543,0,541,2,0,0,2.0,543,0.0077348066298342545,1.0040515653775324,0.9963167587476981,0.001841620626151013,0.001841620626151013,0.0,0.0,0.0,0.0
2009,FC,206,Nonachlor trans,543,0,541,2,0,0,5.0,543,0.0077348066298342545,1.0040515653775324,0.9963167587476981,0.001841620626151013,0.001841620626151013,0.0,0.0,0.0,0.0
2009,FC,206,Nonachlor trans,543,0,541,2,0,0,10.0,543,0.0077348066298342545,1.0040515653775324,0.9963167587476981,0.001841620626151013,0.001841620626151013,0.0,0.0,0.0,0.0
2009,FC,206,Nonachlor trans,543,0,541,2,0,0,inf,543,0.0077348066298342545,1.0040515653775324,0.9963167587476981,0.001841620626151013,0.001841620626151013,0.0,0.0,0.0,0.0
2009,FC,207,Nonachlor cis,543,0,542,1,0,0,1.0,543,0.001841620626151013,1.0,0.998158379373849,0.0,0.0,0.0,0.0,0.0,0.0
2009,FC,207,Nonachlor cis,543,0,542,1,0,0,2.0,543,0.001841620626151013,1.0,0.998158379373849,0.0,0.0,0.0,0.0,0.0,0.0
2009,FC,207,Nonachlor cis,543,0,542,1,0,0,5.0,543,0.001841620626151013,1.0,0.998158379373849,0.0,0.0,0.0,0.0,0.0,0.0
2009,FC,207,Nonachlor cis,543,0,542,1,0,0,10.0,543,0.001841620626151013,1.0,0.998158379373849,0.0,0.0,0.0,0.0,0.0,0.0
2009,FC,207,Nonachlor cis,543,0,542,1,0,0,inf,543,0.001841620626151013,1.0,0.998158379373849,0.0,0.0,0.0,0.0,0.0,0.0
2009,FC,227,Alachlor,543,0,543,0,0,0,1.0,543,0.0,8.296500920810313,8.296500920810313,0.0,1.0,0.0,0.0,0.0,0.0
2009,FC,227,Alachlor,543,0,543,0,0,0,2.0,543,0.0,8.296500920810313,8.296500920810313,0.0,1.0,0.0,0.0,0.0,0.0
2009,FC,227,Alachlor,543,0,543,0,0,0,5.0,543,0.0,8.296500920810313,8.296500920810313,0.0,1.0,0.0,0.0,0.0,0.0
2009,FC,227,Alachlor,543,0,543,0,0,0,10.0,543,0.0,8.296500920810313,8.296500920810313,0.0,1.0,0.0,0.0,0.0,0.0
2009,FC,227,Alachlor,543,0,543,0,0,0,inf,543,0.0,8.296500920810313,8.296500920810313,0.0,1.0,0.0,0.0,0.0,0.0
2009,FC,229,Flucythrinate,543,0,543,0,0,0,1.0,543,0.0,14.88950276243094,14.88950276243094,0.0,1.0,0.0,0.6593001841620626,0.0,0.0
2009,FC,229,Flucythrinate,543,0,543,0,0,0,2.0,543,0.0,14.88950276243094,14.88950276243094,0.0,1.0,0.0,0.6593001841620626,0.0,0.0
2009,FC,229,Flucythrinate,543,0,543,0,0,0,5.0,543,0.0,14.88950276243094,14.88950276243094,0.0,1.0,0.0,0.6593001841620626,0.0,0.0
2009,FC,229,Flucythrinate,543,0,543,0,0,0,10.0,543,0.0,14.88950276243094,14.88950276243094,0.0,1.0,0.0,0.6593001841620626,0.0,0.0
2009,FC,229,Flucythrinate,543,0,543,0,0,0,inf,543,0.0,14.88950276243094,14.88950276243094,0.0,1.0,0.0,0.6593001841620626,0.0,0.0
2009,FC,230,Pendimethalin,543,0,536,7,0,0,1.0,543,0.07605893186003684,2.0502762430939225,1.9742173112338857,0.01289134438305709,0.01289134438305709,0.001841620626151013,0.001841620626151013,0.0,0.0
2009,FC,230,Pendimethalin,543,0,536,7,0,0,2.0,543,0.07605893186003684,2.0502762430939225,1.9742173112338857,0.01289134438305709,0.01289134438305709,0.001841620626151013,0.001841620626151013,0.0,0.0
2009,FC,230,Pendimethalin,543,0,536,7,0,0,5.0,543,0.07605893186003684,2.0502762430939225,1.9742173112338857,0.01289134438305709,0.01289134438305709,0.001841620626151013,0.001841620626151013,0.0,0.0
2009,FC,230,Pendimethalin,543,0,536,7,0,0,10.0,543,0.07605893186003684,2.0502762430939225,1.9742173112338857,0.01289134438305709,0.01289134438305709,0.001841620626151013,0.001841620626151013,0.0,0.0
2009,FC,230,Pendimethalin,543,0,536,7,0,0,inf,543,0.07605893186003684,2.0502762430939225,1.9742173112338857,0.01289134438305709,0.01289134438305709,0.001841620626151013,0.001841620626151013,0.0,0.0
2009,FC,235,Chlorpyrifos methyl,543,0,535,8,0,0,1.0,543,0.018047882136279926,1.0033149171270717,0.9852670349907917,0.0,0.0,0.0,0.0,0.0,0.0
2009,FC,235,Chlorpyrifos methyl,543,0,535,8,0,0,2.0,543,0.018047882136279926,1.0033149171270717,0.9852670349907917,0.0,0.0,0.0,0.0,0.0,0.0
2009,FC,235,Chlorpyrifos methyl,543,0,535,8,0,0,5.0,543,0.018047882136279926,1.0033149171270717,0.9852670349907917,0.0,0.0,0.0,0.0,0.0,0.0
2009,FC,235,Chlorpyrifos methyl,543,0,535,8,0,0,10.0,543,0.018047882136279926,1.0033149171270717,0.9852670349907917,0.0,0.0,0.0,0.0,0.0,0.0
2009,FC,235,Chlorpyrifos methyl,543,0,535,8,0,0,inf,543,0.018047882136279926,1.0033149171270717,0.9852670349907917,0.0,0.0,0.0,0.0,0.0,0.0
2009,FC,236,Fenamiphos,543,543,0,0,0,0,1.0,543,0.0,2.0,2.0,0.0,0.0,0.0,0.0,0.0,0.0
2009,FC,236,Fenamiphos,543,543,0,0,0,0,2.0,543,0.0,4.0,4.0,0.0,1.0,0.0,0.0,0.0,0.0
2009,FC,236,Fenamiphos,543,543,0,0,0,0,5.0,543,0.0,10.0,10.0,0.0,1.0,0.0,0.0,0.0,0.0
2009,FC,236,Fenamiphos,543,543,0,0,0,0,10.0,543,0.0,20.0,20.0,0.0,1.0,0.0,1.0,0.0,0.0
2009,FC,236,Fenamiphos,543,543,0,0,0,0,inf,543,0.0,inf,inf,0.0,1.0,0.0,1.0,0.0,1.0
2009,FC,254,"Dicofol p,p'",543,0,538,5,0,0,1.0,543,0.015285451197053409,1.0060773480662983,0.990791896869245,0.001841620626151013,0.001841620626151013,0.0,0.0,0.0,0.0
2009,FC,254,"Dicofol p,p'",543,0,538,5,0,0,2.0,543,0.015285451197053409,1.0060773480662983,0.990791896869245,0.001841620626151013,0.001841620626151013,0.0,0.0,0.0,0.0
2009,FC,254,"Dicofol p,p'",543,0,538,5,0,0,5.0,543,0.015285451197053409,1.0060773480662983,0.990791896869245,0.001841620626151013,0.001841620626151013,0.0,0.0,0.0,0.0
2009,FC,254,"Dicofol p,p'",543,0,538,5,0,0,10.0,543,0.015285451197053409,1.0060773480662983,0.990791896869245,0.001841620626151013,0.001841620626151013,0.0,0.0,0.0,0.0
2009,FC,254,"Dicofol p,p'",543,0,538,5,0,0,inf,543,0.015285451197053409,1.0060773480662983,0.990791896869245,0.001841620626151013,0.001841620626151013,0.0,0.0,0.0,0.0
2009,FC,264,Propiconazole,543,543,0,0,0,0,1.0,543,0.0,6.955801104972376,6.955801104972376,0.0,1.0,0.0,0.0,0.0,0.0
2009,FC,264,Propiconazole,543,543,0,0,0,0,2.0,543,0.0,13.911602209944752,13.911602209944752,0.0,1.0,0.0,0.6593001841620626,0.0,0.0
2009,FC,264,Propiconazole,543,543,0,0,0,0,5.0,543,0.0,34.77900552486188,34.77900552486188,0.0,1.0,0.0,1.0,0.0,0.6593001841620626
2009,FC,264,Propiconazole,543,543,0,0,0,0,10.0,543,0.0,69.55801104972376,69.55801104972376,0.0,1.0,0.0,1.0,0.0,1.0
2009,FC,264,Propiconazole,543,543,0,0,0,0,inf,543,0.0,inf,inf,0.0,1.0,0.0,1.0,0.0,1.0
2009,FC,271,Fenarimol,543,0,543,0,0,0,1.0,543,0.0,1.0,1.0,0.0,0.0,0.0,0.0,0.0,0.0
2009,FC,271,Fenarimol,543,0,543,0,0,0,2.0,543,0.0,1.0,1.0,0.0,0.0,0.0,0.0,0.0,0.0
2009,FC,271,Fenarimol,543,0,543,0,0,0,5.0,543,0.0,1.0,1.0,0.0,0.0,0.0,0.0,0.0,0.0
2009,FC,271,Fenarimol,543,0,543,0,0,0,10.0,543,0.0,1.0,1.0,0.0,0.0,0.0,0.0,0.0,0.0
2009,FC,271,Fenarimol,543,0,543,0,0,0,inf,543,0.0,1.0,1.0,0.0,0.0,0.0,0.0,0.0,0.0
2009,FC,275,"Methoxychlor p,p'",543,0,543,0,0,0,1.0,543,0.0,4.637200736648251,4.637200736648251,0.0,0.6593001841620626,0.0,0.0,0.0,0.0
2009,FC,275,"Methoxychlor p,p'",543,0,543,0,0,0,2.0,543,0.0,4.637200736648251,4.637200736648251,0.0,0.6593001841620626,0.0,0.0,0.0,0.0
2009,FC,275,"Methoxychlor p,p'",543,0,543,0,0,0,5.0,543,0.0,4.637200736648251,4.637200736648251,0.0,0.6593001841620626,0.0,0.0,0.0,0.0
2009,FC,275,"Methoxychlor p,p'",543,0,543,0,0,0,10.0,543,0.0,4.637200736648251,4.637200736648251,0.0,0.6593001841620626,0.0,0.0,0.0,0.0
2009,FC,275,"Methoxychlor p,p'",543,0,543,0,0,0,inf,543,0.0,4.637200736648251,4.637200736648251,0.0,0.6593001841620626,0.0,0.0,0.0,0.0
2009,FC,280,Fluchloralin,543,0,543,0,0,0,1.0,543,0.0,4.637200736648251,4.637200736648251,0.0,0.6593001841620626,0.0,0.0,0.0,0.0
2009,FC,280,Fluchloralin,543,0,543,0,0,0,2.0,543,0.0,4.637200736648251,4.637200736648251,0.0,0.6593001841620626,0.0,0.0,0.0,0.0
2009,FC,280,Fluchloralin,543,0,543,0,0,0,5.0,543,0.0,4.637200736648251,4.637200736648251,0.0,0.6593001841620626,0.0,0.0,0.0,0.0
2009,FC,280,Fluchloralin,543,0,543,0,0,0,10.0,543,0.0,4.637200736648251,4.637200736648251,0.0,0.6593001841620626,0.0,0.0,0.0,0.0
2009,FC,280,Fluchloralin,543,0,543,0,0,0,inf,543,0.0,4.637200736648251,4.637200736648251,0.0,0.6593001841620626,0.0,0.0,0.0,0.0
2009,FC,283,Metolachlor,543,0,543,0,0,0,1.0,543,0.0,3.3186003683241254,3.3186003683241254,0.0,0.6593001841620626,0.0,0.0,0.0,0.0
2009,FC,283,Metolachlor,543,0,543,0,0,0,2.0,543,0.0,3.3186003683241254,3.3186003683241254,0.0,0.6593001841620626,0.0,0.0,0.0,0.0
2009,FC,283,Metolachlor,543,0,543,0,0,0,5.0,543,0.0,3.3186003683241254,3.3186003683241254,0.0,0.6593001841620626,0.0,0.0,0.0,0.0
2009,FC,283,Metolachlor,543,0,543,0,0,0,10.0,543,0.0,3.3186003683241254,3.3186003683241254,0.0,0.6593001841620626,0.0,0.0,0.0,0.0
2009,FC,283,Metolachlor,543,0,543,0,0,0,inf,543,0.0,3.3186003683241254,3.3186003683241254,0.0,0.6593001841620626,0.0,0.0,0.0,0.0
2009,FC,292,Fluazifop butyl,543,0,543,0,0,0,1.0,543,0.0,1.6593001841620627,1.6593001841620627,0.0,0.0,0.0,0.0,0.0,0.0
2009,FC,292,Fluazifop butyl,543,0,543,0,0,0,2.0,543,0.0,1.6593001841620627,1.6593001841620627,0.0,0.0,0.0,0.0,0.0,0.0
2009,FC,292,Fluazifop butyl,543,0,543,0,0,0,5.0,543,0.0,1.6593001841620627,1.6593001841620627,0.0,0.0,0.0,0.0,0.0,0.0
2009,FC,292,Fluazifop butyl,543,0,543,0,0,0,10.0,543,0.0,1.6593001841620627,1.6593001841620627,0.0,0.0,0.0,0.0,0.0,0.0
2009,FC,292,Fluazifop butyl,543,0,543,0,0,0,inf,543,0.0,1.6593001841620627,1.6593001841620627,0.0,0.0,0.0,0.0,0.0,0.0
2009,FC,297,Fluvalinate,543,0,543,0,0,0,1.0,543,0.0,1.0,1.0,0.0,0.0,0.0,0.0,0.0,0.0
2009,FC,297,Fluvalinate,543,0,543,0,0,0,2.0,543,0.0,1.0,1.0,0.0,0.0,0.0,0.0,0.0,0.0
2009,FC,297,Fluvalinate,543,0,543,0,0,0,5.0,543,0.0,1.0,1.0,0.0,0.0,0.0,0.0,0.0,0.0
2009,FC,297,Fluvalinate,543,0,543,0,0,0,10.0,543,0.0,1.0,1.0,0.0,0.0,0.0,0.0,0.0,0.0
2009,FC,297,Fluvalinate,543,0,543,0,0,0,inf,543,0.0,1.0,1.0,0.0,0.0,0.0,0.0,0.0,0.0
2009,FC,299,Diclofop methyl,543,0,543,0,0,0,1.0,543,0.0,1.6593001841620627,1.6593001841620627,0.0,0.0,0.0,0.0,0.0,0.0
2009,FC,299,Diclofop methyl,543,0,543,0,0,0,2.0,543,0.0,1.6593001841620627,1.6593001841620627,0.0,0.0,0.0,0.0,0.0,0.0
2009,FC,299,Diclofop methyl,543,0,543,0,0,0,5.0,543,0.0,1.6593001841620627,1.6593001841620627,0.0,0.0,0.0,0.0,0.0,0.0
2009,FC,299,Diclofop methyl,543,0,543,0,0,0,10.0,543,0.0,1.6593001841620627,1.6593001841620627,0.0,0.0,0.0,0.0,0.0,0.0
2009,FC,299,Diclofop methyl,543,0,543,0,0,0,inf,543,0.0,1.6593001841620627,1.6593001841620627,0.0,0.0,0.0,0.0,0.0,0.0
2009,FC,304,Quintozene (PCNB),521,0,521,0,0,0,1.0,521,0.0,1.0,1.0,0.0,0.0,0.0,0.0,0.0,0.0
2009,FC,304,Quintozene (PCNB),521,0,521,0,0,0,2.0,521,0.0,1.0,1.0,0.0,0.0,0.0,0.0,0.0,0.0
2009,FC,304,Quintozene (PCNB),521,0,521,0,0,0,5.0,521,0.0,1.0,1.0,0.0,0.0,0.0,0.0,0.0,0.0
2009,FC,304,Quintozene (PCNB),521,0,521,0,0,0,10.0,521,0.0,1.0,1.0,0.0,0.0,0.0,0.0,0.0,0.0
2009,FC,304,Quintozene (PCNB),521,0,521,0,0,0,inf,521,0.0,1.0,1.0,0.0,0.0,0.0,0.0,0.0,0.0
2009,FC,305,Atrazine,543,0,539,4,0,0,1.0,543,0.050276243093922646,2.0355432780847145,1.985267034990792,0.007366482504604052,0.007366482504604052,0.001841620626151013,0.001841620626151013,0.0,0.0
2009,FC,305,Atrazine,543,0,539,4,0,0,2.0,543,0.050276243093922646,2.0355432780847145,1.985267034990792,0.007366482504604052,0.007366482504604052,0.001841620626151013,0.001841620626151013,0.0,0.0
2009,FC,305,Atrazine,543,0,539,4,0,0,5.0,543,0.050276243093922646,2.0355432780847145,1.985267034990792,0.007366482504604052,0.007366482504604052,0.001841620626151013,0.001841620626151013,0.0,0.0
2009,FC,305,Atrazine,543,0,539,4,0,0,10.0,543,0.050276243093922646,2.0355432780847145,1.985267034990792,0.007366482504604052,0.007366482504604052,0.001841620626151013,0.001841620626151013,0.0,0.0
2009,FC,305,Atrazine,543,0,539,4,0,0,inf,543,0.050276243093922646,2.0355432780847145,1.985267034990792,0.007366482504604052,0.007366482504604052,0.001841620626151013,0.001841620626151013,0.0,0.0
2009,FC,310,Propham,543,0,543,0,0,0,1.0,543,0.0,5.0,5.0,0.0,1.0,0.0,0.0,0.0,0.0
2009,FC,310,Propham,543,0,543,0,0,0,2.0,543,0.0,5.0,5.0,0.0,1.0,0.0,0.0,0.0,0.0
2009,FC,310,Propham,543,0,543,0,0,0,5.0,543,0.0,5.0,5.0,0.0,1.0,0.0,0.0,0.0,0.0
2009,FC,310,Propham,543,0,543,0,0,0,10.0,543,0.0,5.0,5.0,0.0,1.0,0.0,0.0,0.0,0.0
2009,FC,310,Propham,543,0,543,0,0,0,inf,543,0.0,5.0,5.0,0.0,1.0,0.0,0.0,0.0,0.0
2009,FC,321,Hexachlorobenzene (HCB),543,0,541,2,0,0,1.0,543,0.009392265193370166,1.0057090239410682,0.996316758747698,0.001841620626151013,0.001841620626151013,0.0,0.0,0.0,0.0
2009,FC,321,Hexachlorobenzene (HCB),543,0,541,2,0,0,2.0,543,0.009392265193370166,1.0057090239410682,0.996316758747698,0.001841620626151013,0.001841620626151013,0.0,0.0,0.0,0.0
2009,FC,321,Hexachlorobenzene (HCB),543,0,541,2,0,0,5.0,543,0.009392265193370166,1.0057090239410682,0.996316758747698,0.001841620626151013,0.001841620626151013,0.0,0.0,0.0,0.0
2009,FC,321,Hexachlorobenzene (HCB),543,0,541,2,0,0,10.0,543,0.009392265193370166,1.0057090239410682,0.996316758747698,0.001841620626151013,0.001841620626151013,0.0,0.0,0.0,0.0
2009,FC,321,Hexachlorobenzene (HCB),543,0,541,2,0,0,inf,543,0.009392265193370166,1.0057090239410682,0.996316758747698,0.001841620626151013,0.001841620626151013,0.0,0.0,0.0,0.0
2009,FC,330,Diphenamid,543,0,543,0,0,0,1.0,543,0.0,1.0,1.0,0.0,0.0,0.0,0.0,0.0,0.0
2009,FC,330,Diphenamid,543,0,543,0,0,0,2.0,543,0.0,1.0,1.0,0.0,0.0,0.0,0.0,0.0,0.0
2009,FC,330,Diphenamid,543,0,543,0,0,0,5.0,543,0.0,1.0,1.0,0.0,0.0,0.0,0.0,0.0,0.0
2009,FC,330,Diphenamid,543,0,543,0,0,0,10.0,543,0.0,1.0,1.0,0.0,0.0,0.0,0.0,0.0,0.0
2009,FC,330,Diphenamid,543,0,543,0,0,0,inf,543,0.0,1.0,1.0,0.0,0.0,0.0,0.0,0.0,0.0
2009,FC,333,Propazine,543,0,543,0,0,0,1.0,543,0.0,1.0,1.0,0.0,0.0,0.0,0.0,0.0,0.0
2009,FC,333,Propazine,543,0,543,0,0,0,2.0,543,0.0,1.0,1.0,0.0,0.0,0.0,0.0,0.0,0.0
2009,FC,333,Propazine,543,0,543,0,0,0,5.0,543,0.0,1.0,1.0,0.0,0.0,0.0,0.0,0.0,0.0
2009,FC,333,Propazine,543,0,543,0,0,0,10.0,543,0.0,1.0,1.0,0.0,0.0,0.0,0.0,0.0,0.0
2009,FC,333,Propazine,543,0,543,0,0,0,inf,543,0.0,1.0,1.0,0.0,0.0,0.0,0.0,0.0,0.0
2009,FC,338,Dichlorvos (DDVP),543,0,543,0,0,0,1.0,543,0.0,6.955801104972376,6.955801104972376,0.0,1.0,0.0,0.0,0.0,0.0
2009,FC,338,Dichlorvos (DDVP),543,0,543,0,0,0,2.0,543,0.0,6.955801104972376,6.955801104972376,0.0,1.0,0.0,0.0,0.0,0.0
2009,FC,338,Dichlorvos (DDVP),543,0,543,0,0,0,5.0,543,0.0,6.955801104972376,6.955801104972376,0.0,1.0,0.0,0.0,0.0,0.0
2009,FC,338,Dichlorvos (DDVP),543,0,543,0,0,0,10.0,543,0.0,6.955801104972376,6.955801104972376,0.0,1.0,0.0,0.0,0.0,0.0
2009,FC,338,Dichlorvos (DDVP),543,0,543,0,0,0,inf,543,0.0,6.955801104972376,6.955801104972376,0.0,1.0,0.0,0.0,0.0,0.0
2009,FC,349,Oxychlordane,543,543,0,0,0,0,1.0,543,0.0,2.0,2.0,0.0,0.0,0.0,0.0,0.0,0.0
2009,FC,349,Oxychlordane,543,543,0,0,0,0,2.0,543,0.0,4.0,4.0,0.0,1.0,0.0,0.0,0.0,0.0
2009,FC,349,Oxychlordane,543,543,0,0,0,0,5.0,543,0.0,10.0,10.0,0.0,1.0,0.0,0.0,0.0,0.0
2009,FC,349,Oxychlordane,543,543,0,0,0,0,10.0,543,0.0,20.0,20.0,0.0,1.0,0.0,1.0,0.0,0.0
2009,FC,349,Oxychlordane,543,543,0,0,0,0,inf,543,0.0,inf,inf,0.0,1.0,0.0,1.0,0.0,1.0
2009,FC,351,Pentachloroaniline (PCA),543,0,537,6,0,0,1.0,543,0.025966850828729283,1.0149171270718234,0.9889502762430941,0.001841620626151013,0.001841620626151013,0.0,0.0,0.0,0.0
2009,FC,351,Pentachloroaniline (PCA),543,0,537,6,0,0,2.0,543,0.025966850828729283,1.0149171270718234,0.9889502762430941,0.001841620626151013,0.001841620626151013,0.0,0.0,0.0,0.0
2009,FC,351,Pentachloroaniline (PCA),543,0,537,6,0,0,5.0,543,0.025966850828729283,1.0149171270718234,0.9889502762430941,0.001841620626151013,0.001841620626151013,0.0,0.0,0.0,0.0
2009,FC,351,Pentachloroaniline (PCA),543,0,537,6,0,0,10.0,543,0.025966850828729283,1.0149171270718234,0.9889502762430941,0.001841620626151013,0.001841620626151013,0.0,0.0,0.0,0.0
2009,FC,351,Pentachloroaniline (PCA),543,0,537,6,0,0,inf,543,0.025966850828729283,1.0149171270718234,0.9889502762430941,0.001841620626151013,0.001841620626151013,0.0,0.0,0.0,0.0
2009,FC,352,Mirex,543,0,543,0,0,0,1.0,543,0.0,2.0,2.0,0.0,0.0,0.0,0.0,0.0,0.0
2009,FC,352,Mirex,543,0,543,0,0,0,2.0,543,0.0,2.0,2.0,0.0,0.0,0.0,0.0,0.0,0.0
2009,FC,352,Mirex,543,0,543,0,0,0,5.0,543,0.0,2.0,2.0,0.0,0.0,0.0,0.0,0.0,0.0
2009,FC,352,Mirex,543,0,543,0,0,0,10.0,543,0.0,2.0,2.0,0.0,0.0,0.0,0.0,0.0,0.0
2009,FC,352,Mirex,543,0,543,0,0,0,inf,543,0.0,2.0,2.0,0.0,0.0,0.0,0.0,0.0,0.0
2009,FC,382,1-Naphthol,543,0,543,0,0,0,1.0,543,0.0,4.9779005524861875,4.9779005524861875,0.0,1.0,0.0,0.0,0.0,0.0
2009,FC,382,1-Naphthol,543,0,543,0,0,0,2.0,543,0.0,4.9779005524861875,4.9779005524861875,0.0,1.0,0.0,0.0,0.0,0.0
2009,FC,382,1-Naphthol,543,0,543,0,0,0,5.0,543,0.0,4.9779005524861875,4.9779005524861875,0.0,1.0,0.0,0.0,0.0,0.0
2009,FC,382,1-Naphthol,543,0,543,0,0,0,10.0,543,0.0,4.9779005524861875,4.9779005524861875,0.0,1.0,0.0,0.0,0.0,0.0
2009,FC,382,1-Naphthol,543,0,543,0,0,0,inf,543,0.0,4.9779005524861875,4.9779005524861875,0.0,1.0,0.0,0.0,0.0,0.0
2009,FC,391,Fenitrothion,543,0,543,0,0,0,1.0,543,0.0,1.0,1.0,0.0,0.0,0.0,0.0,0.0,0.0
2009,FC,391,Fenitrothion,543,0,543,0,0,0,2.0,543,0.0,1.0,1.0,0.0,0.0,0.0,0.0,0.0,0.0
2009,FC,391,Fenitrothion,543,0,543,0,0,0,5.0,543,0.0,1.0,1.0,0.0,0.0,0.0,0.0,0.0,0.0
2009,FC,391,Fenitrothion,543,0,543,0,0,0,10.0,543,0.0,1.0,1.0,0.0,0.0,0.0,0.0,0.0,0.0
2009,FC,391,Fenitrothion,543,0,543,0,0,0,inf,543,0.0,1.0,1.0,0.0,0.0,0.0,0.0,0.0,0.0
2009,FC,512,3-Hydroxycarbofuran,543,0,543,0,0,0,1.0,543,0.0,4.0,4.0,0.0,1.0,0.0,0.0,0.0,0.0
2009,FC,512,3-Hydroxycarbofuran,543,0,543,0,0,0,2.0,543,0.0,4.0,4.0,0.0,1.0,0.0,0.0,0.0,0.0
2009,FC,512,3-Hydroxycarbofuran,543,0,543,0,0,0,5.0,543,0.0,4.0,4.0,0.0,1.0,0.0,0.0,0.0,0.0
2009,FC,512,3-Hydroxycarbofuran,543,0,543,0,0,0,10.0,543,0.0,4.0,4.0,0.0,1.0,0.0,0.0,0.0,0.0
2009,FC,512,3-Hydroxycarbofuran,543,0,543,0,0,0,inf,543,0.0,4.0,4.0,0.0,1.0,0.0,0.0,0.0,0.0
2009,FC,529,Vinclozolin,543,0,543,0,0,0,1.0,543,0.0,1.0,1.0,0.0,0.0,0.0,0.0,0.0,0.0
2009,FC,529,Vinclozolin,543,0,543,0,0,0,2.0,543,0.0,1.0,1.0,0.0,0.0,0.0,0.0,0.0,0.0
2009,FC,529,Vinclozolin,543,0,543,0,0,0,5.0,543,0.0,1.0,1.0,0.0,0.0,0.0,0.0,0.0,0.0
2009,FC,529,Vinclozolin,543,0,543,0,0,0,10.0,543,0.0,1.0,1.0,0.0,0.0,0.0,0.0,0.0,0.0
2009,FC,529,Vinclozolin,543,0,543,0,0,0,inf,543,0.0,1.0,1.0,0.0,0.0,0.0,0.0,0.0,0.0
2009,FC,537,Oxamyl,543,0,543,0,0,0,1.0,543,0.0,6.0,6.0,0.0,1.0,0.0,0.0,0.0,0.0
2009,FC,537,Oxamyl,543,0,543,0,0,0,2.0,543,0.0,6.0,6.0,0.0,1.0,0.0,0.0,0.0,0.0
2009,FC,537,Oxamyl,543,0,543,0,0,0,5.0,543,0.0,6.0,6.0,0.0,1.0,0.0,0.0,0.0,0.0
2009,FC,537,Oxamyl,543,0,543,0,0,0,10.0,543,0.0,6.0,6.0,0.0,1.0,0.0,0.0,0.0,0.0
2009,FC,537,Oxamyl,543,0,543,0,0,0,inf,543,0.0,6.0,6.0,0.0,1.0,0.0,0.0,0.0,0.0
2009,FC,539,Permethrin Total,543,543,0,0,0,0,1.0,543,0.0,3.0,3.0,0.0,1.0,0.0,0.0,0.0,0.0
2009,FC,539,Permethrin Total,543,543,0,0,0,0,2.0,543,0.0,6.0,6.0,0.0,1.0,0.0,0.0,0.0,0.0
2009,FC,539,Permethrin Total,543,543,0,0,0,0,5.0,543,0.0,15.0,15.0,0.0,1.0,0.0,1.0,0.0,0.0
2009,FC,539,Permethrin Total,543,543,0,0,0,0,10.0,543,0.0,30.0,30.0,0.0,1.0,0.0,1.0,0.0,1.0
2009,FC,539,Permethrin Total,543,543,0,0,0,0,inf,543,0.0,inf,inf,0.0,1.0,0.0,1.0,0.0,1.0
2009,FC,540,Pronamide,543,0,543,0,0,0,1.0,543,0.0,1.0,1.0,0.0,0.0,0.0,0.0,0.0,0.0
2009,FC,540,Pronamide,543,0,543,0,0,0,2.0,543,0.0,1.0,1.0,0.0,0.0,0.0,0.0,0.0,0.0
2009,FC,540,Pronamide,543,0,543,0,0,0,5.0,543,0.0,1.0,1.0,0.0,0.0,0.0,0.0,0.0,0.0
2009,FC,540,Pronamide,543,0,543,0,0,0,10.0,543,0.0,1.0,1.0,0.0,0.0,0.0,0.0,0.0,0.0
2009,FC,540,Pronamide,543,0,543,0,0,0,inf,543,0.0,1.0,1.0,0.0,0.0,0.0,0.0,0.0,0.0
2009,FC,556,Resmethrin,543,0,543,0,0,0,1.0,543,0.0,6.296500920810313,6.296500920810313,0.0,1.0,0.0,0.0,0.0,0.0
2009,FC,556,Resmethrin,543,0,543,0,0,0,2.0,543,0.0,6.296500920810313,6.296500920810313,0.0,1.0,0.0,0.0,0.0,0.0
2009,FC,556,Resmethrin,543,0,543,0,0,0,5.0,543,0.0,6.296500920810313,6.296500920810313,0.0,1.0,0.0,0.0,0.0,0.0
2009,FC,556,Resmethrin,543,0,543,0,0,0,10.0,543,0.0,6.296500920810313,6.296500920810313,0.0,1.0,0.0,0.0,0.0,0.0
2009,FC,556,Resmethrin,543,0,543,0,0,0,inf,543,0.0,6.296500920810313,6.296500920810313,0.0,1.0,0.0,0.0,0.0,0.0
2009,FC,562,Pirimiphos methyl,543,540,0,3,0,0,1.0,543,0.08305709023941067,2.3924493554327806,2.30939226519337,0.0055248618784530384,0.6629834254143646,0.003683241252302026,0.003683241252302026,0.001841620626151013,0.001841620626151013
2009,FC,562,Pirimiphos methyl,543,540,0,3,0,0,2.0,543,0.08305709023941067,4.70184162062615,4.61878453038674,0.0055248618784530384,0.6629834254143646,0.003683241252302026,0.003683241252302026,0.001841620626151013,0.001841620626151013
2009,FC,562,Pirimiphos methyl,543,540,0,3,0,0,5.0,543,0.08305709023941067,11.630018416206262,11.546961325966851,0.0055248618784530384,1.0,0.003683241252302026,0.6611418047882136,0.001841620626151013,0.001841620626151013
2009,FC,562,Pirimiphos methyl,543,540,0,3,0,0,10.0,543,0.08305709023941067,23.176979742173113,23.093922651933703,0.0055248618784530384,1.0,0.003683241252302026,0.6611418047882136,0.001841620626151013,0.6593001841620626
2009,FC,562,Pirimiphos methyl,543,540,0,3,0,0,inf,543,0.08305709023941067,inf,inf,0.0055248618784530384,1.0,0.003683241252302026,0.998158379373849,0.001841620626151013,0.996316758747698
2009,FC,596,Norflurazon,543,0,543,0,0,0,1.0,543,0.0,2.0,2.0,0.0,0.0,0.0,0.0,0.0,0.0
2009,FC,596,Norflurazon,543,0,543,0,0,0,2.0,543,0.0,2.0,2.0,0.0,0.0,0.0,0.0,0.0,0.0
2009,FC,596,Norflurazon,543,0,543,0,0,0,5.0,543,0.0,2.0,2.0,0.0,0.0,0.0,0.0,0.0,0.0
2009,FC,596,Norflurazon,543,0,543,0,0,0,10.0,543,0.0,2.0,2.0,0.0,0.0,0.0,0.0,0.0,0.0
2009,FC,596,Norflurazon,543,0,543,0,0,0,inf,543,0.0,2.0,2.0,0.0,0.0,0.0,0.0,0.0,0.0
2009,FC,597,Cypermethrin,543,0,533,10,0,0,1.0,543,0.03314917127071823,1.014732965009208,0.9815837937384898,0.0055248618784530384,0.0055248618784530384,0.0,0.0,0.0,0.0
2009,FC,597,Cypermethrin,543,0,533,10,0,0,2.0,543,0.03314917127071823,1.014732965009208,0.9815837937384898,0.0055248618784530384,0.0055248618784530384,0.0,0.0,0.0,0.0
2009,FC,597,Cypermethrin,543,0,533,10,0,0,5.0,543,0.03314917127071823,1.014732965009208,0.9815837937384898,0.0055248618784530384,0.0055248618784530384,0.0,0.0,0.0,0.0
2009,FC,597,Cypermethrin,543,0,533,10,0,0,10.0,543,0.03314917127071823,1.014732965009208,0.9815837937384898,0.0055248618784530384,0.0055248618784530384,0.0,0.0,0.0,0.0
2009,FC,597,Cypermethrin,543,0,533,10,0,0,inf,543,0.03314917127071823,1.014732965009208,0.9815837937384898,0.0055248618784530384,0.0055248618784530384,0.0,0.0,0.0,0.0
2009,FC,607,Metalaxyl,543,260,283,0,0,0,1.0,543,0.0,2.0,2.0,0.0,0.0,0.0,0.0,0.0,0.0
2009,FC,607,Metalaxyl,543,260,283,0,0,0,2.0,543,0.0,2.957642725598527,2.957642725598527,0.0,0.47882136279926335,0.0,0.0,0.0,0.0
2009,FC,607,Metalaxyl,543,260,283,0,0,0,5.0,543,0.0,5.830570902394107,5.830570902394107,0.0,0.47882136279926335,0.0,0.0,0.0,0.0
2009,FC,607,Metalaxyl,543,260,283,0,0,0,10.0,543,0.0,10.61878453038674,10.61878453038674,0.0,0.47882136279926335,0.0,0.47882136279926335,0.0,0.0
2009,FC,607,Metalaxyl,543,260,283,0,0,0,inf,543,0.0,inf,inf,0.0,0.47882136279926335,0.0,0.47882136279926335,0.0,0.47882136279926335
2009,FC,608,Triadimefon,543,543,0,0,0,0,1.0,543,0.0,2.0,2.0,0.0,0.0,0.0,0.0,0.0,0.0
2009,FC,608,Triadimefon,543,543,0,0,0,0,2.0,543,0.0,4.0,4.0,0.0,1.0,0.0,0.0,0.0,0.0
2009,FC,608,Triadimefon,543,543,0,0,0,0,5.0,543,0.0,10.0,10.0,0.0,1.0,0.0,0.0,0.0,0.0
2009,FC,608,Triadimefon,543,543,0,0,0,0,10.0,543,0.0,20.0,20.0,0.0,1.0,0.0,1.0,0.0,0.0
2009,FC,608,Triadimefon,543,543,0,0,0,0,inf,543,0.0,inf,inf,0.0,1.0,0.0,1.0,0.0,1.0
2009,FC,609,Sulprofos,543,0,543,0,0,0,1.0,543,0.0,5.955801104972376,5.955801104972376,0.0,0.6593001841620626,0.0,0.0,0.0,0.0
2009,FC,609,Sulprofos,543,0,543,0,0,0,2.0,543,0.0,5.955801104972376,5.955801104972376,0.0,0.6593001841620626,0.0,0.0,0.0,0.0
2009,FC,609,Sulprofos,543,0,543,0,0,0,5.0,543,0.0,5.955801104972376,5.955801104972376,0.0,0.6593001841620626,0.0,0.0,0.0,0.0
2009,FC,609,Sulprofos,543,0,543,0,0,0,10.0,543,0.0,5.955801104972376,5.955801104972376,0.0,0.6593001841620626,0.0,0.0,0.0,0.0
2009,FC,609,Sulprofos,543,0,543,0,0,0,inf,543,0.0,5.955801104972376,5.955801104972376,0.0,0.6593001841620626,0.0,0.0,0.0,0.0
2009,FC,612,Deltamethrin (includes parent Tralomethrin),543,0,543,0,0,0,1.0,543,0.0,10.0,10.0,0.0,1.0,0.0,0.0,0.0,0.0
2009,FC,612,Deltamethrin (includes parent Tralomethrin),543,0,543,0,0,0,2.0,543,0.0,10.0,10.0,0.0,1.0,0.0,0.0,0.0,0.0
2009,FC,612,Deltamethrin (includes parent Tralomethrin),543,0,543,0,0,0,5.0,543,0.0,10.0,10.0,0.0,1.0,0.0,0.0,0.0,0.0
2009,FC,612,Deltamethrin (includes parent Tralomethrin),543,0,543,0,0,0,10.0,543,0.0,10.0,10.0,0.0,1.0,0.0,0.0,0.0,0.0
2009,FC,612,Deltamethrin (includes parent Tralomethrin),543,0,543,0,0,0,inf,543,0.0,10.0,10.0,0.0,1.0,0.0,0.0,0.0,0.0
2009,FC,621,Tri Allate,543,0,543,0,0,0,1.0,543,0.0,4.637200736648251,4.637200736648251,0.0,0.6593001841620626,0.0,0.0,0.0,0.0
2009,FC,621,Tri Allate,543,0,543,0,0,0,2.0,543,0.0,4.637200736648251,4.637200736648251,0.0,0.6593001841620626,0.0,0.0,0.0,0.0
2009,FC,621,Tri Allate,543,0,543,0,0,0,5.0,543,0.0,4.637200736648251,4.637200736648251,0.0,0.6593001841620626,0.0,0.0,0.0,0.0
2009,FC,621,Tri Allate,543,0,543,0,0,0,10.0,543,0.0,4.637200736648251,4.637200736648251,0.0,0.6593001841620626,0.0,0.0,0.0,0.0
2009,FC,621,Tri Allate,543,0,543,0,0,0,inf,543,0.0,4.637200736648251,4.637200736648251,0.0,0.6593001841620626,0.0,0.0,0.0,0.0
2009,FC,623,Propargite,543,0,542,1,0,0,1.0,543,0.06040515653775322,8.338489871086557,8.278084714548804,0.001841620626151013,1.0,0.001841620626151013,0.001841620626151013,0.001841620626151013,0.001841620626151013
2009,FC,623,Propargite,543,0,542,1,0,0,2.0,543,0.06040515653775322,8.338489871086557,8.278084714548804,0.001841620626151013,1.0,0.001841620626151013,0.001841620626151013,0.001841620626151013,0.001841620626151013
2009,FC,623,Propargite,543,0,542,1,0,0,5.0,543,0.06040515653775322,8.338489871086557,8.278084714548804,0.001841620626151013,1.0,0.001841620626151013,0.001841620626151013,0.001841620626151013,0.001841620626151013
2009,FC,623,Propargite,543,0,542,1,0,0,10.0,543,0.06040515653775322,8.338489871086557,8.278084714548804,0.001841620626151013,1.0,0.001841620626151013,0.001841620626151013,0.001841620626151013,0.001841620626151013
2009,FC,623,Propargite,543,0,542,1,0,0,inf,543,0.06040515653775322,8.338489871086557,8.278084714548804,0.001841620626151013,1.0,0.001841620626151013,0.001841620626151013,0.001841620626151013,0.001841620626151013
2009,FC,624,Tetrahydrophthalimide (THPI),543,0,543,0,0,0,1.0,543,0.0,19.91160220994475,19.91160220994475,0.0,1.0,0.0,1.0,0.0,0.6593001841620626
2009,FC,624,Tetrahydrophthalimide (THPI),543,0,543,0,0,0,2.0,543,0.0,19.91160220994475,19.91160220994475,0.0,1.0,0.0,1.0,0.0,0.6593001841620626
2009,FC,624,Tetrahydrophthalimide (THPI),543,0,543,0,0,0,5.0,543,0.0,19.91160220994475,19.91160220994475,0.0,1.0,0.0,1.0,0.0,0.6593001841620626
2009,FC,624,Tetrahydrophthalimide (THPI),543,0,543,0,0,0,10.0,543,0.0,19.91160220994475,19.91160220994475,0.0,1.0,0.0,1.0,0.0,0.6593001841620626
2009,FC,624,Tetrahydrophthalimide (THPI),543,0,543,0,0,0,inf,543,0.0,19.91160220994475,19.91160220994475,0.0,1.0,0.0,1.0,0.0,0.6593001841620626
2009,FC,625,Oxadiazon,543,0,542,1,0,0,1.0,543,0.004235727440147329,2.0005524861878454,1.9963167587476982,0.001841620626151013,0.001841620626151013,0.0,0.0,0.0,0.0
2009,FC,625,Oxadiazon,543,0,542,1,0,0,2.0,543,0.004235727440147329,2.0005524861878454,1.9963167587476982,0.001841620626151013,0.001841620626151013,0.0,0.0,0.0,0.0
2009,FC,625,Oxadiazon,543,0,542,1,0,0,5.0,543,0.004235727440147329,2.0005524861878454,1.9963167587476982,0.001841620626151013,0.001841620626151013,0.0,0.0,0.0,0.0
2009,FC,625,Oxadiazon,543,0,542,1,0,0,10.0,543,0.004235727440147329,2.0005524861878454,1.9963167587476982,0.001841620626151013,0.001841620626151013,0.0,0.0,0.0,0.0
2009,FC,625,Oxadiazon,543,0,542,1,0,0,inf,543,0.004235727440147329,2.0005524861878454,1.9963167587476982,0.001841620626151013,0.001841620626151013,0.0,0.0,0.0,0.0
2009,FC,626,Iprodione,543,0,543,0,0,0,1.0,543,0.0,5.0,5.0,0.0,1.0,0.0,0.0,0.0,0.0
2009,FC,626,Iprodione,543,0,543,0,0,0,2.0,543,0.0,5.0,5.0,0.0,1.0,0.0,0.0,0.0,0.0
2009,FC,626,Iprodione,543,0,543,0,0,0,5.0,543,0.0,5.0,5.0,0.0,1.0,0.0,0.0,0.0,0.0
2009,FC,626,Iprodione,543,0,543,0,0,0,10.0,543,0.0,5.0,5.0,0.0,1.0,0.0,0.0,0.0,0.0
2009,FC,626,Iprodione,543,0,543,0,0,0,inf,543,0.0,5.0,5.0,0.0,1.0,0.0,0.0,0.0,0.0
2009,FC,636,Propetamphos,543,0,543,0,0,0,1.0,543,0.0,6.933701657458563,6.933701657458563,0.0,0.6593001841620626,0.0,0.0,0.0,0.0
2009,FC,636,Propetamphos,543,0,543,0,0,0,2.0,543,0.0,6.933701657458563,6.933701657458563,0.0,0.6593001841620626,0.0,0.0,0.0,0.0
2009,FC,636,Propetamphos,543,0,543,0,0,0,5.0,543,0.0,6.933701657458563,6.933701657458563,0.0,0.6593001841620626,0.0,0.0,0.0,0.0
2009,FC,636,Propetamphos,543,0,543,0,0,0,10.0,543,0.0,6.933701657458563,6.933701657458563,0.0,0.6593001841620626,0.0,0.0,0.0,0.0
2009,FC,636,Propetamphos,543,0,543,0,0,0,inf,543,0.0,6.933701657458563,6.933701657458563,0.0,0.6593001841620626,0.0,0.0,0.0,0.0
2009,FC,651,Diflubenzuron,543,0,543,0,0,0,1.0,543,0.0,13.0,13.0,0.0,1.0,0.0,1.0,0.0,0.0
2009,FC,651,Diflubenzuron,543,0,543,0,0,0,2.0,543,0.0,13.0,13.0,0.0,1.0,0.0,1.0,0.0,0.0
2009,FC,651,Diflubenzuron,543,0,543,0,0,0,5.0,543,0.0,13.0,13.0,0.0,1.0,0.0,1.0,0.0,0.0
2009,FC,651,Diflubenzuron,543,0,543,0,0,0,10.0,543,0.0,13.0,13.0,0.0,1.0,0.0,1.0,0.0,0.0
2009,FC,651,Diflubenzuron,543,0,543,0,0,0,inf,543,0.0,13.0,13.0,0.0,1.0,0.0,1.0,0.0,0.0
2009,FC,668,Chloroxuron,543,0,543,0,0,0,1.0,543,0.0,8.0,8.0,0.0,1.0,0.0,0.0,0.0,0.0
2009,FC,668,Chloroxuron,543,0,543,0,0,0,2.0,543,0.0,8.0,8.0,0.0,1.0,0.0,0.0,0.0,0.0
2009,FC,668,Chloroxuron,543,0,543,0,0,0,5.0,543,0.0,8.0,8.0,0.0,1.0,0.0,0.0,0.0,0.0
2009,FC,668,Chloroxuron,543,0,543,0,0,0,10.0,543,0.0,8.0,8.0,0.0,1.0,0.0,0.0,0.0,0.0
2009,FC,668,Chloroxuron,543,0,543,0,0,0,inf,543,0.0,8.0,8.0,0.0,1.0,0.0,0.0,0.0,0.0
2009,FC,675,Propachlor,543,0,543,0,0,0,1.0,543,0.0,8.933701657458563,8.933701657458563,0.0,1.0,0.0,0.6593001841620626,0.0,0.0
2009,FC,675,Propachlor,543,0,543,0,0,0,2.0,543,0.0,8.933701657458563,8.933701657458563,0.0,1.0,0.0,0.6593001841620626,0.0,0.0
2009,FC,675,Propachlor,543,0,543,0,0,0,5.0,543,0.0,8.933701657458563,8.933701657458563,0.0,1.0,0.0,0.6593001841620626,0.0,0.0
2009,FC,675,Propachlor,543,0,543,0,0,0,10.0,543,0.0,8.933701657458563,8.933701657458563,0.0,1.0,0.0,0.6593001841620626,0.0,0.0
2009,FC,675,Propachlor,543,0,543,0,0,0,inf,543,0.0,8.933701657458563,8.933701657458563,0.0,1.0,0.0,0.6593001841620626,0.0,0.0
2009,FC,679,Myclobutanil,543,260,283,0,0,0,1.0,543,0.0,10.0,10.0,0.0,1.0,0.0,0.0,0.0,0.0
2009,FC,679,Myclobutanil,543,260,283,0,0,0,2.0,543,0.0,14.788213627992633,14.788213627992633,0.0,1.0,0.0,0.47882136279926335,0.0,0.0
2009,FC,679,Myclobutanil,543,260,283,0,0,0,5.0,543,0.0,29.152854511970535,29.152854511970535,0.0,1.0,0.0,0.47882136279926335,0.0,0.47882136279926335
2009,FC,679,Myclobutanil,543,260,283,0,0,0,10.0,543,0.0,53.0939226519337,53.0939226519337,0.0,1.0,0.0,0.47882136279926335,0.0,0.47882136279926335
2009,FC,679,Myclobutanil,543,260,283,0,0,0,inf,543,0.0,inf,inf,0.0,1.0,0.0,0.47882136279926335,0.0,0.47882136279926335
2009,FC,699,Clofentezine,543,0,543,0,0,0,1.0,543,0.0,6.0,6.0,0.0,1.0,0.0,0.0,0.0,0.0
2009,FC,699,Clofentezine,543,0,543,0,0,0,2.0,543,0.0,6.0,6.0,0.0,1.0,0.0,0.0,0.0,0.0
2009,FC,699,Clofentezine,543,0,543,0,0,0,5.0,543,0.0,6.0,6.0,0.0,1.0,0.0,0.0,0.0,0.0
2009,FC,699,Clofentezine,543,0,543,0,0,0,10.0,543,0.0,6.0,6.0,0.0,1.0,0.0,0.0,0.0,0.0
2009,FC,699,Clofentezine,543,0,543,0,0,0,inf,543,0.0,6.0,6.0,0.0,1.0,0.0,0.0,0.0,0.0
2009,FC,713,Oxyfluorfen,543,543,0,0,0,0,1.0,543,0.0,1.0,1.0,0.0,0.0,0.0,0.0,0.0,0.0
2009,FC,713,Oxyfluorfen,543,543,0,0,0,0,2.0,543,0.0,2.0,2.0,0.0,0.0,0.0,0.0,0.0,0.0
2009,FC,713,Oxyfluorfen,543,543,0,0,0,0,5.0,543,0.0,5.0,5.0,0.0,1.0,0.0,0.0,0.0,0.0
2009,FC,713,Oxyfluorfen,543,543,0,0,0,0,10.0,543,0.0,10.0,10.0,0.0,1.0,0.0,0.0,0.0,0.0
2009,FC,713,Oxyfluorfen,543,543,0,0,0,0,inf,543,0.0,inf,inf,0.0,1.0,0.0,1.0,0.0,1.0
2009,FC,719,Clomazone,543,0,543,0,0,0,1.0,543,0.0,3.0,3.0,0.0,1.0,0.0,0.0,0.0,0.0
2009,FC,719,Clomazone,543,0,543,0,0,0,2.0,543,0.0,3.0,3.0,0.0,1.0,0.0,0.0,0.0,0.0
2009,FC,719,Clomazone,543,0,543,0,0,0,5.0,543,0.0,3.0,3.0,0.0,1.0,0.0,0.0,0.0,0.0
2009,FC,719,Clomazone,543,0,543,0,0,0,10.0,543,0.0,3.0,3.0,0.0,1.0,0.0,0.0,0.0,0.0
2009,FC,719,Clomazone,543,0,543,0,0,0,inf,543,0.0,3.0,3.0,0.0,1.0,0.0,0.0,0.0,0.0
2009,FC,721,Ethalfluralin,543,0,543,0,0,0,1.0,543,0.0,1.0,1.0,0.0,0.0,0.0,0.0,0.0,0.0
2009,FC,721,Ethalfluralin,543,0,543,0,0,0,2.0,543,0.0,1.0,1.0,0.0,0.0,0.0,0.0,0.0,0.0
2009,FC,721,Ethalfluralin,543,0,543,0,0,0,5.0,543,0.0,1.0,1.0,0.0,0.0,0.0,0.0,0.0,0.0
2009,FC,721,Ethalfluralin,543,0,543,0,0,0,10.0,543,0.0,1.0,1.0,0.0,0.0,0.0,0.0,0.0,0.0
2009,FC,721,Ethalfluralin,543,0,543,0,0,0,inf,543,0.0,1.0,1.0,0.0,0.0,0.0,0.0,0.0,0.0
2009,FC,722,Etridiazole,543,0,543,0,0,0,1.0,543,0.0,4.9779005524861875,4.9779005524861875,0.0,1.0,0.0,0.0,0.0,0.0
2009,FC,722,Etridiazole,543,0,543,0,0,0,2.0,543,0.0,4.9779005524861875,4.9779005524861875,0.0,1.0,0.0,0.0,0.0,0.0
2009,FC,722,Etridiazole,543,0,543,0,0,0,5.0,543,0.0,4.9779005524861875,4.9779005524861875,0.0,1.0,0.0,0.0,0.0,0.0
2009,FC,722,Etridiazole,543,0,543,0,0,0,10.0,543,0.0,4.9779005524861875,4.9779005524861875,0.0,1.0,0.0,0.0,0.0,0.0
2009,FC,722,Etridiazole,543,0,543,0,0,0,inf,543,0.0,4.9779005524861875,4.9779005524861875,0.0,1.0,0.0,0.0,0.0,0.0
2009,FC,726,Thiobencarb,543,0,543,0,0,0,1.0,543,0.0,16.593001841620627,16.593001841620627,0.0,1.0,0.0,0.6593001841620626,0.0,0.0
2009,FC,726,Thiobencarb,543,0,543,0,0,0,2.0,543,0.0,16.593001841620627,16.593001841620627,0.0,1.0,0.0,0.6593001841620626,0.0,0.0
2009,FC,726,Thiobencarb,543,0,543,0,0,0,5.0,543,0.0,16.593001841620627,16.593001841620627,0.0,1.0,0.0,0.6593001841620626,0.0,0.0
2009,FC,726,Thiobencarb,543,0,543,0,0,0,10.0,543,0.0,16.593001841620627,16.593001841620627,0.0,1.0,0.0,0.6593001841620626,0.0,0.0
2009,FC,726,Thiobencarb,543,0,543,0,0,0,inf,543,0.0,16.593001841620627,16.593001841620627,0.0,1.0,0.0,0.6593001841620626,0.0,0.0
2009,FC,728,Bifenox,543,0,543,0,0,0,1.0,543,0.0,8.933701657458563,8.933701657458563,0.0,1.0,0.0,0.6593001841620626,0.0,0.0
2009,FC,728,Bifenox,543,0,543,0,0,0,2.0,543,0.0,8.933701657458563,8.933701657458563,0.0,1.0,0.0,0.6593001841620626,0.0,0.0
2009,FC,728,Bifenox,543,0,543,0,0,0,5.0,543,0.0,8.933701657458563,8.933701657458563,0.0,1.0,0.0,0.6593001841620626,0.0,0.0
2009,FC,728,Bifenox,543,0,543,0,0,0,10.0,543,0.0,8.933701657458563,8.933701657458563,0.0,1.0,0.0,0.6593001841620626,0.0,0.0
2009,FC,728,Bifenox,543,0,543,0,0,0,inf,543,0.0,8.933701657458563,8.933701657458563,0.0,1.0,0.0,0.6593001841620626,0.0,0.0
2009,FC,736,Fluridone,543,0,543,0,0,0,1.0,543,0.0,8.296500920810313,8.296500920810313,0.0,1.0,0.0,0.0,0.0,0.0
2009,FC,736,Fluridone,543,0,543,0,0,0,2.0,543,0.0,8.296500920810313,8.296500920810313,0.0,1.0,0.0,0.0,0.0,0.0
2009,FC,736,Fluridone,543,0,543,0,0,0,5.0,543,0.0,8.296500920810313,8.296500920810313,0.0,1.0,0.0,0.0,0.0,0.0
2009,FC,736,Fluridone,543,0,543,0,0,0,10.0,543,0.0,8.296500920810313,8.296500920810313,0.0,1.0,0.0,0.0,0.0,0.0
2009,FC,736,Fluridone,543,0,543,0,0,0,inf,543,0.0,8.296500920810313,8.296500920810313,0.0,1.0,0.0,0.0,0.0,0.0
2009,FC,749,Temephos,543,0,543,0,0,0,1.0,543,0.0,4.0,4.0,0.0,1.0,0.0,0.0,0.0,0.0
2009,FC,749,Temephos,543,0,543,0,0,0,2.0,543,0.0,4.0,4.0,0.0,1.0,0.0,0.0,0.0,0.0
2009,FC,749,Temephos,543,0,543,0,0,0,5.0,543,0.0,4.0,4.0,0.0,1.0,0.0,0.0,0.0,0.0
2009,FC,749,Temephos,543,0,543,0,0,0,10.0,543,0.0,4.0,4.0,0.0,1.0,0.0,0.0,0.0,0.0
2009,FC,749,Temephos,543,0,543,0,0,0,inf,543,0.0,4.0,4.0,0.0,1.0,0.0,0.0,0.0,0.0
2009,FC,775,Dinitramine,543,0,543,0,0,0,1.0,543,0.0,1.0,1.0,0.0,0.0,0.0,0.0,0.0,0.0
2009,FC,775,Dinitramine,543,0,543,0,0,0,2.0,543,0.0,1.0,1.0,0.0,0.0,0.0,0.0,0.0,0.0
2009,FC,775,Dinitramine,543,0,543,0,0,0,5.0,543,0.0,1.0,1.0,0.0,0.0,0.0,0.0,0.0,0.0
2009,FC,775,Dinitramine,543,0,543,0,0,0,10.0,543,0.0,1.0,1.0,0.0,0.0,0.0,0.0,0.0,0.0
2009,FC,775,Dinitramine,543,0,543,0,0,0,inf,543,0.0,1.0,1.0,0.0,0.0,0.0,0.0,0.0,0.0
2009,FC,777,Fenoxaprop ethyl,543,0,543,0,0,0,1.0,543,0.0,3.3186003683241254,3.3186003683241254,0.0,0.6593001841620626,0.0,0.0,0.0,0.0
2009,FC,777,Fenoxaprop ethyl,543,0,543,0,0,0,2.0,543,0.0,3.3186003683241254,3.3186003683241254,0.0,0.6593001841620626,0.0,0.0,0.0,0.0
2009,FC,777,Fenoxaprop ethyl,543,0,543,0,0,0,5.0,543,0.0,3.3186003683241254,3.3186003683241254,0.0,0.6593001841620626,0.0,0.0,0.0,0.0
2009,FC,777,Fenoxaprop ethyl,543,0,543,0,0,0,10.0,543,0.0,3.3186003683241254,3.3186003683241254,0.0,0.6593001841620626,0.0,0.0,0.0,0.0
2009,FC,777,Fenoxaprop ethyl,543,0,543,0,0,0,inf,543,0.0,3.3186003683241254,3.3186003683241254,0.0,0.6593001841620626,0.0,0.0,0.0,0.0
2009,FC,780,Tebuthiuron,543,260,283,0,0,0,1.0,543,0.0,2.0,2.0,0.0,0.0,0.0,0.0,0.0,0.0
2009,FC,780,Tebuthiuron,543,260,283,0,0,0,2.0,543,0.0,2.957642725598527,2.957642725598527,0.0,0.47882136279926335,0.0,0.0,0.0,0.0
2009,FC,780,Tebuthiuron,543,260,283,0,0,0,5.0,543,0.0,5.830570902394107,5.830570902394107,0.0,0.47882136279926335,0.0,0.0,0.0,0.0
2009,FC,780,Tebuthiuron,543,260,283,0,0,0,10.0,543,0.0,10.61878453038674,10.61878453038674,0.0,0.47882136279926335,0.0,0.47882136279926335,0.0,0.0
2009,FC,780,Tebuthiuron,543,260,283,0,0,0,inf,543,0.0,inf,inf,0.0,0.47882136279926335,0.0,0.47882136279926335,0.0,0.47882136279926335
2009,FC,781,Cyfluthrin,543,0,543,0,0,0,1.0,543,0.0,1.0,1.0,0.0,0.0,0.0,0.0,0.0,0.0
2009,FC,781,Cyfluthrin,543,0,543,0,0,0,2.0,543,0.0,1.0,1.0,0.0,0.0,0.0,0.0,0.0,0.0
2009,FC,781,Cyfluthrin,543,0,543,0,0,0,5.0,543,0.0,1.0,1.0,0.0,0.0,0.0,0.0,0.0,0.0
2009,FC,781,Cyfluthrin,543,0,543,0,0,0,10.0,543,0.0,1.0,1.0,0.0,0.0,0.0,0.0,0.0,0.0
2009,FC,781,Cyfluthrin,543,0,543,0,0,0,inf,543,0.0,1.0,1.0,0.0,0.0,0.0,0.0,0.0,0.0
2009,FC,783,Butylate,543,0,543,0,0,0,1.0,543,0.0,3.3186003683241254,3.3186003683241254,0.0,0.6593001841620626,0.0,0.0,0.0,0.0
2009,FC,783,Butylate,543,0,543,0,0,0,2.0,543,0.0,3.3186003683241254,3.3186003683241254,0.0,0.6593001841620626,0.0,0.0,0.0,0.0
2009,FC,783,Butylate,543,0,543,0,0,0,5.0,543,0.0,3.3186003683241254,3.3186003683241254,0.0,0.6593001841620626,0.0,0.0,0.0,0.0
2009,FC,783,Butylate,543,0,543,0,0,0,10.0,543,0.0,3.3186003683241254,3.3186003683241254,0.0,0.6593001841620626,0.0,0.0,0.0,0.0
2009,FC,783,Butylate,543,0,543,0,0,0,inf,543,0.0,3.3186003683241254,3.3186003683241254,0.0,0.6593001841620626,0.0,0.0,0.0,0.0
2009,FC,791,Phenmedipham,543,0,543,0,0,0,1.0,543,0.0,13.0,13.0,0.0,1.0,0.0,1.0,0.0,0.0
2009,FC,791,Phenmedipham,543,0,543,0,0,0,2.0,543,0.0,13.0,13.0,0.0,1.0,0.0,1.0,0.0,0.0
2009,FC,791,Phenmedipham,543,0,543,0,0,0,5.0,543,0.0,13.0,13.0,0.0,1.0,0.0,1.0,0.0,0.0
2009,FC,791,Phenmedipham,543,0,543,0,0,0,10.0,543,0.0,13.0,13.0,0.0,1.0,0.0,1.0,0.0,0.0
2009,FC,791,Phenmedipham,543,0,543,0,0,0,inf,543,0.0,13.0,13.0,0.0,1.0,0.0,1.0,0.0,0.0
2009,FC,796,Tridiphane,543,0,543,0,0,0,1.0,543,0.0,8.593001841620627,8.593001841620627,0.0,0.6593001841620626,0.0,0.6593001841620626,0.0,0.0
2009,FC,796,Tridiphane,543,0,543,0,0,0,2.0,543,0.0,8.593001841620627,8.593001841620627,0.0,0.6593001841620626,0.0,0.6593001841620626,0.0,0.0
2009,FC,796,Tridiphane,543,0,543,0,0,0,5.0,543,0.0,8.593001841620627,8.593001841620627,0.0,0.6593001841620626,0.0,0.6593001841620626,0.0,0.0
2009,FC,796,Tridiphane,543,0,543,0,0,0,10.0,543,0.0,8.593001841620627,8.593001841620627,0.0,0.6593001841620626,0.0,0.6593001841620626,0.0,0.0
2009,FC,796,Tridiphane,543,0,543,0,0,0,inf,543,0.0,8.593001841620627,8.593001841620627,0.0,0.6593001841620626,0.0,0.6593001841620626,0.0,0.0
2009,FC,807,Acetochlor,543,0,541,2,0,0,1.0,543,0.03038674033149171,4.986187845303867,4.955801104972375,0.003683241252302026,1.0,0.0,0.0,0.0,0.0
2009,FC,807,Acetochlor,543,0,541,2,0,0,2.0,543,0.03038674033149171,4.986187845303867,4.955801104972375,0.003683241252302026,1.0,0.0,0.0,0.0,0.0
2009,FC,807,Acetochlor,543,0,541,2,0,0,5.0,543,0.03038674033149171,4.986187845303867,4.955801104972375,0.003683241252302026,1.0,0.0,0.0,0.0,0.0
2009,FC,807,Acetochlor,543,0,541,2,0,0,10.0,543,0.03038674033149171,4.986187845303867,4.955801104972375,0.003683241252302026,1.0,0.0,0.0,0.0,0.0
2009,FC,807,Acetochlor,543,0,541,2,0,0,inf,543,0.03038674033149171,4.986187845303867,4.955801104972375,0.003683241252302026,1.0,0.0,0.0,0.0,0.0
2009,FC,808,Fenpropathrin,543,0,543,0,0,0,1.0,543,0.0,14.88950276243094,14.88950276243094,0.0,1.0,0.0,0.6593001841620626,0.0,0.0
2009,FC,808,Fenpropathrin,543,0,543,0,0,0,2.0,543,0.0,14.88950276243094,14.88950276243094,0.0,1.0,0.0,0.6593001841620626,0.0,0.0
2009,FC,808,Fenpropathrin,543,0,543,0,0,0,5.0,543,0.0,14.88950276243094,14.88950276243094,0.0,1.0,0.0,0.6593001841620626,0.0,0.0
2009,FC,808,Fenpropathrin,543,0,543,0,0,0,10.0,543,0.0,14.88950276243094,14.88950276243094,0.0,1.0,0.0,0.6593001841620626,0.0,0.0
2009,FC,808,Fenpropathrin,543,0,543,0,0,0,inf,543,0.0,14.88950276243094,14.88950276243094,0.0,1.0,0.0,0.6593001841620626,0.0,0.0
2009,FC,811,Fenoxycarb,543,0,543,0,0,0,1.0,543,0.0,10.0,10.0,0.0,1.0,0.0,0.0,0.0,0.0
2009,FC,811,Fenoxycarb,543,0,543,0,0,0,2.0,543,0.0,10.0,10.0,0.0,1.0,0.0,0.0,0.0,0.0
2009,FC,811,Fenoxycarb,543,0,543,0,0,0,5.0,543,0.0,10.0,10.0,0.0,1.0,0.0,0.0,0.0,0.0
2009,FC,811,Fenoxycarb,543,0,543,0,0,0,10.0,543,0.0,10.0,10.0,0.0,1.0,0.0,0.0,0.0,0.0
2009,FC,811,Fenoxycarb,543,0,543,0,0,0,inf,543,0.0,10.0,10.0,0.0,1.0,0.0,0.0,0.0,0.0
2009,FC,814,Prodiamine,543,0,543,0,0,0,1.0,543,0.0,2.3186003683241254,2.3186003683241254,0.0,0.6593001841620626,0.0,0.0,0.0,0.0
2009,FC,814,Prodiamine,543,0,543,0,0,0,2.0,543,0.0,2.3186003683241254,2.3186003683241254,0.0,0.6593001841620626,0.0,0.0,0.0,0.0
2009,FC,814,Prodiamine,543,0,543,0,0,0,5.0,543,0.0,2.3186003683241254,2.3186003683241254,0.0,0.6593001841620626,0.0,0.0,0.0,0.0
2009,FC,814,Prodiamine,543,0,543,0,0,0,10.0,543,0.0,2.3186003683241254,2.3186003683241254,0.0,0.6593001841620626,0.0,0.0,0.0,0.0
2009,FC,814,Prodiamine,543,0,543,0,0,0,inf,543,0.0,2.3186003683241254,2.3186003683241254,0.0,0.6593001841620626,0.0,0.0,0.0,0.0
2009,FC,834,Flumetralin,543,0,543,0,0,0,1.0,543,0.0,1.0,1.0,0.0,0.0,0.0,0.0,0.0,0.0
2009,FC,834,Flumetralin,543,0,543,0,0,0,2.0,543,0.0,1.0,1.0,0.0,0.0,0.0,0.0,0.0,0.0
2009,FC,834,Flumetralin,543,0,543,0,0,0,5.0,543,0.0,1.0,1.0,0.0,0.0,0.0,0.0,0.0,0.0
2009,FC,834,Flumetralin,543,0,543,0,0,0,10.0,543,0.0,1.0,1.0,0.0,0.0,0.0,0.0,0.0,0.0
2009,FC,834,Flumetralin,543,0,543,0,0,0,inf,543,0.0,1.0,1.0,0.0,0.0,0.0,0.0,0.0,0.0
2009,FC,848,Phenothrin,543,0,543,0,0,0,1.0,543,0.0,8.933701657458563,8.933701657458563,0.0,1.0,0.0,0.6593001841620626,0.0,0.0
2009,FC,848,Phenothrin,543,0,543,0,0,0,2.0,543,0.0,8.933701657458563,8.933701657458563,0.0,1.0,0.0,0.6593001841620626,0.0,0.0
2009,FC,848,Phenothrin,543,0,543,0,0,0,5.0,543,0.0,8.933701657458563,8.933701657458563,0.0,1.0,0.0,0.6593001841620626,0.0,0.0
2009,FC,848,Phenothrin,543,0,543,0,0,0,10.0,543,0.0,8.933701657458563,8.933701657458563,0.0,1.0,0.0,0.6593001841620626,0.0,0.0
2009,FC,848,Phenothrin,543,0,543,0,0,0,inf,543,0.0,8.933701657458563,8.933701657458563,0.0,1.0,0.0,0.6593001841620626,0.0,0.0
2009,FC,900,Endosulfan I,543,0,536,7,0,0,1.0,543,0.02283609576427256,1.0099447513812154,0.9871086556169428,0.003683241252302026,0.003683241252302026,0.0,0.0,0.0,0.0
2009,FC,900,Endosulfan I,543,0,536,7,0,0,2.0,543,0.02283609576427256,1.0099447513812154,0.9871086556169428,0.003683241252302026,0.003683241252302026,0.0,0.0,0.0,0.0
2009,FC,900,Endosulfan I,543,0,536,7,0,0,5.0,543,0.02283609576427256,1.0099447513812154,0.9871086556169428,0.003683241252302026,0.003683241252302026,0.0,0.0,0.0,0.0
2009,FC,900,Endosulfan I,543,0,536,7,0,0,10.0,543,0.02283609576427256,1.0099447513812154,0.9871086556169428,0.003683241252302026,0.003683241252302026,0.0,0.0,0.0,0.0
2009,FC,900,Endosulfan I,543,0,536,7,0,0,inf,543,0.02283609576427256,1.0099447513812154,0.9871086556169428,0.003683241252302026,0.003683241252302026,0.0,0.0,0.0,0.0
2009,FC,901,Endosulfan II,543,0,541,2,0,0,1.0,543,0.009023941068139963,1.0053406998158378,0.9963167587476979,0.001841620626151013,0.001841620626151013,0.0,0.0,0.0,0.0
2009,FC,901,Endosulfan II,543,0,541,2,0,0,2.0,543,0.009023941068139963,1.0053406998158378,0.9963167587476979,0.001841620626151013,0.001841620626151013,0.0,0.0,0.0,0.0
2009,FC,901,Endosulfan II,543,0,541,2,0,0,5.0,543,0.009023941068139963,1.0053406998158378,0.9963167587476979,0.001841620626151013,0.001841620626151013,0.0,0.0,0.0,0.0
2009,FC,901,Endosulfan II,543,0,541,2,0,0,10.0,543,0.009023941068139963,1.0053406998158378,0.9963167587476979,0.001841620626151013,0.001841620626151013,0.0,0.0,0.0,0.0
2009,FC,901,Endosulfan II,543,0,541,2,0,0,inf,543,0.009023941068139963,1.0053406998158378,0.9963167587476979,0.001841620626151013,0.001841620626151013,0.0,0.0,0.0,0.0
2009,FC,902,Endosulfan sulfate,543,0,511,32,0,0,1.0,543,0.3594843462246777,1.3005524861878455,0.9410681399631677,0.040515653775322284,0.040515653775322284,0.011049723756906077,0.011049723756906077,0.003683241252302026,0.003683241252302026
2009,FC,902,Endosulfan sulfate,543,0,511,32,0,0,2.0,543,0.3594843462246777,1.3005524861878455,0.9410681399631677,0.040515653775322284,0.040515653775322284,0.011049723756906077,0.011049723756906077,0.003683241252302026,0.003683241252302026
2009,FC,902,Endosulfan sulfate,543,0,511,32,0,0,5.0,543,0.3594843462246777,1.3005524861878455,0.9410681399631677,0.040515653775322284,0.040515653775322284,0.011049723756906077,0.011049723756906077,0.003683241252302026,0.003683241252302026
2009,FC,902,Endosulfan sulfate,543,0,511,32,0,0,10.0,543,0.3594843462246777,1.3005524861878455,0.9410681399631677,0.040515653775322284,0.040515653775322284,0.011049723756906077,0.011049723756906077,0.003683241252302026,0.003683241252302026
2009,FC,902,Endosulfan sulfate,543,0,511,32,0,0,inf,543,0.3594843462246777,1.3005524861878455,0.9410681399631677,0.040515653775322284,0.040515653775322284,0.011049723756906077,0.011049723756906077,0.003683241252302026,0.003683241252302026
2009,FC,903,BHC alpha,543,0,537,6,0,0,1.0,543,0.03167587476979742,1.0206261510128913,0.988950276243094,0.0055248618784530384,0.0055248618784530384,0.0,0.0,0.0,0.0
2009,FC,903,BHC alpha,543,0,537,6,0,0,2.0,543,0.03167587476979742,1.0206261510128913,0.988950276243094,0.0055248618784530384,0.0055248618784530384,0.0,0.0,0.0,0.0
2009,FC,903,BHC alpha,543,0,537,6,0,0,5.0,543,0.03167587476979742,1.0206261510128913,0.988950276243094,0.0055248618784530384,0.0055248618784530384,0.0,0.0,0.0,0.0
2009,FC,903,BHC alpha,543,0,537,6,0,0,10.0,543,0.03167587476979742,1.0206261510128913,0.988950276243094,0.0055248618784530384,0.0055248618784530384,0.0,0.0,0.0,0.0
2009,FC,903,BHC alpha,543,0,537,6,0,0,inf,543,0.03167587476979742,1.0206261510128913,0.988950276243094,0.0055248618784530384,0.0055248618784530384,0.0,0.0,0.0,0.0
2009,FC,904,BHC beta,543,0,543,0,0,0,1.0,543,0.0,5.0,5.0,0.0,1.0,0.0,0.0,0.0,0.0
2009,FC,904,BHC beta,543,0,543,0,0,0,2.0,543,0.0,5.0,5.0,0.0,1.0,0.0,0.0,0.0,0.0
2009,FC,904,BHC beta,543,0,543,0,0,0,5.0,543,0.0,5.0,5.0,0.0,1.0,0.0,0.0,0.0,0.0
2009,FC,904,BHC beta,543,0,543,0,0,0,10.0,543,0.0,5.0,5.0,0.0,1.0,0.0,0.0,0.0,0.0
2009,FC,904,BHC beta,543,0,543,0,0,0,inf,543,0.0,5.0,5.0,0.0,1.0,0.0,0.0,0.0,0.0
2009,FC,905,BHC delta,543,0,542,1,0,0,1.0,543,0.007366482504604052,1.0055248618784531,0.9981583793738491,0.001841620626151013,0.001841620626151013,0.0,0.0,0.0,0.0
2009,FC,905,BHC delta,543,0,542,1,0,0,2.0,543,0.007366482504604052,1.0055248618784531,0.9981583793738491,0.001841620626151013,0.001841620626151013,0.0,0.0,0.0,0.0
2009,FC,905,BHC delta,543,0,542,1,0,0,5.0,543,0.007366482504604052,1.0055248618784531,0.9981583793738491,0.001841620626151013,0.001841620626151013,0.0,0.0,0.0,0.0
2009,FC,905,BHC delta,543,0,542,1,0,0,10.0,543,0.007366482504604052,1.0055248618784531,0.9981583793738491,0.001841620626151013,0.001841620626151013,0.0,0.0,0.0,0.0
2009,FC,905,BHC delta,543,0,542,1,0,0,inf,543,0.007366482504604052,1.0055248618784531,0.9981583793738491,0.001841620626151013,0.001841620626151013,0.0,0.0,0.0,0.0
2009,FC,906,"DDT p,p'",543,0,540,3,0,0,1.0,543,0.022283609576427256,3.3261510128913443,3.303867403314917,0.0055248618784530384,0.6629834254143646,0.0,0.0,0.0,0.0
2009,FC,906,"DDT p,p'",543,0,540,3,0,0,2.0,543,0.022283609576427256,3.3261510128913443,3.303867403314917,0.0055248618784530384,0.6629834254143646,0.0,0.0,0.0,0.0
2009,FC,906,"DDT p,p'",543,0,540,3,0,0,5.0,543,0.022283609576427256,3.3261510128913443,3.303867403314917,0.0055248618784530384,0.6629834254143646,0.0,0.0,0.0,0.0
2009,FC,906,"DDT p,p'",543,0,540,3,0,0,10.0,543,0.022283609576427256,3.3261510128913443,3.303867403314917,0.0055248618784530384,0.6629834254143646,0.0,0.0,0.0,0.0
2009,FC,906,"DDT p,p'",543,0,540,3,0,0,inf,543,0.022283609576427256,3.3261510128913443,3.303867403314917,0.0055248618784530384,0.6629834254143646,0.0,0.0,0.0,0.0
2009,FC,908,"DDD p,p'",543,0,381,162,0,0,1.0,543,3.6740331491712706,4.885819521178637,1.2117863720073663,0.2541436464088398,0.2541436464088398,0.09944751381215469,0.09944751381215469,0.0570902394106814,0.0570902394106814
2009,FC,908,"DDD p,p'",543,0,381,162,0,0,2.0,543,3.6740331491712706,4.885819521178637,1.2117863720073663,0.2541436464088398,0.2541436464088398,0.09944751381215469,0.09944751381215469,0.0570902394106814,0.0570902394106814
2009,FC,908,"DDD p,p'",543,0,381,162,0,0,5.0,543,3.6740331491712706,4.885819521178637,1.2117863720073663,0.2541436464088398,0.2541436464088398,0.09944751381215469,0.09944751381215469,0.0570902394106814,0.0570902394106814
2009,FC,908,"DDD p,p'",543,0,381,162,0,0,10.0,543,3.6740331491712706,4.885819521178637,1.2117863720073663,0.2541436464088398,0.2541436464088398,0.09944751381215469,0.09944751381215469,0.0570902394106814,0.0570902394106814
2009,FC,908,"DDD p,p'",543,0,381,162,0,0,inf,543,3.6740331491712706,4.885819521178637,1.2117863720073663,0.2541436464088398,0.2541436464088398,0.09944751381215469,0.09944751381215469,0.0570902394106814,0.0570902394106814
2009,FC,909,"DDD o,p'",543,0,498,45,0,0,1.0,543,0.4609576427255985,2.004235727440147,1.5432780847145486,0.058931860036832415,0.058931860036832415,0.011049723756906077,0.011049723756906077,0.001841620626151013,0.001841620626151013
2009,FC,909,"DDD o,p'",543,0,498,45,0,0,2.0,543,0.4609576427255985,2.004235727440147,1.5432780847145486,0.058931860036832415,0.058931860036832415,0.011049723756906077,0.011049723756906077,0.001841620626151013,0.001841620626151013
2009,FC,909,"DDD o,p'",543,0,498,45,0,0,5.0,543,0.4609576427255985,2.004235727440147,1.5432780847145486,0.058931860036832415,0.058931860036832415,0.011049723756906077,0.011049723756906077,0.001841620626151013,0.001841620626151013
2009,FC,909,"DDD o,p'",543,0,498,45,0,0,10.0,543,0.4609576427255985,2.004235727440147,1.5432780847145486,0.058931860036832415,0.058931860036832415,0.011049723756906077,0.011049723756906077,0.001841620626151013,0.001841620626151013
2009,FC,909,"DDD o,p'",543,0,498,45,0,0,inf,543,0.4609576427255985,2.004235727440147,1.5432780847145486,0.058931860036832415,0.058931860036832415,0.011049723756906077,0.011049723756906077,0.001841620626151013,0.001841620626151013
2009,FC,910,"DDE p,p'",543,0,190,353,0,0,1.0,543,19.09355432780847,19.717863720073662,0.624309392265193,0.6224677716390423,0.6224677716390423,0.31307550644567217,0.31307550644567217,0.2136279926335175,0.2136279926335175
2009,FC,910,"DDE p,p'",543,0,190,353,0,0,2.0,543,19.09355432780847,19.717863720073662,0.624309392265193,0.6224677716390423,0.6224677716390423,0.31307550644567217,0.31307550644567217,0.2136279926335175,0.2136279926335175
2009,FC,910,"DDE p,p'",543,0,190,353,0,0,5.0,543,19.09355432780847,19.717863720073662,0.624309392265193,0.6224677716390423,0.6224677716390423,0.31307550644567217,0.31307550644567217,0.2136279926335175,0.2136279926335175
2009,FC,910,"DDE p,p'",543,0,190,353,0,0,10.0,543,19.09355432780847,19.717863720073662,0.624309392265193,0.6224677716390423,0.6224677716390423,0.31307550644567217,0.31307550644567217,0.2136279926335175,0.2136279926335175
2009,FC,910,"DDE p,p'",543,0,190,353,0,0,inf,543,19.09355432780847,19.717863720073662,0.624309392265193,0.6224677716390423,0.6224677716390423,0.31307550644567217,0.31307550644567217,0.2136279926335175,0.2136279926335175
2009,FC,911,"DDE o,p'",543,0,528,15,0,0,1.0,543,0.06998158379373849,1.6924493554327809,1.6224677716390423,0.009208103130755065,0.009208103130755065,0.001841620626151013,0.001841620626151013,0.0,0.0
2009,FC,911,"DDE o,p'",543,0,528,15,0,0,2.0,543,0.06998158379373849,1.6924493554327809,1.6224677716390423,0.009208103130755065,0.009208103130755065,0.001841620626151013,0.001841620626151013,0.0,0.0
2009,FC,911,"DDE o,p'",543,0,528,15,0,0,5.0,543,0.06998158379373849,1.6924493554327809,1.6224677716390423,0.009208103130755065,0.009208103130755065,0.001841620626151013,0.001841620626151013,0.0,0.0
2009,FC,911,"DDE o,p'",543,0,528,15,0,0,10.0,543,0.06998158379373849,1.6924493554327809,1.6224677716390423,0.009208103130755065,0.009208103130755065,0.001841620626151013,0.001841620626151013,0.0,0.0
2009,FC,911,"DDE o,p'",543,0,528,15,0,0,inf,543,0.06998158379373849,1.6924493554327809,1.6224677716390423,0.009208103130755065,0.009208103130755065,0.001841620626151013,0.001841620626151013,0.0,0.0
2009,FC,930,Bifenthrin,543,0,455,88,0,0,1.0,543,0.34401473296500923,1.18195211786372,0.8379373848987108,0.06261510128913444,0.06261510128913444,0.0,0.0,0.0,0.0
2009,FC,930,Bifenthrin,543,0,455,88,0,0,2.0,543,0.34401473296500923,1.18195211786372,0.8379373848987108,0.06261510128913444,0.06261510128913444,0.0,0.0,0.0,0.0
2009,FC,930,Bifenthrin,543,0,455,88,0,0,5.0,543,0.34401473296500923,1.18195211786372,0.8379373848987108,0.06261510128913444,0.06261510128913444,0.0,0.0,0.0,0.0
2009,FC,930,Bifenthrin,543,0,455,88,0,0,10.0,543,0.34401473296500923,1.18195211786372,0.8379373848987108,0.06261510128913444,0.06261510128913444,0.0,0.0,0.0,0.0
2009,FC,930,Bifenthrin,543,0,455,88,0,0,inf,543,0.34401473296500923,1.18195211786372,0.8379373848987108,0.06261510128913444,0.06261510128913444,0.0,0.0,0.0,0.0
2009,FC,943,Thiodicarb,543,0,543,0,0,0,1.0,543,0.0,50.0,50.0,0.0,1.0,0.0,1.0,0.0,1.0
2009,FC,943,Thiodicarb,543,0,543,0,0,0,2.0,543,0.0,50.0,50.0,0.0,1.0,0.0,1.0,0.0,1.0
2009,FC,943,Thiodicarb,543,0,543,0,0,0,5.0,543,0.0,50.0,50.0,0.0,1.0,0.0,1.0,0.0,1.0
2009,FC,943,Thiodicarb,543,0,543,0,0,0,10.0,543,0.0,50.0,50.0,0.0,1.0,0.0,1.0,0.0,1.0
2009,FC,943,Thiodicarb,543,0,543,0,0,0,inf,543,0.0,50.0,50.0,0.0,1.0,0.0,1.0,0.0,1.0
2009,FC,945,Ethofumesate,543,0,543,0,0,0,1.0,543,0.0,4.0,4.0,0.0,1.0,0.0,0.0,0.0,0.0
2009,FC,945,Ethofumesate,543,0,543,0,0,0,2.0,543,0.0,4.0,4.0,0.0,1.0,0.0,0.0,0.0,0.0
2009,FC,945,Ethofumesate,543,0,543,0,0,0,5.0,543,0.0,4.0,4.0,0.0,1.0,0.0,0.0,0.0,0.0
2009,FC,945,Ethofumesate,543,0,543,0,0,0,10.0,543,0.0,4.0,4.0,0.0,1.0,0.0,0.0,0.0,0.0
2009,FC,945,Ethofumesate,543,0,543,0,0,0,inf,543,0.0,4.0,4.0,0.0,1.0,0.0,0.0,0.0,0.0
2009,FC,946,Isopropalin,543,0,543,0,0,0,1.0,543,0.0,7.274401473296501,7.274401473296501,0.0,0.6593001841620626,0.0,0.0,0.0,0.0
2009,FC,946,Isopropalin,543,0,543,0,0,0,2.0,543,0.0,7.274401473296501,7.274401473296501,0.0,0.6593001841620626,0.0,0.0,0.0,0.0
2009,FC,946,Isopropalin,543,0,543,0,0,0,5.0,543,0.0,7.274401473296501,7.274401473296501,0.0,0.6593001841620626,0.0,0.0,0.0,0.0
2009,FC,946,Isopropalin,543,0,543,0,0,0,10.0,543,0.0,7.274401473296501,7.274401473296501,0.0,0.6593001841620626,0.0,0.0,0.0,0.0
2009,FC,946,Isopropalin,543,0,543,0,0,0,inf,543,0.0,7.274401473296501,7.274401473296501,0.0,0.6593001841620626,0.0,0.0,0.0,0.0
2009,FC,947,Tetramethrin,543,0,543,0,0,0,1.0,543,0.0,3.0,3.0,0.0,1.0,0.0,0.0,0.0,0.0
2009,FC,947,Tetramethrin,543,0,543,0,0,0,2.0,543,0.0,3.0,3.0,0.0,1.0,0.0,0.0,0.0,0.0
2009,FC,947,Tetramethrin,543,0,543,0,0,0,5.0,543,0.0,3.0,3.0,0.0,1.0,0.0,0.0,0.0,0.0
2009,FC,947,Tetramethrin,543,0,543,0,0,0,10.0,543,0.0,3.0,3.0,0.0,1.0,0.0,0.0,0.0,0.0
2009,FC,947,Tetramethrin,543,0,543,0,0,0,inf,543,0.0,3.0,3.0,0.0,1.0,0.0,0.0,0.0,0.0
2009,FC,960,Butralin,543,0,543,0,0,0,1.0,543,0.0,4.637200736648251,4.637200736648251,0.0,0.6593001841620626,0.0,0.0,0.0,0.0
2009,FC,960,Butralin,543,0,543,0,0,0,2.0,543,0.0,4.637200736648251,4.637200736648251,0.0,0.6593001841620626,0.0,0.0,0.0,0.0
2009,FC,960,Butralin,543,0,543,0,0,0,5.0,543,0.0,4.637200736648251,4.637200736648251,0.0,0.6593001841620626,0.0,0.0,0.0,0.0
2009,FC,960,Butralin,543,0,543,0,0,0,10.0,543,0.0,4.637200736648251,4.637200736648251,0.0,0.6593001841620626,0.0,0.0,0.0,0.0
2009,FC,960,Butralin,543,0,543,0,0,0,inf,543,0.0,4.637200736648251,4.637200736648251,0.0,0.6593001841620626,0.0,0.0,0.0,0.0
2009,FC,967,Imidacloprid,543,0,543,0,0,0,1.0,543,0.0,10.0,10.0,0.0,1.0,0.0,0.0,0.0,0.0
2009,FC,967,Imidacloprid,543,0,543,0,0,0,2.0,543,0.0,10.0,10.0,0.0,1.0,0.0,0.0,0.0,0.0
2009,FC,967,Imidacloprid,543,0,543,0,0,0,5.0,543,0.0,10.0,10.0,0.0,1.0,0.0,0.0,0.0,0.0
2009,FC,967,Imidacloprid,543,0,543,0,0,0,10.0,543,0.0,10.0,10.0,0.0,1.0,0.0,0.0,0.0,0.0
2009,FC,967,Imidacloprid,543,0,543,0,0,0,inf,543,0.0,10.0,10.0,0.0,1.0,0.0,0.0,0.0,0.0
2009,FC,A15,Chlorethoxyfos,543,0,543,0,0,0,1.0,543,0.0,1.0,1.0,0.0,0.0,0.0,0.0,0.0,0.0
2009,FC,A15,Chlorethoxyfos,543,0,543,0,0,0,2.0,543,0.0,1.0,1.0,0.0,0.0,0.0,0.0,0.0,0.0
2009,FC,A15,Chlorethoxyfos,543,0,543,0,0,0,5.0,543,0.0,1.0,1.0,0.0,0.0,0.0,0.0,0.0,0.0
2009,FC,A15,Chlorethoxyfos,543,0,543,0,0,0,10.0,543,0.0,1.0,1.0,0.0,0.0,0.0,0.0,0.0,0.0
2009,FC,A15,Chlorethoxyfos,543,0,543,0,0,0,inf,543,0.0,1.0,1.0,0.0,0.0,0.0,0.0,0.0,0.0
2009,FC,A30,Fenbuconazole,543,0,543,0,0,0,1.0,543,0.0,4.0,4.0,0.0,1.0,0.0,0.0,0.0,0.0
2009,FC,A30,Fenbuconazole,543,0,543,0,0,0,2.0,543,0.0,4.0,4.0,0.0,1.0,0.0,0.0,0.0,0.0
2009,FC,A30,Fenbuconazole,543,0,543,0,0,0,5.0,543,0.0,4.0,4.0,0.0,1.0,0.0,0.0,0.0,0.0
2009,FC,A30,Fenbuconazole,543,0,543,0,0,0,10.0,543,0.0,4.0,4.0,0.0,1.0,0.0,0.0,0.0,0.0
2009,FC,A30,Fenbuconazole,543,0,543,0,0,0,inf,543,0.0,4.0,4.0,0.0,1.0,0.0,0.0,0.0,0.0
2009,FC,A38,Lactofen,543,0,543,0,0,0,1.0,543,0.0,4.9779005524861875,4.9779005524861875,0.0,1.0,0.0,0.0,0.0,0.0
2009,FC,A38,Lactofen,543,0,543,0,0,0,2.0,543,0.0,4.9779005524861875,4.9779005524861875,0.0,1.0,0.0,0.0,0.0,0.0
2009,FC,A38,Lactofen,543,0,543,0,0,0,5.0,543,0.0,4.9779005524861875,4.9779005524861875,0.0,1.0,0.0,0.0,0.0,0.0
2009,FC,A38,Lactofen,543,0,543,0,0,0,10.0,543,0.0,4.9779005524861875,4.9779005524861875,0.0,1.0,0.0,0.0,0.0,0.0
2009,FC,A38,Lactofen,543,0,543,0,0,0,inf,543,0.0,4.9779005524861875,4.9779005524861875,0.0,1.0,0.0,0.0,0.0,0.0
2009,FC,A47,Oxamyl oxime,543,0,543,0,0,0,1.0,543,0.0,16.0,16.0,0.0,1.0,0.0,1.0,0.0,0.0
2009,FC,A47,Oxamyl oxime,543,0,543,0,0,0,2.0,543,0.0,16.0,16.0,0.0,1.0,0.0,1.0,0.0,0.0
2009,FC,A47,Oxamyl oxime,543,0,543,0,0,0,5.0,543,0.0,16.0,16.0,0.0,1.0,0.0,1.0,0.0,0.0
2009,FC,A47,Oxamyl oxime,543,0,543,0,0,0,10.0,543,0.0,16.0,16.0,0.0,1.0,0.0,1.0,0.0,0.0
2009,FC,A47,Oxamyl oxime,543,0,543,0,0,0,inf,543,0.0,16.0,16.0,0.0,1.0,0.0,1.0,0.0,0.0
2009,FC,A59,Tebupirimfos,543,0,543,0,0,0,1.0,543,0.0,2.3186003683241254,2.3186003683241254,0.0,0.6593001841620626,0.0,0.0,0.0,0.0
2009,FC,A59,Tebupirimfos,543,0,543,0,0,0,2.0,543,0.0,2.3186003683241254,2.3186003683241254,0.0,0.6593001841620626,0.0,0.0,0.0,0.0
2009,FC,A59,Tebupirimfos,543,0,543,0,0,0,5.0,543,0.0,2.3186003683241254,2.3186003683241254,0.0,0.6593001841620626,0.0,0.0,0.0,0.0
2009,FC,A59,Tebupirimfos,543,0,543,0,0,0,10.0,543,0.0,2.3186003683241254,2.3186003683241254,0.0,0.6593001841620626,0.0,0.0,0.0,0.0
2009,FC,A59,Tebupirimfos,543,0,543,0,0,0,inf,543,0.0,2.3186003683241254,2.3186003683241254,0.0,0.6593001841620626,0.0,0.0,0.0,0.0
2009,FC,A82,Fipronil,543,0,543,0,0,0,1.0,543,0.0,6.955801104972376,6.955801104972376,0.0,1.0,0.0,0.0,0.0,0.0
2009,FC,A82,Fipronil,543,0,543,0,0,0,2.0,543,0.0,6.955801104972376,6.955801104972376,0.0,1.0,0.0,0.0,0.0,0.0
2009,FC,A82,Fipronil,543,0,543,0,0,0,5.0,543,0.0,6.955801104972376,6.955801104972376,0.0,1.0,0.0,0.0,0.0,0.0
2009,FC,A82,Fipronil,543,0,543,0,0,0,10.0,543,0.0,6.955801104972376,6.955801104972376,0.0,1.0,0.0,0.0,0.0,0.0
2009,FC,A82,Fipronil,543,0,543,0,0,0,inf,543,0.0,6.955801104972376,6.955801104972376,0.0,1.0,0.0,0.0,0.0,0.0
2009,FC,AAV,Flumiclorac pentyl,543,0,543,0,0,0,1.0,543,0.0,4.9779005524861875,4.9779005524861875,0.0,1.0,0.0,0.0,0.0,0.0
2009,FC,AAV,Flumiclorac pentyl,543,0,543,0,0,0,2.0,543,0.0,4.9779005524861875,4.9779005524861875,0.0,1.0,0.0,0.0,0.0,0.0
2009,FC,AAV,Flumiclorac pentyl,543,0,543,0,0,0,5.0,543,0.0,4.9779005524861875,4.9779005524861875,0.0,1.0,0.0,0.0,0.0,0.0
2009,FC,AAV,Flumiclorac pentyl,543,0,543,0,0,0,10.0,543,0.0,4.9779005524861875,4.9779005524861875,0.0,1.0,0.0,0.0,0.0,0.0
2009,FC,AAV,Flumiclorac pentyl,543,0,543,0,0,0,inf,543,0.0,4.9779005524861875,4.9779005524861875,0.0,1.0,0.0,0.0,0.0,0.0
2009,FC,ABG,Tebufenozide,543,0,543,0,0,0,1.0,543,0.0,25.0,25.0,0.0,1.0,0.0,1.0,0.0,1.0
2009,FC,ABG,Tebufenozide,543,0,543,0,0,0,2.0,543,0.0,25.0,25.0,0.0,1.0,0.0,1.0,0.0,1.0
2009,FC,ABG,Tebufenozide,543,0,543,0,0,0,5.0,543,0.0,25.0,25.0,0.0,1.0,0.0,1.0,0.0,1.0
2009,FC,ABG,Tebufenozide,543,0,543,0,0,0,10.0,543,0.0,25.0,25.0,0.0,1.0,0.0,1.0,0.0,1.0
2009,FC,ABG,Tebufenozide,543,0,543,0,0,0,inf,543,0.0,25.0,25.0,0.0,1.0,0.0,1.0,0.0,1.0
2009,FC,ADC,Prallethrin,543,0,542,1,0,0,1.0,543,0.004604051565377533,2.0009208103130756,1.996316758747698,0.001841620626151013,0.001841620626151013,0.0,0.0,0.0,0.0
2009,FC,ADC,Prallethrin,543,0,542,1,0,0,2.0,543,0.004604051565377533,2.0009208103130756,1.996316758747698,0.001841620626151013,0.001841620626151013,0.0,0.0,0.0,0.0
2009,FC,ADC,Prallethrin,543,0,542,1,0,0,5.0,543,0.004604051565377533,2.0009208103130756,1.996316758747698,0.001841620626151013,0.001841620626151013,0.0,0.0,0.0,0.0
2009,FC,ADC,Prallethrin,543,0,542,1,0,0,10.0,543,0.004604051565377533,2.0009208103130756,1.996316758747698,0.001841620626151013,0.001841620626151013,0.0,0.0,0.0,0.0
2009,FC,ADC,Prallethrin,543,0,542,1,0,0,inf,543,0.004604051565377533,2.0009208103130756,1.996316758747698,0.001841620626151013,0.001841620626151013,0.0,0.0,0.0,0.0
2009,FC,ADD,Dimethenamid,543,0,543,0,0,0,1.0,543,0.0,4.9779005524861875,4.9779005524861875,0.0,1.0,0.0,0.0,0.0,0.0
2009,FC,ADD,Dimethenamid,543,0,543,0,0,0,2.0,543,0.0,4.9779005524861875,4.9779005524861875,0.0,1.0,0.0,0.0,0.0,0.0
2009,FC,ADD,Dimethenamid,543,0,543,0,0,0,5.0,543,0.0,4.9779005524861875,4.9779005524861875,0.0,1.0,0.0,0.0,0.0,0.0
2009,FC,ADD,Dimethenamid,543,0,543,0,0,0,10.0,543,0.0,4.9779005524861875,4.9779005524861875,0.0,1.0,0.0,0.0,0.0,0.0
2009,FC,ADD,Dimethenamid,543,0,543,0,0,0,inf,543,0.0,4.9779005524861875,4.9779005524861875,0.0,1.0,0.0,0.0,0.0,0.0
2009,FC,ADE,Esfenvalerate+Fenvalerate Total,543,0,534,9,0,0,1.0,543,0.05303867403314917,1.03646408839779,0.9834254143646408,0.007366482504604052,0.007366482504604052,0.0,0.0,0.0,0.0
2009,FC,ADE,Esfenvalerate+Fenvalerate Total,543,0,534,9,0,0,2.0,543,0.05303867403314917,1.03646408839779,0.9834254143646408,0.007366482504604052,0.007366482504604052,0.0,0.0,0.0,0.0
2009,FC,ADE,Esfenvalerate+Fenvalerate Total,543,0,534,9,0,0,5.0,543,0.05303867403314917,1.03646408839779,0.9834254143646408,0.007366482504604052,0.007366482504604052,0.0,0.0,0.0,0.0
2009,FC,ADE,Esfenvalerate+Fenvalerate Total,543,0,534,9,0,0,10.0,543,0.05303867403314917,1.03646408839779,0.9834254143646408,0.007366482504604052,0.007366482504604052,0.0,0.0,0.0,0.0
2009,FC,ADE,Esfenvalerate+Fenvalerate Total,543,0,534,9,0,0,inf,543,0.05303867403314917,1.03646408839779,0.9834254143646408,0.007366482504604052,0.007366482504604052,0.0,0.0,0.0,0.0
2009,FC,ADG,Indoxacarb,543,0,543,0,0,0,1.0,543,0.0,13.0,13.0,0.0,1.0,0.0,1.0,0.0,0.0
2009,FC,ADG,Indoxacarb,543,0,543,0,0,0,2.0,543,0.0,13.0,13.0,0.0,1.0,0.0,1.0,0.0,0.0
2009,FC,ADG,Indoxacarb,543,0,543,0,0,0,5.0,543,0.0,13.0,13.0,0.0,1.0,0.0,1.0,0.0,0.0
2009,FC,ADG,Indoxacarb,543,0,543,0,0,0,10.0,543,0.0,13.0,13.0,0.0,1.0,0.0,1.0,0.0,0.0
2009,FC,ADG,Indoxacarb,543,0,543,0,0,0,inf,543,0.0,13.0,13.0,0.0,1.0,0.0,1.0,0.0,0.0
2009,FC,ADH,Cyphenothrin,543,0,542,1,0,0,1.0,543,0.0712707182320442,14.923941068139962,14.852670349907918,0.001841620626151013,1.0,0.001841620626151013,0.6593001841620626,0.001841620626151013,0.001841620626151013
2009,FC,ADH,Cyphenothrin,543,0,542,1,0,0,2.0,543,0.0712707182320442,14.923941068139962,14.852670349907918,0.001841620626151013,1.0,0.001841620626151013,0.6593001841620626,0.001841620626151013,0.001841620626151013
2009,FC,ADH,Cyphenothrin,543,0,542,1,0,0,5.0,543,0.0712707182320442,14.923941068139962,14.852670349907918,0.001841620626151013,1.0,0.001841620626151013,0.6593001841620626,0.001841620626151013,0.001841620626151013
2009,FC,ADH,Cyphenothrin,543,0,542,1,0,0,10.0,543,0.0712707182320442,14.923941068139962,14.852670349907918,0.001841620626151013,1.0,0.001841620626151013,0.6593001841620626,0.001841620626151013,0.001841620626151013
2009,FC,ADH,Cyphenothrin,543,0,542,1,0,0,inf,543,0.0712707182320442,14.923941068139962,14.852670349907918,0.001841620626151013,1.0,0.001841620626151013,0.6593001841620626,0.001841620626151013,0.001841620626151013
2009,FC,ADJ,Fluroxypyr 1-methylheptyl ester,521,0,521,0,0,0,1.0,521,0.0,1.0,1.0,0.0,0.0,0.0,0.0,0.0,0.0
2009,FC,ADJ,Fluroxypyr 1-methylheptyl ester,521,0,521,0,0,0,2.0,521,0.0,1.0,1.0,0.0,0.0,0.0,0.0,0.0,0.0
2009,FC,ADJ,Fluroxypyr 1-methylheptyl ester,521,0,521,0,0,0,5.0,521,0.0,1.0,1.0,0.0,0.0,0.0,0.0,0.0,0.0
2009,FC,ADJ,Fluroxypyr 1-methylheptyl ester,521,0,521,0,0,0,10.0,521,0.0,1.0,1.0,0.0,0.0,0.0,0.0,0.0,0.0
2009,FC,ADJ,Fluroxypyr 1-methylheptyl ester,521,0,521,0,0,0,inf,521,0.0,1.0,1.0,0.0,0.0,0.0,0.0,0.0,0.0
2009,FC,ADK,Imiprothrin,543,0,543,0,0,0,1.0,543,0.0,23.186003683241253,23.186003683241253,0.0,1.0,0.0,0.6593001841620626,0.0,0.6593001841620626
2009,FC,ADK,Imiprothrin,543,0,543,0,0,0,2.0,543,0.0,23.186003683241253,23.186003683241253,0.0,1.0,0.0,0.6593001841620626,0.0,0.6593001841620626
2009,FC,ADK,Imiprothrin,543,0,543,0,0,0,5.0,543,0.0,23.186003683241253,23.186003683241253,0.0,1.0,0.0,0.6593001841620626,0.0,0.6593001841620626
2009,FC,ADK,Imiprothrin,543,0,543,0,0,0,10.0,543,0.0,23.186003683241253,23.186003683241253,0.0,1.0,0.0,0.6593001841620626,0.0,0.6593001841620626
2009,FC,ADK,Imiprothrin,543,0,543,0,0,0,inf,543,0.0,23.186003683241253,23.186003683241253,0.0,1.0,0.0,0.6593001841620626,0.0,0.6593001841620626
2009,FC,ADL,MGK-326 (dipropyl isocinchomeronate),543,0,543,0,0,0,1.0,543,0.0,4.9779005524861875,4.9779005524861875,0.0,1.0,0.0,0.0,0.0,0.0
2009,FC,ADL,MGK-326 (dipropyl isocinchomeronate),543,0,543,0,0,0,2.0,543,0.0,4.9779005524861875,4.9779005524861875,0.0,1.0,0.0,0.0,0.0,0.0
2009,FC,ADL,MGK-326 (dipropyl isocinchomeronate),543,0,543,0,0,0,5.0,543,0.0,4.9779005524861875,4.9779005524861875,0.0,1.0,0.0,0.0,0.0,0.0
2009,FC,ADL,MGK-326 (dipropyl isocinchomeronate),543,0,543,0,0,0,10.0,543,0.0,4.9779005524861875,4.9779005524861875,0.0,1.0,0.0,0.0,0.0,0.0
2009,FC,ADL,MGK-326 (dipropyl isocinchomeronate),543,0,543,0,0,0,inf,543,0.0,4.9779005524861875,4.9779005524861875,0.0,1.0,0.0,0.0,0.0,0.0
2009,FC,ADR,Triticonazole,543,543,0,0,0,0,1.0,543,0.0,6.955801104972376,6.955801104972376,0.0,1.0,0.0,0.0,0.0,0.0
2009,FC,ADR,Triticonazole,543,543,0,0,0,0,2.0,543,0.0,13.911602209944752,13.911602209944752,0.0,1.0,0.0,0.6593001841620626,0.0,0.0
2009,FC,ADR,Triticonazole,543,543,0,0,0,0,5.0,543,0.0,34.77900552486188,34.77900552486188,0.0,1.0,0.0,1.0,0.0,0.6593001841620626
2009,FC,ADR,Triticonazole,543,543,0,0,0,0,10.0,543,0.0,69.55801104972376,69.55801104972376,0.0,1.0,0.0,1.0,0.0,1.0
2009,FC,ADR,Triticonazole,543,543,0,0,0,0,inf,543,0.0,inf,inf,0.0,1.0,0.0,1.0,0.0,1.0
2009,FC,AEC,Hydroprene,543,0,543,0,0,0,1.0,543,0.0,8.933701657458563,8.933701657458563,0.0,1.0,0.0,0.6593001841620626,0.0,0.0
2009,FC,AEC,Hydroprene,543,0,543,0,0,0,2.0,543,0.0,8.933701657458563,8.933701657458563,0.0,1.0,0.0,0.6593001841620626,0.0,0.0
2009,FC,AEC,Hydroprene,543,0,543,0,0,0,5.0,543,0.0,8.933701657458563,8.933701657458563,0.0,1.0,0.0,0.6593001841620626,0.0,0.0
2009,FC,AEC,Hydroprene,543,0,543,0,0,0,10.0,543,0.0,8.933701657458563,8.933701657458563,0.0,1.0,0.0,0.6593001841620626,0.0,0.0
2009,FC,AEC,Hydroprene,543,0,543,0,0,0,inf,543,0.0,8.933701657458563,8.933701657458563,0.0,1.0,0.0,0.6593001841620626,0.0,0.0
2009,FC,AEL,"Cyhalothrin, Total (Cyhalothrin-L + R157836 epimer)",543,0,538,5,0,0,1.0,543,0.033517495395948435,1.0243093922651934,0.990791896869245,0.007366482504604052,0.007366482504604052,0.0,0.0,0.0,0.0
2009,FC,AEL,"Cyhalothrin, Total (Cyhalothrin-L + R157836 epimer)",543,0,538,5,0,0,2.0,543,0.033517495395948435,1.0243093922651934,0.990791896869245,0.007366482504604052,0.007366482504604052,0.0,0.0,0.0,0.0
2009,FC,AEL,"Cyhalothrin, Total (Cyhalothrin-L + R157836 epimer)",543,0,538,5,0,0,5.0,543,0.033517495395948435,1.0243093922651934,0.990791896869245,0.007366482504604052,0.007366482504604052,0.0,0.0,0.0,0.0
2009,FC,AEL,"Cyhalothrin, Total (Cyhalothrin-L + R157836 epimer)",543,0,538,5,0,0,10.0,543,0.033517495395948435,1.0243093922651934,0.990791896869245,0.007366482504604052,0.007366482504604052,0.0,0.0,0.0,0.0
2009,FC,AEL,"Cyhalothrin, Total (Cyhalothrin-L + R157836 epimer)",543,0,538,5,0,0,inf,543,0.033517495395948435,1.0243093922651934,0.990791896869245,0.007366482504604052,0.007366482504604052,0.0,0.0,0.0,0.0
2009,FC,AEP,Clothianidin,543,0,543,0,0,0,1.0,543,0.0,10.0,10.0,0.0,1.0,0.0,0.0,0.0,0.0
2009,FC,AEP,Clothianidin,543,0,543,0,0,0,2.0,543,0.0,10.0,10.0,0.0,1.0,0.0,0.0,0.0,0.0
2009,FC,AEP,Clothianidin,543,0,543,0,0,0,5.0,543,0.0,10.0,10.0,0.0,1.0,0.0,0.0,0.0,0.0
2009,FC,AEP,Clothianidin,543,0,543,0,0,0,10.0,543,0.0,10.0,10.0,0.0,1.0,0.0,0.0,0.0,0.0
2009,FC,AEP,Clothianidin,543,0,543,0,0,0,inf,543,0.0,10.0,10.0,0.0,1.0,0.0,0.0,0.0,0.0
2009,FC,AES,Methoxyfenozide,543,0,543,0,0,0,1.0,543,0.0,2.0,2.0,0.0,0.0,0.0,0.0,0.0,0.0
2009,FC,AES,Methoxyfenozide,543,0,543,0,0,0,2.0,543,0.0,2.0,2.0,0.0,0.0,0.0,0.0,0.0,0.0
2009,FC,AES,Methoxyfenozide,543,0,543,0,0,0,5.0,543,0.0,2.0,2.0,0.0,0.0,0.0,0.0,0.0,0.0
2009,FC,AES,Methoxyfenozide,543,0,543,0,0,0,10.0,543,0.0,2.0,2.0,0.0,0.0,0.0,0.0,0.0,0.0
2009,FC,AES,Methoxyfenozide,543,0,543,0,0,0,inf,543,0.0,2.0,2.0,0.0,0.0,0.0,0.0,0.0,0.0
2009,FC,AEV,Sethoxydim,543,0,543,0,0,0,1.0,543,0.0,2.0,2.0,0.0,0.0,0.0,0.0,0.0,0.0
2009,FC,AEV,Sethoxydim,543,0,543,0,0,0,2.0,543,0.0,2.0,2.0,0.0,0.0,0.0,0.0,0.0,0.0
2009,FC,AEV,Sethoxydim,543,0,543,0,0,0,5.0,543,0.0,2.0,2.0,0.0,0.0,0.0,0.0,0.0,0.0
2009,FC,AEV,Sethoxydim,543,0,543,0,0,0,10.0,543,0.0,2.0,2.0,0.0,0.0,0.0,0.0,0.0,0.0
2009,FC,AEV,Sethoxydim,543,0,543,0,0,0,inf,543,0.0,2.0,2.0,0.0,0.0,0.0,0.0,0.0,0.0
2009,FC,AEW,Famoxadone,543,0,543,0,0,0,1.0,543,0.0,16.593001841620627,16.593001841620627,0.0,1.0,0.0,0.6593001841620626,0.0,0.0
2009,FC,AEW,Famoxadone,543,0,543,0,0,0,2.0,543,0.0,16.593001841620627,16.593001841620627,0.0,1.0,0.0,0.6593001841620626,0.0,0.0
2009,FC,AEW,Famoxadone,543,0,543,0,0,0,5.0,543,0.0,16.593001841620627,16.593001841620627,0.0,1.0,0.0,0.6593001841620626,0.0,0.0
2009,FC,AEW,Famoxadone,543,0,543,0,0,0,10.0,543,0.0,16.593001841620627,16.593001841620627,0.0,1.0,0.0,0.6593001841620626,0.0,0.0
2009,FC,AEW,Famoxadone,543,0,543,0,0,0,inf,543,0.0,16.593001841620627,16.593001841620627,0.0,1.0,0.0,0.6593001841620626,0.0,0.0
2009,FC,AFO,Dinotefuran,543,543,0,0,0,0,1.0,543,0.0,13.0,13.0,0.0,1.0,0.0,1.0,0.0,0.0
2009,FC,AFO,Dinotefuran,543,543,0,0,0,0,2.0,543,0.0,26.0,26.0,0.0,1.0,0.0,1.0,0.0,1.0
2009,FC,AFO,Dinotefuran,543,543,0,0,0,0,5.0,543,0.0,65.0,65.0,0.0,1.0,0.0,1.0,0.0,1.0
2009,FC,AFO,Dinotefuran,543,543,0,0,0,0,10.0,543,0.0,130.0,130.0,0.0,1.0,0.0,1.0,0.0,1.0
2009,FC,AFO,Dinotefuran,543,543,0,0,0,0,inf,543,0.0,inf,inf,0.0,1.0,0.0,1.0,0.0,1.0
2009,FC,AFS,Fenpyroximate,543,0,543,0,0,0,1.0,543,0.0,2.0,2.0,0.0,0.0,0.0,0.0,0.0,0.0
2009,FC,AFS,Fenpyroximate,543,0,543,0,0,0,2.0,543,0.0,2.0,2.0,0.0,0.0,0.0,0.0,0.0,0.0
2009,FC,AFS,Fenpyroximate,543,0,543,0,0,0,5.0,543,0.0,2.0,2.0,0.0,0.0,0.0,0.0,0.0,0.0
2009,FC,AFS,Fenpyroximate,543,0,543,0,0,0,10.0,543,0.0,2.0,2.0,0.0,0.0,0.0,0.0,0.0,0.0
2009,FC,AFS,Fenpyroximate,543,0,543,0,0,0,inf,543,0.0,2.0,2.0,0.0,0.0,0.0,0.0,0.0,0.0
2009,FC,AFW,Spiromesifen Total (parent + enol metabolite),543,0,543,0,0,0,1.0,543,0.0,5.0,5.0,0.0,1.0,0.0,0.0,0.0,0.0
2009,FC,AFW,Spiromesifen Total (parent + enol metabolite),543,0,543,0,0,0,2.0,543,0.0,5.0,5.0,0.0,1.0,0.0,0.0,0.0,0.0
2009,FC,AFW,Spiromesifen Total (parent + enol metabolite),543,0,543,0,0,0,5.0,543,0.0,5.0,5.0,0.0,1.0,0.0,0.0,0.0,0.0
2009,FC,AFW,Spiromesifen Total (parent + enol metabolite),543,0,543,0,0,0,10.0,543,0.0,5.0,5.0,0.0,1.0,0.0,0.0,0.0,0.0
2009,FC,AFW,Spiromesifen Total (parent + enol metabolite),543,0,543,0,0,0,inf,543,0.0,5.0,5.0,0.0,1.0,0.0,0.0,0.0,0.0
2009,FC,AGJ,Fluoxastrobin,543,0,543,0,0,0,1.0,543,0.0,2.0,2.0,0.0,0.0,0.0,0.0,0.0,0.0
2009,FC,AGJ,Fluoxastrobin,543,0,543,0,0,0,2.0,543,0.0,2.0,2.0,0.0,0.0,0.0,0.0,0.0,0.0
2009,FC,AGJ,Fluoxastrobin,543,0,543,0,0,0,5.0,543,0.0,2.0,2.0,0.0,0.0,0.0,0.0,0.0,0.0
2009,FC,AGJ,Fluoxastrobin,543,0,543,0,0,0,10.0,543,0.0,2.0,2.0,0.0,0.0,0.0,0.0,0.0,0.0
2009,FC,AGJ,Fluoxastrobin,543,0,543,0,0,0,inf,543,0.0,2.0,2.0,0.0,0.0,0.0,0.0,0.0,0.0
2009,FC,AGR,"2,4-dimethylphenyl formamide (2,4-DMPF)",543,0,543,0,0,0,1.0,543,0.0,5.955801104972376,5.955801104972376,0.0,0.6593001841620626,0.0,0.0,0.0,0.0
2009,FC,AGR,"2,4-dimethylphenyl formamide (2,4-DMPF)",543,0,543,0,0,0,2.0,543,0.0,5.955801104972376,5.955801104972376,0.0,0.6593001841620626,0.0,0.0,0.0,0.0
2009,FC,AGR,"2,4-dimethylphenyl formamide (2,4-DMPF)",543,0,543,0,0,0,5.0,543,0.0,5.955801104972376,5.955801104972376,0.0,0.6593001841620626,0.0,0.0,0.0,0.0
2009,FC,AGR,"2,4-dimethylphenyl formamide (2,4-DMPF)",543,0,543,0,0,0,10.0,543,0.0,5.955801104972376,5.955801104972376,0.0,0.6593001841620626,0.0,0.0,0.0,0.0
2009,FC,AGR,"2,4-dimethylphenyl formamide (2,4-DMPF)",543,0,543,0,0,0,inf,543,0.0,5.955801104972376,5.955801104972376,0.0,0.6593001841620626,0.0,0.0,0.0,0.0
2009,FC,B13,Chlorfenapyr,543,0,543,0,0,0,1.0,543,0.0,1.0,1.0,0.0,0.0,0.0,0.0,0.0,0.0
2009,FC,B13,Chlorfenapyr,543,0,543,0,0,0,2.0,543,0.0,1.0,1.0,0.0,0.0,0.0,0.0,0.0,0.0
2009,FC,B13,Chlorfenapyr,543,0,543,0,0,0,5.0,543,0.0,1.0,1.0,0.0,0.0,0.0,0.0,0.0,0.0
2009,FC,B13,Chlorfenapyr,543,0,543,0,0,0,10.0,543,0.0,1.0,1.0,0.0,0.0,0.0,0.0,0.0,0.0
2009,FC,B13,Chlorfenapyr,543,0,543,0,0,0,inf,543,0.0,1.0,1.0,0.0,0.0,0.0,0.0,0.0,0.0
2009,FC,B15,Isoxaflutole,543,0,543,0,0,0,1.0,543,0.0,20.80110497237569,20.80110497237569,0.0,1.0,0.0,0.6593001841620626,0.0,0.6593001841620626
2009,FC,B15,Isoxaflutole,543,0,543,0,0,0,2.0,543,0.0,20.80110497237569,20.80110497237569,0.0,1.0,0.0,0.6593001841620626,0.0,0.6593001841620626
2009,FC,B15,Isoxaflutole,543,0,543,0,0,0,5.0,543,0.0,20.80110497237569,20.80110497237569,0.0,1.0,0.0,0.6593001841620626,0.0,0.6593001841620626
2009,FC,B15,Isoxaflutole,543,0,543,0,0,0,10.0,543,0.0,20.80110497237569,20.80110497237569,0.0,1.0,0.0,0.6593001841620626,0.0,0.6593001841620626
2009,FC,B15,Isoxaflutole,543,0,543,0,0,0,inf,543,0.0,20.80110497237569,20.80110497237569,0.0,1.0,0.0,0.6593001841620626,0.0,0.6593001841620626
2009,FC,B16,Pyrimethanil,543,543,0,0,0,0,1.0,543,0.0,4.0,4.0,0.0,1.0,0.0,0.0,0.0,0.0
2009,FC,B16,Pyrimethanil,543,543,0,0,0,0,2.0,543,0.0,8.0,8.0,0.0,1.0,0.0,0.0,0.0,0.0
2009,FC,B16,Pyrimethanil,543,543,0,0,0,0,5.0,543,0.0,20.0,20.0,0.0,1.0,0.0,1.0,0.0,0.0
2009,FC,B16,Pyrimethanil,543,543,0,0,0,0,10.0,543,0.0,40.0,40.0,0.0,1.0,0.0,1.0,0.0,1.0
2009,FC,B16,Pyrimethanil,543,543,0,0,0,0,inf,543,0.0,inf,inf,0.0,1.0,0.0,1.0,0.0,1.0
2009,FC,B20,Bromuconazole,543,543,0,0,0,0,1.0,543,0.0,14.88950276243094,14.88950276243094,0.0,1.0,0.0,0.6593001841620626,0.0,0.0
2009,FC,B20,Bromuconazole,543,543,0,0,0,0,2.0,543,0.0,29.77900552486188,29.77900552486188,0.0,1.0,0.0,0.6593001841620626,0.0,0.6593001841620626
2009,FC,B20,Bromuconazole,543,543,0,0,0,0,5.0,543,0.0,74.4475138121547,74.4475138121547,0.0,1.0,0.0,1.0,0.0,1.0
2009,FC,B20,Bromuconazole,543,543,0,0,0,0,10.0,543,0.0,148.8950276243094,148.8950276243094,0.0,1.0,0.0,1.0,0.0,1.0
2009,FC,B20,Bromuconazole,543,543,0,0,0,0,inf,543,0.0,inf,inf,0.0,1.0,0.0,1.0,0.0,1.0
2009,FC,B21,Carfentrazone ethyl,521,0,521,0,0,0,1.0,521,0.0,1.0,1.0,0.0,0.0,0.0,0.0,0.0,0.0
2009,FC,B21,Carfentrazone ethyl,521,0,521,0,0,0,2.0,521,0.0,1.0,1.0,0.0,0.0,0.0,0.0,0.0,0.0
2009,FC,B21,Carfentrazone ethyl,521,0,521,0,0,0,5.0,521,0.0,1.0,1.0,0.0,0.0,0.0,0.0,0.0,0.0
2009,FC,B21,Carfentrazone ethyl,521,0,521,0,0,0,10.0,521,0.0,1.0,1.0,0.0,0.0,0.0,0.0,0.0,0.0
2009,FC,B21,Carfentrazone ethyl,521,0,521,0,0,0,inf,521,0.0,1.0,1.0,0.0,0.0,0.0,0.0,0.0,0.0
2009,FC,B22,Cyprodinil,543,543,0,0,0,0,1.0,543,0.0,3.0,3.0,0.0,1.0,0.0,0.0,0.0,0.0
2009,FC,B22,Cyprodinil,543,543,0,0,0,0,2.0,543,0.0,6.0,6.0,0.0,1.0,0.0,0.0,0.0,0.0
2009,FC,B22,Cyprodinil,543,543,0,0,0,0,5.0,543,0.0,15.0,15.0,0.0,1.0,0.0,1.0,0.0,0.0
2009,FC,B22,Cyprodinil,543,543,0,0,0,0,10.0,543,0.0,30.0,30.0,0.0,1.0,0.0,1.0,0.0,1.0
2009,FC,B22,Cyprodinil,543,543,0,0,0,0,inf,543,0.0,inf,inf,0.0,1.0,0.0,1.0,0.0,1.0
2009,FC,B26,Tefluthrin,543,0,543,0,0,0,1.0,543,0.0,1.0,1.0,0.0,0.0,0.0,0.0,0.0,0.0
2009,FC,B26,Tefluthrin,543,0,543,0,0,0,2.0,543,0.0,1.0,1.0,0.0,0.0,0.0,0.0,0.0,0.0
2009,FC,B26,Tefluthrin,543,0,543,0,0,0,5.0,543,0.0,1.0,1.0,0.0,0.0,0.0,0.0,0.0,0.0
2009,FC,B26,Tefluthrin,543,0,543,0,0,0,10.0,543,0.0,1.0,1.0,0.0,0.0,0.0,0.0,0.0,0.0
2009,FC,B26,Tefluthrin,543,0,543,0,0,0,inf,543,0.0,1.0,1.0,0.0,0.0,0.0,0.0,0.0,0.0
2009,FC,B41,Fenhexamid,543,0,543,0,0,0,1.0,543,0.0,2.0,2.0,0.0,0.0,0.0,0.0,0.0,0.0
2009,FC,B41,Fenhexamid,543,0,543,0,0,0,2.0,543,0.0,2.0,2.0,0.0,0.0,0.0,0.0,0.0,0.0
2009,FC,B41,Fenhexamid,543,0,543,0,0,0,5.0,543,0.0,2.0,2.0,0.0,0.0,0.0,0.0,0.0,0.0
2009,FC,B41,Fenhexamid,543,0,543,0,0,0,10.0,543,0.0,2.0,2.0,0.0,0.0,0.0,0.0,0.0,0.0
2009,FC,B41,Fenhexamid,543,0,543,0,0,0,inf,543,0.0,2.0,2.0,0.0,0.0,0.0,0.0,0.0,0.0
2009,FC,B43,Thiamethoxam,543,0,543,0,0,0,1.0,543,0.0,20.0,20.0,0.0,1.0,0.0,1.0,0.0,0.0
2009,FC,B43,Thiamethoxam,543,0,543,0,0,0,2.0,543,0.0,20.0,20.0,0.0,1.0,0.0,1.0,0.0,0.0
2009,FC,B43,Thiamethoxam,543,0,543,0,0,0,5.0,543,0.0,20.0,20.0,0.0,1.0,0.0,1.0,0.0,0.0
2009,FC,B43,Thiamethoxam,543,0,543,0,0,0,10.0,543,0.0,20.0,20.0,0.0,1.0,0.0,1.0,0.0,0.0
2009,FC,B43,Thiamethoxam,543,0,543,0,0,0,inf,543,0.0,20.0,20.0,0.0,1.0,0.0,1.0,0.0,0.0
2009,FC,B48,Azoxystrobin,543,0,543,0,0,0,1.0,543,0.0,1.0,1.0,0.0,0.0,0.0,0.0,0.0,0.0
2009,FC,B48,Azoxystrobin,543,0,543,0,0,0,2.0,543,0.0,1.0,1.0,0.0,0.0,0.0,0.0,0.0,0.0
2009,FC,B48,Azoxystrobin,543,0,543,0,0,0,5.0,543,0.0,1.0,1.0,0.0,0.0,0.0,0.0,0.0,0.0
2009,FC,B48,Azoxystrobin,543,0,543,0,0,0,10.0,543,0.0,1.0,1.0,0.0,0.0,0.0,0.0,0.0,0.0
2009,FC,B48,Azoxystrobin,543,0,543,0,0,0,inf,543,0.0,1.0,1.0,0.0,0.0,0.0,0.0,0.0,0.0
2009,FC,B52,Buprofezin,543,543,0,0,0,0,1.0,543,0.0,14.88950276243094,14.88950276243094,0.0,1.0,0.0,0.6593001841620626,0.0,0.0
2009,FC,B52,Buprofezin,543,543,0,0,0,0,2.0,543,0.0,29.77900552486188,29.77900552486188,0.0,1.0,0.0,0.6593001841620626,0.0,0.6593001841620626
2009,FC,B52,Buprofezin,543,543,0,0,0,0,5.0,543,0.0,74.4475138121547,74.4475138121547,0.0,1.0,0.0,1.0,0.0,1.0
2009,FC,B52,Buprofezin,543,543,0,0,0,0,10.0,543,0.0,148.8950276243094,148.8950276243094,0.0,1.0,0.0,1.0,0.0,1.0
2009,FC,B52,Buprofezin,543,543,0,0,0,0,inf,543,0.0,inf,inf,0.0,1.0,0.0,1.0,0.0,1.0
2009,FC,B53,Epoxiconazole,543,0,543,0,0,0,1.0,543,0.0,1.0,1.0,0.0,0.0,0.0,0.0,0.0,0.0
2009,FC,B53,Epoxiconazole,543,0,543,0,0,0,2.0,543,0.0,1.0,1.0,0.0,0.0,0.0,0.0,0.0,0.0
2009,FC,B53,Epoxiconazole,543,0,543,0,0,0,5.0,543,0.0,1.0,1.0,0.0,0.0,0.0,0.0,0.0,0.0
2009,FC,B53,Epoxiconazole,543,0,543,0,0,0,10.0,543,0.0,1.0,1.0,0.0,0.0,0.0,0.0,0.0,0.0
2009,FC,B53,Epoxiconazole,543,0,543,0,0,0,inf,543,0.0,1.0,1.0,0.0,0.0,0.0,0.0,0.0,0.0
2009,FC,B56,Pyridaben,543,0,543,0,0,0,1.0,543,0.0,1.0,1.0,0.0,0.0,0.0,0.0,0.0,0.0
2009,FC,B56,Pyridaben,543,0,543,0,0,0,2.0,543,0.0,1.0,1.0,0.0,0.0,0.0,0.0,0.0,0.0
2009,FC,B56,Pyridaben,543,0,543,0,0,0,5.0,543,0.0,1.0,1.0,0.0,0.0,0.0,0.0,0.0,0.0
2009,FC,B56,Pyridaben,543,0,543,0,0,0,10.0,543,0.0,1.0,1.0,0.0,0.0,0.0,0.0,0.0,0.0
2009,FC,B56,Pyridaben,543,0,543,0,0,0,inf,543,0.0,1.0,1.0,0.0,0.0,0.0,0.0,0.0,0.0
2009,FC,B58,Difenoconazole,543,543,0,0,0,0,1.0,543,0.0,8.933701657458563,8.933701657458563,0.0,1.0,0.0,0.6593001841620626,0.0,0.0
2009,FC,B58,Difenoconazole,543,543,0,0,0,0,2.0,543,0.0,17.867403314917127,17.867403314917127,0.0,1.0,0.0,0.6593001841620626,0.0,0.6593001841620626
2009,FC,B58,Difenoconazole,543,543,0,0,0,0,5.0,543,0.0,44.668508287292816,44.668508287292816,0.0,1.0,0.0,1.0,0.0,0.6593001841620626
2009,FC,B58,Difenoconazole,543,543,0,0,0,0,10.0,543,0.0,89.33701657458563,89.33701657458563,0.0,1.0,0.0,1.0,0.0,1.0
2009,FC,B58,Difenoconazole,543,543,0,0,0,0,inf,543,0.0,inf,inf,0.0,1.0,0.0,1.0,0.0,1.0
2009,FC,B61,Pyraclostrobin,543,0,543,0,0,0,1.0,543,0.0,15.0,15.0,0.0,1.0,0.0,1.0,0.0,0.0
2009,FC,B61,Pyraclostrobin,543,0,543,0,0,0,2.0,543,0.0,15.0,15.0,0.0,1.0,0.0,1.0,0.0,0.0
2009,FC,B61,Pyraclostrobin,543,0,543,0,0,0,5.0,543,0.0,15.0,15.0,0.0,1.0,0.0,1.0,0.0,0.0
2009,FC,B61,Pyraclostrobin,543,0,543,0,0,0,10.0,543,0.0,15.0,15.0,0.0,1.0,0.0,1.0,0.0,0.0
2009,FC,B61,Pyraclostrobin,543,0,543,0,0,0,inf,543,0.0,15.0,15.0,0.0,1.0,0.0,1.0,0.0,0.0
2009,FC,B64,Fenamidone,543,0,543,0,0,0,1.0,543,0.0,3.0,3.0,0.0,1.0,0.0,0.0,0.0,0.0
2009,FC,B64,Fenamidone,543,0,543,0,0,0,2.0,543,0.0,3.0,3.0,0.0,1.0,0.0,0.0,0.0,0.0
2009,FC,B64,Fenamidone,543,0,543,0,0,0,5.0,543,0.0,3.0,3.0,0.0,1.0,0.0,0.0,0.0,0.0
2009,FC,B64,Fenamidone,543,0,543,0,0,0,10.0,543,0.0,3.0,3.0,0.0,1.0,0.0,0.0,0.0,0.0
2009,FC,B64,Fenamidone,543,0,543,0,0,0,inf,543,0.0,3.0,3.0,0.0,1.0,0.0,0.0,0.0,0.0
2009,FC,B68,Thiacloprid,543,0,543,0,0,0,1.0,543,0.0,2.0,2.0,0.0,0.0,0.0,0.0,0.0,0.0
2009,FC,B68,Thiacloprid,543,0,543,0,0,0,2.0,543,0.0,2.0,2.0,0.0,0.0,0.0,0.0,0.0,0.0
2009,FC,B68,Thiacloprid,543,0,543,0,0,0,5.0,543,0.0,2.0,2.0,0.0,0.0,0.0,0.0,0.0,0.0
2009,FC,B68,Thiacloprid,543,0,543,0,0,0,10.0,543,0.0,2.0,2.0,0.0,0.0,0.0,0.0,0.0,0.0
2009,FC,B68,Thiacloprid,543,0,543,0,0,0,inf,543,0.0,2.0,2.0,0.0,0.0,0.0,0.0,0.0,0.0
2009,FC,B70,Tolclofos methyl,543,0,543,0,0,0,1.0,543,0.0,3.0,3.0,0.0,1.0,0.0,0.0,0.0,0.0
2009,FC,B70,Tolclofos methyl,543,0,543,0,0,0,2.0,543,0.0,3.0,3.0,0.0,1.0,0.0,0.0,0.0,0.0
2009,FC,B70,Tolclofos methyl,543,0,543,0,0,0,5.0,543,0.0,3.0,3.0,0.0,1.0,0.0,0.0,0.0,0.0
2009,FC,B70,Tolclofos methyl,543,0,543,0,0,0,10.0,543,0.0,3.0,3.0,0.0,1.0,0.0,0.0,0.0,0.0
2009,FC,B70,Tolclofos methyl,543,0,543,0,0,0,inf,543,0.0,3.0,3.0,0.0,1.0,0.0,0.0,0.0,0.0
2009,FC,B72,Tetraconazole,543,0,542,1,0,0,1.0,543,0.003683241252302026,2.0,1.996316758747698,0.0,0.0,0.0,0.0,0.0,0.0
2009,FC,B72,Tetraconazole,543,0,542,1,0,0,2.0,543,0.003683241252302026,2.0,1.996316758747698,0.0,0.0,0.0,0.0,0.0,0.0
2009,FC,B72,Tetraconazole,543,0,542,1,0,0,5.0,543,0.003683241252302026,2.0,1.996316758747698,0.0,0.0,0.0,0.0,0.0,0.0
2009,FC,B72,Tetraconazole,543,0,542,1,0,0,10.0,543,0.003683241252302026,2.0,1.996316758747698,0.0,0.0,0.0,0.0,0.0,0.0
2009,FC,B72,Tetraconazole,543,0,542,1,0,0,inf,543,0.003683241252302026,2.0,1.996316758747698,0.0,0.0,0.0,0.0,0.0,0.0
2009,FC,B75,Boscalid,543,0,543,0,0,0,1.0,543,0.0,4.9779005524861875,4.9779005524861875,0.0,1.0,0.0,0.0,0.0,0.0
2009,FC,B75,Boscalid,543,0,543,0,0,0,2.0,543,0.0,4.9779005524861875,4.9779005524861875,0.0,1.0,0.0,0.0,0.0,0.0
2009,FC,B75,Boscalid,543,0,543,0,0,0,5.0,543,0.0,4.9779005524861875,4.9779005524861875,0.0,1.0,0.0,0.0,0.0,0.0
2009,FC,B75,Boscalid,543,0,543,0,0,0,10.0,543,0.0,4.9779005524861875,4.9779005524861875,0.0,1.0,0.0,0.0,0.0,0.0
2009,FC,B75,Boscalid,543,0,543,0,0,0,inf,543,0.0,4.9779005524861875,4.9779005524861875,0.0,1.0,0.0,0.0,0.0,0.0
2009,FC,B77,Dimethomorph,543,0,543,0,0,0,1.0,543,0.0,5.0,5.0,0.0,1.0,0.0,0.0,0.0,0.0
2009,FC,B77,Dimethomorph,543,0,543,0,0,0,2.0,543,0.0,5.0,5.0,0.0,1.0,0.0,0.0,0.0,0.0
2009,FC,B77,Dimethomorph,543,0,543,0,0,0,5.0,543,0.0,5.0,5.0,0.0,1.0,0.0,0.0,0.0,0.0
2009,FC,B77,Dimethomorph,543,0,543,0,0,0,10.0,543,0.0,5.0,5.0,0.0,1.0,0.0,0.0,0.0,0.0
2009,FC,B77,Dimethomorph,543,0,543,0,0,0,inf,543,0.0,5.0,5.0,0.0,1.0,0.0,0.0,0.0,0.0
2009,FC,B80,Acetamiprid,543,0,543,0,0,0,1.0,543,0.0,16.0,16.0,0.0,1.0,0.0,1.0,0.0,0.0
2009,FC,B80,Acetamiprid,543,0,543,0,0,0,2.0,543,0.0,16.0,16.0,0.0,1.0,0.0,1.0,0.0,0.0
2009,FC,B80,Acetamiprid,543,0,543,0,0,0,5.0,543,0.0,16.0,16.0,0.0,1.0,0.0,1.0,0.0,0.0
2009,FC,B80,Acetamiprid,543,0,543,0,0,0,10.0,543,0.0,16.0,16.0,0.0,1.0,0.0,1.0,0.0,0.0
2009,FC,B80,Acetamiprid,543,0,543,0,0,0,inf,543,0.0,16.0,16.0,0.0,1.0,0.0,1.0,0.0,0.0
2009,FC,B82,Bifenazate,543,0,543,0,0,0,1.0,543,0.0,16.593001841620627,16.593001841620627,0.0,1.0,0.0,0.6593001841620626,0.0,0.0
2009,FC,B82,Bifenazate,543,0,543,0,0,0,2.0,543,0.0,16.593001841620627,16.593001841620627,0.0,1.0,0.0,0.6593001841620626,0.0,0.0
2009,FC,B82,Bifenazate,543,0,543,0,0,0,5.0,543,0.0,16.593001841620627,16.593001841620627,0.0,1.0,0.0,0.6593001841620626,0.0,0.0
2009,FC,B82,Bifenazate,543,0,543,0,0,0,10.0,543,0.0,16.593001841620627,16.593001841620627,0.0,1.0,0.0,0.6593001841620626,0.0,0.0
2009,FC,B82,Bifenazate,543,0,543,0,0,0,inf,543,0.0,16.593001841620627,16.593001841620627,0.0,1.0,0.0,0.6593001841620626,0.0,0.0
2009,FC,B84,Etoxazole,543,543,0,0,0,0,1.0,543,0.0,1.0,1.0,0.0,0.0,0.0,0.0,0.0,0.0
2009,FC,B84,Etoxazole,543,543,0,0,0,0,2.0,543,0.0,2.0,2.0,0.0,0.0,0.0,0.0,0.0,0.0
2009,FC,B84,Etoxazole,543,543,0,0,0,0,5.0,543,0.0,5.0,5.0,0.0,1.0,0.0,0.0,0.0,0.0
2009,FC,B84,Etoxazole,543,543,0,0,0,0,10.0,543,0.0,10.0,10.0,0.0,1.0,0.0,0.0,0.0,0.0
2009,FC,B84,Etoxazole,543,543,0,0,0,0,inf,543,0.0,inf,inf,0.0,1.0,0.0,1.0,0.0,1.0
2009,FC,B85,Spirodiclofen,543,0,543,0,0,0,1.0,543,0.0,1.0,1.0,0.0,0.0,0.0,0.0,0.0,0.0
2009,FC,B85,Spirodiclofen,543,0,543,0,0,0,2.0,543,0.0,1.0,1.0,0.0,0.0,0.0,0.0,0.0,0.0
2009,FC,B85,Spirodiclofen,543,0,543,0,0,0,5.0,543,0.0,1.0,1.0,0.0,0.0,0.0,0.0,0.0,0.0
2009,FC,B85,Spirodiclofen,543,0,543,0,0,0,10.0,543,0.0,1.0,1.0,0.0,0.0,0.0,0.0,0.0,0.0
2009,FC,B85,Spirodiclofen,543,0,543,0,0,0,inf,543,0.0,1.0,1.0,0.0,0.0,0.0,0.0,0.0,0.0
2010,FC,001,Aldrin,384,0,384,0,0,0,1.0,384,0.0,5.0,5.0,0.0,1.0,0.0,0.0,0.0,0.0
2010,FC,001,Aldrin,384,0,384,0,0,0,2.0,384,0.0,5.0,5.0,0.0,1.0,0.0,0.0,0.0,0.0
2010,FC,001,Aldrin,384,0,384,0,0,0,5.0,384,0.0,5.0,5.0,0.0,1.0,0.0,0.0,0.0,0.0
2010,FC,001,Aldrin,384,0,384,0,0,0,10.0,384,0.0,5.0,5.0,0.0,1.0,0.0,0.0,0.0,0.0
2010,FC,001,Aldrin,384,0,384,0,0,0,inf,384,0.0,5.0,5.0,0.0,1.0,0.0,0.0,0.0,0.0
2010,FC,002,Allethrin,384,0,384,0,0,0,1.0,384,0.0,5.0,5.0,0.0,1.0,0.0,0.0,0.0,0.0
2010,FC,002,Allethrin,384,0,384,0,0,0,2.0,384,0.0,5.0,5.0,0.0,1.0,0.0,0.0,0.0,0.0
2010,FC,002,Allethrin,384,0,384,0,0,0,5.0,384,0.0,5.0,5.0,0.0,1.0,0.0,0.0,0.0,0.0
2010,FC,002,Allethrin,384,0,384,0,0,0,10.0,384,0.0,5.0,5.0,0.0,1.0,0.0,0.0,0.0,0.0
2010,FC,002,Allethrin,384,0,384,0,0,0,inf,384,0.0,5.0,5.0,0.0,1.0,0.0,0.0,0.0,0.0
2010,FC,011,Captan,384,0,384,0,0,0,1.0,384,0.0,5.0,5.0,0.0,1.0,0.0,0.0,0.0,0.0
2010,FC,011,Captan,384,0,384,0,0,0,2.0,384,0.0,5.0,5.0,0.0,1.0,0.0,0.0,0.0,0.0
2010,FC,011,Captan,384,0,384,0,0,0,5.0,384,0.0,5.0,5.0,0.0,1.0,0.0,0.0,0.0,0.0
2010,FC,011,Captan,384,0,384,0,0,0,10.0,384,0.0,5.0,5.0,0.0,1.0,0.0,0.0,0.0,0.0
2010,FC,011,Captan,384,0,384,0,0,0,inf,384,0.0,5.0,5.0,0.0,1.0,0.0,0.0,0.0,0.0
2010,FC,015,Chlorobenzilate,384,384,0,0,0,0,1.0,384,0.0,5.0,5.0,0.0,1.0,0.0,0.0,0.0,0.0
2010,FC,015,Chlorobenzilate,384,384,0,0,0,0,2.0,384,0.0,10.0,10.0,0.0,1.0,0.0,0.0,0.0,0.0
2010,FC,015,Chlorobenzilate,384,384,0,0,0,0,5.0,384,0.0,25.0,25.0,0.0,1.0,0.0,1.0,0.0,1.0
2010,FC,015,Chlorobenzilate,384,384,0,0,0,0,10.0,384,0.0,50.0,50.0,0.0,1.0,0.0,1.0,0.0,1.0
2010,FC,015,Chlorobenzilate,384,384,0,0,0,0,inf,384,0.0,inf,inf,0.0,1.0,0.0,1.0,0.0,1.0
2010,FC,024,Diazinon,384,0,384,0,0,0,1.0,384,0.0,1.0,1.0,0.0,0.0,0.0,0.0,0.0,0.0
2010,FC,024,Diazinon,384,0,384,0,0,0,2.0,384,0.0,1.0,1.0,0.0,0.0,0.0,0.0,0.0,0.0
2010,FC,024,Diazinon,384,0,384,0,0,0,5.0,384,0.0,1.0,1.0,0.0,0.0,0.0,0.0,0.0,0.0
2010,FC,024,Diazinon,384,0,384,0,0,0,10.0,384,0.0,1.0,1.0,0.0,0.0,0.0,0.0,0.0,0.0
2010,FC,024,Diazinon,384,0,384,0,0,0,inf,384,0.0,1.0,1.0,0.0,0.0,0.0,0.0,0.0,0.0
2010,FC,028,Dieldrin,384,0,384,0,0,0,1.0,384,0.0,5.0,5.0,0.0,1.0,0.0,0.0,0.0,0.0
2010,FC,028,Dieldrin,384,0,384,0,0,0,2.0,384,0.0,5.0,5.0,0.0,1.0,0.0,0.0,0.0,0.0
2010,FC,028,Dieldrin,384,0,384,0,0,0,5.0,384,0.0,5.0,5.0,0.0,1.0,0.0,0.0,0.0,0.0
2010,FC,028,Dieldrin,384,0,384,0,0,0,10.0,384,0.0,5.0,5.0,0.0,1.0,0.0,0.0,0.0,0.0
2010,FC,028,Dieldrin,384,0,384,0,0,0,inf,384,0.0,5.0,5.0,0.0,1.0,0.0,0.0,0.0,0.0
2010,FC,032,Diuron,384,0,360,24,0,0,1.0,384,3.0140625,18.014062499999998,14.999999999999998,0.0625,1.0,0.0625,1.0,0.057291666666666664,0.057291666666666664
2010,FC,032,Diuron,384,0,360,24,0,0,2.0,384,3.0140625,18.014062499999998,14.999999999999998,0.0625,1.0,0.0625,1.0,0.057291666666666664,0.057291666666666664
2010,FC,032,Diuron,384,0,360,24,0,0,5.0,384,3.0140625,18.014062499999998,14.999999999999998,0.0625,1.0,0.0625,1.0,0.057291666666666664,0.057291666666666664
2010,FC,032,Diuron,384,0,360,24,0,0,10.0,384,3.0140625,18.014062499999998,14.999999999999998,0.0625,1.0,0.0625,1.0,0.057291666666666664,0.057291666666666664
2010,FC,032,Diuron,384,0,360,24,0,0,inf,384,3.0140625,18.014062499999998,14.999999999999998,0.0625,1.0,0.0625,1.0,0.057291666666666664,0.057291666666666664
2010,FC,034,Endrin,384,0,384,0,0,0,1.0,384,0.0,5.0,5.0,0.0,1.0,0.0,0.0,0.0,0.0
2010,FC,034,Endrin,384,0,384,0,0,0,2.0,384,0.0,5.0,5.0,0.0,1.0,0.0,0.0,0.0,0.0
2010,FC,034,Endrin,384,0,384,0,0,0,5.0,384,0.0,5.0,5.0,0.0,1.0,0.0,0.0,0.0,0.0
2010,FC,034,Endrin,384,0,384,0,0,0,10.0,384,0.0,5.0,5.0,0.0,1.0,0.0,0.0,0.0,0.0
2010,FC,034,Endrin,384,0,384,0,0,0,inf,384,0.0,5.0,5.0,0.0,1.0,0.0,0.0,0.0,0.0
2010,FC,035,EPN,384,0,384,0,0,0,1.0,384,0.0,1.0,1.0,0.0,0.0,0.0,0.0,0.0,0.0
2010,FC,035,EPN,384,0,384,0,0,0,2.0,384,0.0,1.0,1.0,0.0,0.0,0.0,0.0,0.0,0.0
2010,FC,035,EPN,384,0,384,0,0,0,5.0,384,0.0,1.0,1.0,0.0,0.0,0.0,0.0,0.0,0.0
2010,FC,035,EPN,384,0,384,0,0,0,10.0,384,0.0,1.0,1.0,0.0,0.0,0.0,0.0,0.0,0.0
2010,FC,035,EPN,384,0,384,0,0,0,inf,384,0.0,1.0,1.0,0.0,0.0,0.0,0.0,0.0,0.0
2010,FC,042,Azinphos methyl,384,0,383,1,0,0,1.0,384,0.0067708333333333336,2.0015625,1.9947916666666665,0.0026041666666666665,0.0026041666666666665,0.0,0.0,0.0,0.0
2010,FC,042,Azinphos methyl,384,0,383,1,0,0,2.0,384,0.0067708333333333336,2.0015625,1.9947916666666665,0.0026041666666666665,0.0026041666666666665,0.0,0.0,0.0,0.0
2010,FC,042,Azinphos methyl,384,0,383,1,0,0,5.0,384,0.0067708333333333336,2.0015625,1.9947916666666665,0.0026041666666666665,0.0026041666666666665,0.0,0.0,0.0,0.0
2010,FC,042,Azinphos methyl,384,0,383,1,0,0,10.0,384,0.0067708333333333336,2.0015625,1.9947916666666665,0.0026041666666666665,0.0026041666666666665,0.0,0.0,0.0,0.0
2010,FC,042,Azinphos methyl,384,0,383,1,0,0,inf,384,0.0067708333333333336,2.0015625,1.9947916666666665,0.0026041666666666665,0.0026041666666666665,0.0,0.0,0.0,0.0
2010,FC,044,Heptachlor,384,0,384,0,0,0,1.0,384,0.0,5.0,5.0,0.0,1.0,0.0,0.0,0.0,0.0
2010,FC,044,Heptachlor,384,0,384,0,0,0,2.0,384,0.0,5.0,5.0,0.0,1.0,0.0,0.0,0.0,0.0
2010,FC,044,Heptachlor,384,0,384,0,0,0,5.0,384,0.0,5.0,5.0,0.0,1.0,0.0,0.0,0.0,0.0
2010,FC,044,Heptachlor,384,0,384,0,0,0,10.0,384,0.0,5.0,5.0,0.0,1.0,0.0,0.0,0.0,0.0
2010,FC,044,Heptachlor,384,0,384,0,0,0,inf,384,0.0,5.0,5.0,0.0,1.0,0.0,0.0,0.0,0.0
2010,FC,050,Lindane (BHC gamma),384,0,380,4,0,0,1.0,384,0.03333333333333333,2.0124999999999997,1.9791666666666663,0.010416666666666666,0.010416666666666666,0.0,0.0,0.0,0.0
2010,FC,050,Lindane (BHC gamma),384,0,380,4,0,0,2.0,384,0.03333333333333333,2.0124999999999997,1.9791666666666663,0.010416666666666666,0.010416666666666666,0.0,0.0,0.0,0.0
2010,FC,050,Lindane (BHC gamma),384,0,380,4,0,0,5.0,384,0.03333333333333333,2.0124999999999997,1.9791666666666663,0.010416666666666666,0.010416666666666666,0.0,0.0,0.0,0.0
2010,FC,050,Lindane (BHC gamma),384,0,380,4,0,0,10.0,384,0.03333333333333333,2.0124999999999997,1.9791666666666663,0.010416666666666666,0.010416666666666666,0.0,0.0,0.0,0.0
2010,FC,050,Lindane (BHC gamma),384,0,380,4,0,0,inf,384,0.03333333333333333,2.0124999999999997,1.9791666666666663,0.010416666666666666,0.010416666666666666,0.0,0.0,0.0,0.0
2010,FC,052,Malathion,384,384,0,0,0,0,1.0,384,0.0,1.0,1.0,0.0,0.0,0.0,0.0,0.0,0.0
2010,FC,052,Malathion,384,384,0,0,0,0,2.0,384,0.0,2.0,2.0,0.0,0.0,0.0,0.0,0.0,0.0
2010,FC,052,Malathion,384,384,0,0,0,0,5.0,384,0.0,5.0,5.0,0.0,1.0,0.0,0.0,0.0,0.0
2010,FC,052,Malathion,384,384,0,0,0,0,10.0,384,0.0,10.0,10.0,0.0,1.0,0.0,0.0,0.0,0.0
2010,FC,052,Malathion,384,384,0,0,0,0,inf,384,0.0,inf,inf,0.0,1.0,0.0,1.0,0.0,1.0
2010,FC,057,Parathion methyl,384,0,384,0,0,0,1.0,384,0.0,1.0,1.0,0.0,0.0,0.0,0.0,0.0,0.0
2010,FC,057,Parathion methyl,384,0,384,0,0,0,2.0,384,0.0,1.0,1.0,0.0,0.0,0.0,0.0,0.0,0.0
2010,FC,057,Parathion methyl,384,0,384,0,0,0,5.0,384,0.0,1.0,1.0,0.0,0.0,0.0,0.0,0.0,0.0
2010,FC,057,Parathion methyl,384,0,384,0,0,0,10.0,384,0.0,1.0,1.0,0.0,0.0,0.0,0.0,0.0,0.0
2010,FC,057,Parathion methyl,384,0,384,0,0,0,inf,384,0.0,1.0,1.0,0.0,0.0,0.0,0.0,0.0,0.0
2010,FC,058,MGK-264,384,0,384,0,0,0,1.0,384,0.0,15.0,15.0,0.0,1.0,0.0,1.0,0.0,0.0
2010,FC,058,MGK-264,384,0,384,0,0,0,2.0,384,0.0,15.0,15.0,0.0,1.0,0.0,1.0,0.0,0.0
2010,FC,058,MGK-264,384,0,384,0,0,0,5.0,384,0.0,15.0,15.0,0.0,1.0,0.0,1.0,0.0,0.0
2010,FC,058,MGK-264,384,0,384,0,0,0,10.0,384,0.0,15.0,15.0,0.0,1.0,0.0,1.0,0.0,0.0
2010,FC,058,MGK-264,384,0,384,0,0,0,inf,384,0.0,15.0,15.0,0.0,1.0,0.0,1.0,0.0,0.0
2010,FC,065,Parathion ethyl,384,384,0,0,0,0,1.0,384,0.0,2.0,2.0,0.0,0.0,0.0,0.0,0.0,0.0
2010,FC,065,Parathion ethyl,384,384,0,0,0,0,2.0,384,0.0,4.0,4.0,0.0,1.0,0.0,0.0,0.0,0.0
2010,FC,065,Parathion ethyl,384,384,0,0,0,0,5.0,384,0.0,10.0,10.0,0.0,1.0,0.0,0.0,0.0,0.0
2010,FC,065,Parathion ethyl,384,384,0,0,0,0,10.0,384,0.0,20.0,20.0,0.0,1.0,0.0,1.0,0.0,0.0
2010,FC,065,Parathion ethyl,384,384,0,0,0,0,inf,384,0.0,inf,inf,0.0,1.0,0.0,1.0,0.0,1.0
2010,FC,069,Mevinphos Total,384,0,384,0,0,0,1.0,384,0.0,10.0,10.0,0.0,1.0,0.0,0.0,0.0,0.0
2010,FC,069,Mevinphos Total,384,0,384,0,0,0,2.0,384,0.0,10.0,10.0,0.0,1.0,0.0,0.0,0.0,0.0
2010,FC,069,Mevinphos Total,384,0,384,0,0,0,5.0,384,0.0,10.0,10.0,0.0,1.0,0.0,0.0,0.0,0.0
2010,FC,069,Mevinphos Total,384,0,384,0,0,0,10.0,384,0.0,10.0,10.0,0.0,1.0,0.0,0.0,0.0,0.0
2010,FC,069,Mevinphos Total,384,0,384,0,0,0,inf,384,0.0,10.0,10.0,0.0,1.0,0.0,0.0,0.0,0.0
2010,FC,070,Piperonyl butoxide,383,0,383,0,0,0,1.0,383,0.0,8.0,8.0,0.0,1.0,0.0,0.0,0.0,0.0
2010,FC,070,Piperonyl butoxide,383,0,383,0,0,0,2.0,383,0.0,8.0,8.0,0.0,1.0,0.0,0.0,0.0,0.0
2010,FC,070,Piperonyl butoxide,383,0,383,0,0,0,5.0,383,0.0,8.0,8.0,0.0,1.0,0.0,0.0,0.0,0.0
2010,FC,070,Piperonyl butoxide,383,0,383,0,0,0,10.0,383,0.0,8.0,8.0,0.0,1.0,0.0,0.0,0.0,0.0
2010,FC,070,Piperonyl butoxide,383,0,383,0,0,0,inf,383,0.0,8.0,8.0,0.0,1.0,0.0,0.0,0.0,0.0
2010,FC,075,Pyrethrins,384,0,384,0,0,0,1.0,384,0.0,10.0,10.0,0.0,1.0,0.0,0.0,0.0,0.0
2010,FC,075,Pyrethrins,384,0,384,0,0,0,2.0,384,0.0,10.0,10.0,0.0,1.0,0.0,0.0,0.0,0.0
2010,FC,075,Pyrethrins,384,0,384,0,0,0,5.0,384,0.0,10.0,10.0,0.0,1.0,0.0,0.0,0.0,0.0
2010,FC,075,Pyrethrins,384,0,384,0,0,0,10.0,384,0.0,10.0,10.0,0.0,1.0,0.0,0.0,0.0,0.0
2010,FC,075,Pyrethrins,384,0,384,0,0,0,inf,384,0.0,10.0,10.0,0.0,1.0,0.0,0.0,0.0,0.0
2010,FC,102,Carbaryl,384,0,384,0,0,0,1.0,384,0.0,5.0,5.0,0.0,1.0,0.0,0.0,0.0,0.0
2010,FC,102,Carbaryl,384,0,384,0,0,0,2.0,384,0.0,5.0,5.0,0.0,1.0,0.0,0.0,0.0,0.0
2010,FC,102,Carbaryl,384,0,384,0,0,0,5.0,384,0.0,5.0,5.0,0.0,1.0,0.0,0.0,0.0,0.0
2010,FC,102,Carbaryl,384,0,384,0,0,0,10.0,384,0.0,5.0,5.0,0.0,1.0,0.0,0.0,0.0,0.0
2010,FC,102,Carbaryl,384,0,384,0,0,0,inf,384,0.0,5.0,5.0,0.0,1.0,0.0,0.0,0.0,0.0
2010,FC,108,Tetradifon,384,0,384,0,0,0,1.0,384,0.0,1.0,1.0,0.0,0.0,0.0,0.0,0.0,0.0
2010,FC,108,Tetradifon,384,0,384,0,0,0,2.0,384,0.0,1.0,1.0,0.0,0.0,0.0,0.0,0.0,0.0
2010,FC,108,Tetradifon,384,0,384,0,0,0,5.0,384,0.0,1.0,1.0,0.0,0.0,0.0,0.0,0.0,0.0
2010,FC,108,Tetradifon,384,0,384,0,0,0,10.0,384,0.0,1.0,1.0,0.0,0.0,0.0,0.0,0.0,0.0
2010,FC,108,Tetradifon,384,0,384,0,0,0,inf,384,0.0,1.0,1.0,0.0,0.0,0.0,0.0,0.0,0.0
2010,FC,114,Chlorpropham,384,0,384,0,0,0,1.0,384,0.0,20.0,20.0,0.0,1.0,0.0,1.0,0.0,0.0
2010,FC,114,Chlorpropham,384,0,384,0,0,0,2.0,384,0.0,20.0,20.0,0.0,1.0,0.0,1.0,0.0,0.0
2010,FC,114,Chlorpropham,384,0,384,0,0,0,5.0,384,0.0,20.0,20.0,0.0,1.0,0.0,1.0,0.0,0.0
2010,FC,114,Chlorpropham,384,0,384,0,0,0,10.0,384,0.0,20.0,20.0,0.0,1.0,0.0,1.0,0.0,0.0
2010,FC,114,Chlorpropham,384,0,384,0,0,0,inf,384,0.0,20.0,20.0,0.0,1.0,0.0,1.0,0.0,0.0
2010,FC,117,Disulfoton,384,0,384,0,0,0,1.0,384,0.0,5.0,5.0,0.0,1.0,0.0,0.0,0.0,0.0
2010,FC,117,Disulfoton,384,0,384,0,0,0,2.0,384,0.0,5.0,5.0,0.0,1.0,0.0,0.0,0.0,0.0
2010,FC,117,Disulfoton,384,0,384,0,0,0,5.0,384,0.0,5.0,5.0,0.0,1.0,0.0,0.0,0.0,0.0
2010,FC,117,Disulfoton,384,0,384,0,0,0,10.0,384,0.0,5.0,5.0,0.0,1.0,0.0,0.0,0.0,0.0
2010,FC,117,Disulfoton,384,0,384,0,0,0,inf,384,0.0,5.0,5.0,0.0,1.0,0.0,0.0,0.0,0.0
2010,FC,124,Coumaphos,384,0,384,0,0,0,1.0,384,0.0,1.0,1.0,0.0,0.0,0.0,0.0,0.0,0.0
2010,FC,124,Coumaphos,384,0,384,0,0,0,2.0,384,0.0,1.0,1.0,0.0,0.0,0.0,0.0,0.0,0.0
2010,FC,124,Coumaphos,384,0,384,0,0,0,5.0,384,0.0,1.0,1.0,0.0,0.0,0.0,0.0,0.0,0.0
2010,FC,124,Coumaphos,384,0,384,0,0,0,10.0,384,0.0,1.0,1.0,0.0,0.0,0.0,0.0,0.0,0.0
2010,FC,124,Coumaphos,384,0,384,0,0,0,inf,384,0.0,1.0,1.0,0.0,0.0,0.0,0.0,0.0,0.0
2010,FC,125,Diphenylamine (DPA),384,0,364,20,0,0,1.0,384,0.14973958333333334,2.0455729166666665,1.8958333333333333,0.052083333333333336,0.052083333333333336,0.0,0.0,0.0,0.0
2010,FC,125,Diphenylamine (DPA),384,0,364,20,0,0,2.0,384,0.14973958333333334,2.0455729166666665,1.8958333333333333,0.052083333333333336,0.052083333333333336,0.0,0.0,0.0,0.0
2010,FC,125,Diphenylamine (DPA),384,0,364,20,0,0,5.0,384,0.14973958333333334,2.0455729166666665,1.8958333333333333,0.052083333333333336,0.052083333333333336,0.0,0.0,0.0,0.0
2010,FC,125,Diphenylamine (DPA),384,0,364,20,0,0,10.0,384,0.14973958333333334,2.0455729166666665,1.8958333333333333,0.052083333333333336,0.052083333333333336,0.0,0.0,0.0,0.0
2010,FC,125,Diphenylamine (DPA),384,0,364,20,0,0,inf,384,0.14973958333333334,2.0455729166666665,1.8958333333333333,0.052083333333333336,0.052083333333333336,0.0,0.0,0.0,0.0
2010,FC,129,Linuron,384,0,384,0,0,0,1.0,384,0.0,5.0,5.0,0.0,1.0,0.0,0.0,0.0,0.0
2010,FC,129,Linuron,384,0,384,0,0,0,2.0,384,0.0,5.0,5.0,0.0,1.0,0.0,0.0,0.0,0.0
2010,FC,129,Linuron,384,0,384,0,0,0,5.0,384,0.0,5.0,5.0,0.0,1.0,0.0,0.0,0.0,0.0
2010,FC,129,Linuron,384,0,384,0,0,0,10.0,384,0.0,5.0,5.0,0.0,1.0,0.0,0.0,0.0,0.0
2010,FC,129,Linuron,384,0,384,0,0,0,inf,384,0.0,5.0,5.0,0.0,1.0,0.0,0.0,0.0,0.0
2010,FC,134,DCPA,384,0,384,0,0,0,1.0,384,0.0,1.0,1.0,0.0,0.0,0.0,0.0,0.0,0.0
2010,FC,134,DCPA,384,0,384,0,0,0,2.0,384,0.0,1.0,1.0,0.0,0.0,0.0,0.0,0.0,0.0
2010,FC,134,DCPA,384,0,384,0,0,0,5.0,384,0.0,1.0,1.0,0.0,0.0,0.0,0.0,0.0,0.0
2010,FC,134,DCPA,384,0,384,0,0,0,10.0,384,0.0,1.0,1.0,0.0,0.0,0.0,0.0,0.0,0.0
2010,FC,134,DCPA,384,0,384,0,0,0,inf,384,0.0,1.0,1.0,0.0,0.0,0.0,0.0,0.0,0.0
2010,FC,143,Heptachlor epoxide,384,0,384,0,0,0,1.0,384,0.0,5.0,5.0,0.0,1.0,0.0,0.0,0.0,0.0
2010,FC,143,Heptachlor epoxide,384,0,384,0,0,0,2.0,384,0.0,5.0,5.0,0.0,1.0,0.0,0.0,0.0,0.0
2010,FC,143,Heptachlor epoxide,384,0,384,0,0,0,5.0,384,0.0,5.0,5.0,0.0,1.0,0.0,0.0,0.0,0.0
2010,FC,143,Heptachlor epoxide,384,0,384,0,0,0,10.0,384,0.0,5.0,5.0,0.0,1.0,0.0,0.0,0.0,0.0
2010,FC,143,Heptachlor epoxide,384,0,384,0,0,0,inf,384,0.0,5.0,5.0,0.0,1.0,0.0,0.0,0.0,0.0
2010,FC,144,Dicloran,384,0,384,0,0,0,1.0,384,0.0,1.0,1.0,0.0,0.0,0.0,0.0,0.0,0.0
2010,FC,144,Dicloran,384,0,384,0,0,0,2.0,384,0.0,1.0,1.0,0.0,0.0,0.0,0.0,0.0,0.0
2010,FC,144,Dicloran,384,0,384,0,0,0,5.0,384,0.0,1.0,1.0,0.0,0.0,0.0,0.0,0.0,0.0
2010,FC,144,Dicloran,384,0,384,0,0,0,10.0,384,0.0,1.0,1.0,0.0,0.0,0.0,0.0,0.0,0.0
2010,FC,144,Dicloran,384,0,384,0,0,0,inf,384,0.0,1.0,1.0,0.0,0.0,0.0,0.0,0.0,0.0
2010,FC,148,Phorate,384,0,384,0,0,0,1.0,384,0.0,12.0,12.0,0.0,1.0,0.0,1.0,0.0,0.0
2010,FC,148,Phorate,384,0,384,0,0,0,2.0,384,0.0,12.0,12.0,0.0,1.0,0.0,1.0,0.0,0.0
2010,FC,148,Phorate,384,0,384,0,0,0,5.0,384,0.0,12.0,12.0,0.0,1.0,0.0,1.0,0.0,0.0
2010,FC,148,Phorate,384,0,384,0,0,0,10.0,384,0.0,12.0,12.0,0.0,1.0,0.0,1.0,0.0,0.0
2010,FC,148,Phorate,384,0,384,0,0,0,inf,384,0.0,12.0,12.0,0.0,1.0,0.0,1.0,0.0,0.0
2010,FC,149,Simazine,384,0,384,0,0,0,1.0,384,0.0,3.0,3.0,0.0,1.0,0.0,0.0,0.0,0.0
2010,FC,149,Simazine,384,0,384,0,0,0,2.0,384,0.0,3.0,3.0,0.0,1.0,0.0,0.0,0.0,0.0
2010,FC,149,Simazine,384,0,384,0,0,0,5.0,384,0.0,3.0,3.0,0.0,1.0,0.0,0.0,0.0,0.0
2010,FC,149,Simazine,384,0,384,0,0,0,10.0,384,0.0,3.0,3.0,0.0,1.0,0.0,0.0,0.0,0.0
2010,FC,149,Simazine,384,0,384,0,0,0,inf,384,0.0,3.0,3.0,0.0,1.0,0.0,0.0,0.0,0.0
2010,FC,151,Trifluralin,384,0,381,3,0,0,1.0,384,0.020833333333333332,1.0130208333333333,0.9921874999999999,0.0078125,0.0078125,0.0,0.0,0.0,0.0
2010,FC,151,Trifluralin,384,0,381,3,0,0,2.0,384,0.020833333333333332,1.0130208333333333,0.9921874999999999,0.0078125,0.0078125,0.0,0.0,0.0,0.0
2010,FC,151,Trifluralin,384,0,381,3,0,0,5.0,384,0.020833333333333332,1.0130208333333333,0.9921874999999999,0.0078125,0.0078125,0.0,0.0,0.0,0.0
2010,FC,151,Trifluralin,384,0,381,3,0,0,10.0,384,0.020833333333333332,1.0130208333333333,0.9921874999999999,0.0078125,0.0078125,0.0,0.0,0.0,0.0
2010,FC,151,Trifluralin,384,0,381,3,0,0,inf,384,0.020833333333333332,1.0130208333333333,0.9921874999999999,0.0078125,0.0078125,0.0,0.0,0.0,0.0
2010,FC,158,Nitrofen,384,0,384,0,0,0,1.0,384,0.0,1.0,1.0,0.0,0.0,0.0,0.0,0.0,0.0
2010,FC,158,Nitrofen,384,0,384,0,0,0,2.0,384,0.0,1.0,1.0,0.0,0.0,0.0,0.0,0.0,0.0
2010,FC,158,Nitrofen,384,0,384,0,0,0,5.0,384,0.0,1.0,1.0,0.0,0.0,0.0,0.0,0.0,0.0
2010,FC,158,Nitrofen,384,0,384,0,0,0,10.0,384,0.0,1.0,1.0,0.0,0.0,0.0,0.0,0.0,0.0
2010,FC,158,Nitrofen,384,0,384,0,0,0,inf,384,0.0,1.0,1.0,0.0,0.0,0.0,0.0,0.0,0.0
2010,FC,159,Methomyl,384,384,0,0,0,0,1.0,384,0.0,6.0,6.0,0.0,1.0,0.0,0.0,0.0,0.0
2010,FC,159,Methomyl,384,384,0,0,0,0,2.0,384,0.0,12.0,12.0,0.0,1.0,0.0,1.0,0.0,0.0
2010,FC,159,Methomyl,384,384,0,0,0,0,5.0,384,0.0,30.0,30.0,0.0,1.0,0.0,1.0,0.0,1.0
2010,FC,159,Methomyl,384,384,0,0,0,0,10.0,384,0.0,60.0,60.0,0.0,1.0,0.0,1.0,0.0,1.0
2010,FC,159,Methomyl,384,384,0,0,0,0,inf,384,0.0,inf,inf,0.0,1.0,0.0,1.0,0.0,1.0
2010,FC,160,Chlorpyrifos,384,0,347,37,0,0,1.0,384,0.5104166666666666,1.4140625,0.9036458333333334,0.06510416666666667,0.06510416666666667,0.010416666666666666,0.010416666666666666,0.005208333333333333,0.005208333333333333
2010,FC,160,Chlorpyrifos,384,0,347,37,0,0,2.0,384,0.5104166666666666,1.4140625,0.9036458333333334,0.06510416666666667,0.06510416666666667,0.010416666666666666,0.010416666666666666,0.005208333333333333,0.005208333333333333
2010,FC,160,Chlorpyrifos,384,0,347,37,0,0,5.0,384,0.5104166666666666,1.4140625,0.9036458333333334,0.06510416666666667,0.06510416666666667,0.010416666666666666,0.010416666666666666,0.005208333333333333,0.005208333333333333
2010,FC,160,Chlorpyrifos,384,0,347,37,0,0,10.0,384,0.5104166666666666,1.4140625,0.9036458333333334,0.06510416666666667,0.06510416666666667,0.010416666666666666,0.010416666666666666,0.005208333333333333,0.005208333333333333
2010,FC,160,Chlorpyrifos,384,0,347,37,0,0,inf,384,0.5104166666666666,1.4140625,0.9036458333333334,0.06510416666666667,0.06510416666666667,0.010416666666666666,0.010416666666666666,0.005208333333333333,0.005208333333333333
2010,FC,162,Propoxur,384,0,384,0,0,0,1.0,384,0.0,25.0,25.0,0.0,1.0,0.0,1.0,0.0,1.0
2010,FC,162,Propoxur,384,0,384,0,0,0,2.0,384,0.0,25.0,25.0,0.0,1.0,0.0,1.0,0.0,1.0
2010,FC,162,Propoxur,384,0,384,0,0,0,5.0,384,0.0,25.0,25.0,0.0,1.0,0.0,1.0,0.0,1.0
2010,FC,162,Propoxur,384,0,384,0,0,0,10.0,384,0.0,25.0,25.0,0.0,1.0,0.0,1.0,0.0,1.0
2010,FC,162,Propoxur,384,0,384,0,0,0,inf,384,0.0,25.0,25.0,0.0,1.0,0.0,1.0,0.0,1.0
2010,FC,165,Phosmet,384,0,384,0,0,0,1.0,384,0.0,3.0,3.0,0.0,1.0,0.0,0.0,0.0,0.0
2010,FC,165,Phosmet,384,0,384,0,0,0,2.0,384,0.0,3.0,3.0,0.0,1.0,0.0,0.0,0.0,0.0
2010,FC,165,Phosmet,384,0,384,0,0,0,5.0,384,0.0,3.0,3.0,0.0,1.0,0.0,0.0,0.0,0.0
2010,FC,165,Phosmet,384,0,384,0,0,0,10.0,384,0.0,3.0,3.0,0.0,1.0,0.0,0.0,0.0,0.0
2010,FC,165,Phosmet,384,0,384,0,0,0,inf,384,0.0,3.0,3.0,0.0,1.0,0.0,0.0,0.0,0.0
2010,FC,166,Phosalone,384,0,384,0,0,0,1.0,384,0.0,12.0,12.0,0.0,1.0,0.0,1.0,0.0,0.0
2010,FC,166,Phosalone,384,0,384,0,0,0,2.0,384,0.0,12.0,12.0,0.0,1.0,0.0,1.0,0.0,0.0
2010,FC,166,Phosalone,384,0,384,0,0,0,5.0,384,0.0,12.0,12.0,0.0,1.0,0.0,1.0,0.0,0.0
2010,FC,166,Phosalone,384,0,384,0,0,0,10.0,384,0.0,12.0,12.0,0.0,1.0,0.0,1.0,0.0,0.0
2010,FC,166,Phosalone,384,0,384,0,0,0,inf,384,0.0,12.0,12.0,0.0,1.0,0.0,1.0,0.0,0.0
2010,FC,167,Aldicarb,384,0,384,0,0,0,1.0,384,0.0,25.0,25.0,0.0,1.0,0.0,1.0,0.0,1.0
2010,FC,167,Aldicarb,384,0,384,0,0,0,2.0,384,0.0,25.0,25.0,0.0,1.0,0.0,1.0,0.0,1.0
2010,FC,167,Aldicarb,384,0,384,0,0,0,5.0,384,0.0,25.0,25.0,0.0,1.0,0.0,1.0,0.0,1.0
2010,FC,167,Aldicarb,384,0,384,0,0,0,10.0,384,0.0,25.0,25.0,0.0,1.0,0.0,1.0,0.0,1.0
2010,FC,167,Aldicarb,384,0,384,0,0,0,inf,384,0.0,25.0,25.0,0.0,1.0,0.0,1.0,0.0,1.0
2010,FC,168,Aldicarb sulfone,384,0,384,0,0,0,1.0,384,0.0,10.0,10.0,0.0,1.0,0.0,0.0,0.0,0.0
2010,FC,168,Aldicarb sulfone,384,0,384,0,0,0,2.0,384,0.0,10.0,10.0,0.0,1.0,0.0,0.0,0.0,0.0
2010,FC,168,Aldicarb sulfone,384,0,384,0,0,0,5.0,384,0.0,10.0,10.0,0.0,1.0,0.0,0.0,0.0,0.0
2010,FC,168,Aldicarb sulfone,384,0,384,0,0,0,10.0,384,0.0,10.0,10.0,0.0,1.0,0.0,0.0,0.0,0.0
2010,FC,168,Aldicarb sulfone,384,0,384,0,0,0,inf,384,0.0,10.0,10.0,0.0,1.0,0.0,0.0,0.0,0.0
2010,FC,171,Dimethoate,384,0,384,0,0,0,1.0,384,0.0,4.0,4.0,0.0,1.0,0.0,0.0,0.0,0.0
2010,FC,171,Dimethoate,384,0,384,0,0,0,2.0,384,0.0,4.0,4.0,0.0,1.0,0.0,0.0,0.0,0.0
2010,FC,171,Dimethoate,384,0,384,0,0,0,5.0,384,0.0,4.0,4.0,0.0,1.0,0.0,0.0,0.0,0.0
2010,FC,171,Dimethoate,384,0,384,0,0,0,10.0,384,0.0,4.0,4.0,0.0,1.0,0.0,0.0,0.0,0.0
2010,FC,171,Dimethoate,384,0,384,0,0,0,inf,384,0.0,4.0,4.0,0.0,1.0,0.0,0.0,0.0,0.0
2010,FC,172,Chlordane trans,384,0,384,0,0,0,1.0,384,0.0,1.0,1.0,0.0,0.0,0.0,0.0,0.0,0.0
2010,FC,172,Chlordane trans,384,0,384,0,0,0,2.0,384,0.0,1.0,1.0,0.0,0.0,0.0,0.0,0.0,0.0
2010,FC,172,Chlordane trans,384,0,384,0,0,0,5.0,384,0.0,1.0,1.0,0.0,0.0,0.0,0.0,0.0,0.0
2010,FC,172,Chlordane trans,384,0,384,0,0,0,10.0,384,0.0,1.0,1.0,0.0,0.0,0.0,0.0,0.0,0.0
2010,FC,172,Chlordane trans,384,0,384,0,0,0,inf,384,0.0,1.0,1.0,0.0,0.0,0.0,0.0,0.0,0.0
2010,FC,173,Chlordane cis,384,0,383,1,0,0,1.0,384,0.0033854166666666668,1.00078125,0.9973958333333333,0.0,0.0,0.0,0.0,0.0,0.0
2010,FC,173,Chlordane cis,384,0,383,1,0,0,2.0,384,0.0033854166666666668,1.00078125,0.9973958333333333,0.0,0.0,0.0,0.0,0.0,0.0
2010,FC,173,Chlordane cis,384,0,383,1,0,0,5.0,384,0.0033854166666666668,1.00078125,0.9973958333333333,0.0,0.0,0.0,0.0,0.0,0.0
2010,FC,173,Chlordane cis,384,0,383,1,0,0,10.0,384,0.0033854166666666668,1.00078125,0.9973958333333333,0.0,0.0,0.0,0.0,0.0,0.0
2010,FC,173,Chlordane cis,384,0,383,1,0,0,inf,384,0.0033854166666666668,1.00078125,0.9973958333333333,0.0,0.0,0.0,0.0,0.0,0.0
2010,FC,176,Tetrachlorvinphos,384,0,384,0,0,0,1.0,384,0.0,2.0,2.0,0.0,0.0,0.0,0.0,0.0,0.0
2010,FC,176,Tetrachlorvinphos,384,0,384,0,0,0,2.0,384,0.0,2.0,2.0,0.0,0.0,0.0,0.0,0.0,0.0
2010,FC,176,Tetrachlorvinphos,384,0,384,0,0,0,5.0,384,0.0,2.0,2.0,0.0,0.0,0.0,0.0,0.0,0.0
2010,FC,176,Tetrachlorvinphos,384,0,384,0,0,0,10.0,384,0.0,2.0,2.0,0.0,0.0,0.0,0.0,0.0,0.0
2010,FC,176,Tetrachlorvinphos,384,0,384,0,0,0,inf,384,0.0,2.0,2.0,0.0,0.0,0.0,0.0,0.0,0.0
2010,FC,177,Fenthion,384,0,384,0,0,0,1.0,384,0.0,9.0,9.0,0.0,1.0,0.0,0.0,0.0,0.0
2010,FC,177,Fenthion,384,0,384,0,0,0,2.0,384,0.0,9.0,9.0,0.0,1.0,0.0,0.0,0.0,0.0
2010,FC,177,Fenthion,384,0,384,0,0,0,5.0,384,0.0,9.0,9.0,0.0,1.0,0.0,0.0,0.0,0.0
2010,FC,177,Fenthion,384,0,384,0,0,0,10.0,384,0.0,9.0,9.0,0.0,1.0,0.0,0.0,0.0,0.0
2010,FC,177,Fenthion,384,0,384,0,0,0,inf,384,0.0,9.0,9.0,0.0,1.0,0.0,0.0,0.0,0.0
2010,FC,180,Carbofuran,384,0,384,0,0,0,1.0,384,0.0,2.0,2.0,0.0,0.0,0.0,0.0,0.0,0.0
2010,FC,180,Carbofuran,384,0,384,0,0,0,2.0,384,0.0,2.0,2.0,0.0,0.0,0.0,0.0,0.0,0.0
2010,FC,180,Carbofuran,384,0,384,0,0,0,5.0,384,0.0,2.0,2.0,0.0,0.0,0.0,0.0,0.0,0.0
2010,FC,180,Carbofuran,384,0,384,0,0,0,10.0,384,0.0,2.0,2.0,0.0,0.0,0.0,0.0,0.0,0.0
2010,FC,180,Carbofuran,384,0,384,0,0,0,inf,384,0.0,2.0,2.0,0.0,0.0,0.0,0.0,0.0,0.0
2010,FC,181,Metribuzin,384,0,384,0,0,0,1.0,384,0.0,1.0,1.0,0.0,0.0,0.0,0.0,0.0,0.0
2010,FC,181,Metribuzin,384,0,384,0,0,0,2.0,384,0.0,1.0,1.0,0.0,0.0,0.0,0.0,0.0,0.0
2010,FC,181,Metribuzin,384,0,384,0,0,0,5.0,384,0.0,1.0,1.0,0.0,0.0,0.0,0.0,0.0,0.0
2010,FC,181,Metribuzin,384,0,384,0,0,0,10.0,384,0.0,1.0,1.0,0.0,0.0,0.0,0.0,0.0,0.0
2010,FC,181,Metribuzin,384,0,384,0,0,0,inf,384,0.0,1.0,1.0,0.0,0.0,0.0,0.0,0.0,0.0
2010,FC,191,Benfluralin,384,0,384,0,0,0,1.0,384,0.0,1.0,1.0,0.0,0.0,0.0,0.0,0.0,0.0
2010,FC,191,Benfluralin,384,0,384,0,0,0,2.0,384,0.0,1.0,1.0,0.0,0.0,0.0,0.0,0.0,0.0
2010,FC,191,Benfluralin,384,0,384,0,0,0,5.0,384,0.0,1.0,1.0,0.0,0.0,0.0,0.0,0.0,0.0
2010,FC,191,Benfluralin,384,0,384,0,0,0,10.0,384,0.0,1.0,1.0,0.0,0.0,0.0,0.0,0.0,0.0
2010,FC,191,Benfluralin,384,0,384,0,0,0,inf,384,0.0,1.0,1.0,0.0,0.0,0.0,0.0,0.0,0.0
2010,FC,197,Methidathion,384,384,0,0,0,0,1.0,384,0.0,3.0,3.0,0.0,1.0,0.0,0.0,0.0,0.0
2010,FC,197,Methidathion,384,384,0,0,0,0,2.0,384,0.0,6.0,6.0,0.0,1.0,0.0,0.0,0.0,0.0
2010,FC,197,Methidathion,384,384,0,0,0,0,5.0,384,0.0,15.0,15.0,0.0,1.0,0.0,1.0,0.0,0.0
2010,FC,197,Methidathion,384,384,0,0,0,0,10.0,384,0.0,30.0,30.0,0.0,1.0,0.0,1.0,0.0,1.0
2010,FC,197,Methidathion,384,384,0,0,0,0,inf,384,0.0,inf,inf,0.0,1.0,0.0,1.0,0.0,1.0
2010,FC,202,Carbophenothion,384,0,384,0,0,0,1.0,384,0.0,1.0,1.0,0.0,0.0,0.0,0.0,0.0,0.0
2010,FC,202,Carbophenothion,384,0,384,0,0,0,2.0,384,0.0,1.0,1.0,0.0,0.0,0.0,0.0,0.0,0.0
2010,FC,202,Carbophenothion,384,0,384,0,0,0,5.0,384,0.0,1.0,1.0,0.0,0.0,0.0,0.0,0.0,0.0
2010,FC,202,Carbophenothion,384,0,384,0,0,0,10.0,384,0.0,1.0,1.0,0.0,0.0,0.0,0.0,0.0,0.0
2010,FC,202,Carbophenothion,384,0,384,0,0,0,inf,384,0.0,1.0,1.0,0.0,0.0,0.0,0.0,0.0,0.0
2010,FC,205,Terbufos,384,0,384,0,0,0,1.0,384,0.0,5.0,5.0,0.0,1.0,0.0,0.0,0.0,0.0
2010,FC,205,Terbufos,384,0,384,0,0,0,2.0,384,0.0,5.0,5.0,0.0,1.0,0.0,0.0,0.0,0.0
2010,FC,205,Terbufos,384,0,384,0,0,0,5.0,384,0.0,5.0,5.0,0.0,1.0,0.0,0.0,0.0,0.0
2010,FC,205,Terbufos,384,0,384,0,0,0,10.0,384,0.0,5.0,5.0,0.0,1.0,0.0,0.0,0.0,0.0
2010,FC,205,Terbufos,384,0,384,0,0,0,inf,384,0.0,5.0,5.0,0.0,1.0,0.0,0.0,0.0,0.0
2010,FC,206,Nonachlor trans,384,0,383,1,0,0,1.0,384,0.0049479166666666664,1.0023437499999999,0.9973958333333331,0.0,0.0,0.0,0.0,0.0,0.0
2010,FC,206,Nonachlor trans,384,0,383,1,0,0,2.0,384,0.0049479166666666664,1.0023437499999999,0.9973958333333331,0.0,0.0,0.0,0.0,0.0,0.0
2010,FC,206,Nonachlor trans,384,0,383,1,0,0,5.0,384,0.0049479166666666664,1.0023437499999999,0.9973958333333331,0.0,0.0,0.0,0.0,0.0,0.0
2010,FC,206,Nonachlor trans,384,0,383,1,0,0,10.0,384,0.0049479166666666664,1.0023437499999999,0.9973958333333331,0.0,0.0,0.0,0.0,0.0,0.0
2010,FC,206,Nonachlor trans,384,0,383,1,0,0,inf,384,0.0049479166666666664,1.0023437499999999,0.9973958333333331,0.0,0.0,0.0,0.0,0.0,0.0
2010,FC,207,Nonachlor cis,384,0,383,1,0,0,1.0,384,0.0028645833333333336,1.0002604166666667,0.9973958333333334,0.0,0.0,0.0,0.0,0.0,0.0
2010,FC,207,Nonachlor cis,384,0,383,1,0,0,2.0,384,0.0028645833333333336,1.0002604166666667,0.9973958333333334,0.0,0.0,0.0,0.0,0.0,0.0
2010,FC,207,Nonachlor cis,384,0,383,1,0,0,5.0,384,0.0028645833333333336,1.0002604166666667,0.9973958333333334,0.0,0.0,0.0,0.0,0.0,0.0
2010,FC,207,Nonachlor cis,384,0,383,1,0,0,10.0,384,0.0028645833333333336,1.0002604166666667,0.9973958333333334,0.0,0.0,0.0,0.0,0.0,0.0
2010,FC,207,Nonachlor cis,384,0,383,1,0,0,inf,384,0.0028645833333333336,1.0002604166666667,0.9973958333333334,0.0,0.0,0.0,0.0,0.0,0.0
2010,FC,227,Alachlor,384,0,384,0,0,0,1.0,384,0.0,10.0,10.0,0.0,1.0,0.0,0.0,0.0,0.0
2010,FC,227,Alachlor,384,0,384,0,0,0,2.0,384,0.0,10.0,10.0,0.0,1.0,0.0,0.0,0.0,0.0
2010,FC,227,Alachlor,384,0,384,0,0,0,5.0,384,0.0,10.0,10.0,0.0,1.0,0.0,0.0,0.0,0.0
2010,FC,227,Alachlor,384,0,384,0,0,0,10.0,384,0.0,10.0,10.0,0.0,1.0,0.0,0.0,0.0,0.0
2010,FC,227,Alachlor,384,0,384,0,0,0,inf,384,0.0,10.0,10.0,0.0,1.0,0.0,0.0,0.0,0.0
2010,FC,229,Flucythrinate,384,0,384,0,0,0,1.0,384,0.0,20.0,20.0,0.0,1.0,0.0,1.0,0.0,0.0
2010,FC,229,Flucythrinate,384,0,384,0,0,0,2.0,384,0.0,20.0,20.0,0.0,1.0,0.0,1.0,0.0,0.0
2010,FC,229,Flucythrinate,384,0,384,0,0,0,5.0,384,0.0,20.0,20.0,0.0,1.0,0.0,1.0,0.0,0.0
2010,FC,229,Flucythrinate,384,0,384,0,0,0,10.0,384,0.0,20.0,20.0,0.0,1.0,0.0,1.0,0.0,0.0
2010,FC,229,Flucythrinate,384,0,384,0,0,0,inf,384,0.0,20.0,20.0,0.0,1.0,0.0,1.0,0.0,0.0
2010,FC,230,Pendimethalin,384,0,376,8,0,0,1.0,384,0.5216145833333333,2.4799479166666667,1.9583333333333335,0.020833333333333332,0.020833333333333332,0.0078125,0.0078125,0.0078125,0.0078125
2010,FC,230,Pendimethalin,384,0,376,8,0,0,2.0,384,0.5216145833333333,2.4799479166666667,1.9583333333333335,0.020833333333333332,0.020833333333333332,0.0078125,0.0078125,0.0078125,0.0078125
2010,FC,230,Pendimethalin,384,0,376,8,0,0,5.0,384,0.5216145833333333,2.4799479166666667,1.9583333333333335,0.020833333333333332,0.020833333333333332,0.0078125,0.0078125,0.0078125,0.0078125
2010,FC,230,Pendimethalin,384,0,376,8,0,0,10.0,384,0.5216145833333333,2.4799479166666667,1.9583333333333335,0.020833333333333332,0.020833333333333332,0.0078125,0.0078125,0.0078125,0.0078125
2010,FC,230,Pendimethalin,384,0,376,8,0,0,inf,384,0.5216145833333333,2.4799479166666667,1.9583333333333335,0.020833333333333332,0.020833333333333332,0.0078125,0.0078125,0.0078125,0.0078125
2010,FC,235,Chlorpyrifos methyl,384,0,379,5,0,0,1.0,384,0.0203125,1.0072916666666667,0.9869791666666667,0.0026041666666666665,0.0026041666666666665,0.0,0.0,0.0,0.0
2010,FC,235,Chlorpyrifos methyl,384,0,379,5,0,0,2.0,384,0.0203125,1.0072916666666667,0.9869791666666667,0.0026041666666666665,0.0026041666666666665,0.0,0.0,0.0,0.0
2010,FC,235,Chlorpyrifos methyl,384,0,379,5,0,0,5.0,384,0.0203125,1.0072916666666667,0.9869791666666667,0.0026041666666666665,0.0026041666666666665,0.0,0.0,0.0,0.0
2010,FC,235,Chlorpyrifos methyl,384,0,379,5,0,0,10.0,384,0.0203125,1.0072916666666667,0.9869791666666667,0.0026041666666666665,0.0026041666666666665,0.0,0.0,0.0,0.0
2010,FC,235,Chlorpyrifos methyl,384,0,379,5,0,0,inf,384,0.0203125,1.0072916666666667,0.9869791666666667,0.0026041666666666665,0.0026041666666666665,0.0,0.0,0.0,0.0
2010,FC,236,Fenamiphos,384,384,0,0,0,0,1.0,384,0.0,2.0,2.0,0.0,0.0,0.0,0.0,0.0,0.0
2010,FC,236,Fenamiphos,384,384,0,0,0,0,2.0,384,0.0,4.0,4.0,0.0,1.0,0.0,0.0,0.0,0.0
2010,FC,236,Fenamiphos,384,384,0,0,0,0,5.0,384,0.0,10.0,10.0,0.0,1.0,0.0,0.0,0.0,0.0
2010,FC,236,Fenamiphos,384,384,0,0,0,0,10.0,384,0.0,20.0,20.0,0.0,1.0,0.0,1.0,0.0,0.0
2010,FC,236,Fenamiphos,384,384,0,0,0,0,inf,384,0.0,inf,inf,0.0,1.0,0.0,1.0,0.0,1.0
2010,FC,254,"Dicofol p,p'",384,0,384,0,0,0,1.0,384,0.0,1.0,1.0,0.0,0.0,0.0,0.0,0.0,0.0
2010,FC,254,"Dicofol p,p'",384,0,384,0,0,0,2.0,384,0.0,1.0,1.0,0.0,0.0,0.0,0.0,0.0,0.0
2010,FC,254,"Dicofol p,p'",384,0,384,0,0,0,5.0,384,0.0,1.0,1.0,0.0,0.0,0.0,0.0,0.0,0.0
2010,FC,254,"Dicofol p,p'",384,0,384,0,0,0,10.0,384,0.0,1.0,1.0,0.0,0.0,0.0,0.0,0.0,0.0
2010,FC,254,"Dicofol p,p'",384,0,384,0,0,0,inf,384,0.0,1.0,1.0,0.0,0.0,0.0,0.0,0.0,0.0
2010,FC,264,Propiconazole,184,184,0,0,0,0,1.0,184,0.0,9.0,9.0,0.0,1.0,0.0,0.0,0.0,0.0
2010,FC,264,Propiconazole,184,184,0,0,0,0,2.0,184,0.0,18.0,18.0,0.0,1.0,0.0,1.0,0.0,0.0
2010,FC,264,Propiconazole,184,184,0,0,0,0,5.0,184,0.0,45.0,45.0,0.0,1.0,0.0,1.0,0.0,1.0
2010,FC,264,Propiconazole,184,184,0,0,0,0,10.0,184,0.0,90.0,90.0,0.0,1.0,0.0,1.0,0.0,1.0
2010,FC,264,Propiconazole,184,184,0,0,0,0,inf,184,0.0,inf,inf,0.0,1.0,0.0,1.0,0.0,1.0
2010,FC,271,Fenarimol,384,0,384,0,0,0,1.0,384,0.0,1.0,1.0,0.0,0.0,0.0,0.0,0.0,0.0
2010,FC,271,Fenarimol,384,0,384,0,0,0,2.0,384,0.0,1.0,1.0,0.0,0.0,0.0,0.0,0.0,0.0
2010,FC,271,Fenarimol,384,0,384,0,0,0,5.0,384,0.0,1.0,1.0,0.0,0.0,0.0,0.0,0.0,0.0
2010,FC,271,Fenarimol,384,0,384,0,0,0,10.0,384,0.0,1.0,1.0,0.0,0.0,0.0,0.0,0.0,0.0
2010,FC,271,Fenarimol,384,0,384,0,0,0,inf,384,0.0,1.0,1.0,0.0,0.0,0.0,0.0,0.0,0.0
2010,FC,275,"Methoxychlor p,p'",384,0,384,0,0,0,1.0,384,0.0,6.0,6.0,0.0,1.0,0.0,0.0,0.0,0.0
2010,FC,275,"Methoxychlor p,p'",384,0,384,0,0,0,2.0,384,0.0,6.0,6.0,0.0,1.0,0.0,0.0,0.0,0.0
2010,FC,275,"Methoxychlor p,p'",384,0,384,0,0,0,5.0,384,0.0,6.0,6.0,0.0,1.0,0.0,0.0,0.0,0.0
2010,FC,275,"Methoxychlor p,p'",384,0,384,0,0,0,10.0,384,0.0,6.0,6.0,0.0,1.0,0.0,0.0,0.0,0.0
2010,FC,275,"Methoxychlor p,p'",384,0,384,0,0,0,inf,384,0.0,6.0,6.0,0.0,1.0,0.0,0.0,0.0,0.0
2010,FC,280,Fluchloralin,384,0,384,0,0,0,1.0,384,0.0,6.0,6.0,0.0,1.0,0.0,0.0,0.0,0.0
2010,FC,280,Fluchloralin,384,0,384,0,0,0,2.0,384,0.0,6.0,6.0,0.0,1.0,0.0,0.0,0.0,0.0
2010,FC,280,Fluchloralin,384,0,384,0,0,0,5.0,384,0.0,6.0,6.0,0.0,1.0,0.0,0.0,0.0,0.0
2010,FC,280,Fluchloralin,384,0,384,0,0,0,10.0,384,0.0,6.0,6.0,0.0,1.0,0.0,0.0,0.0,0.0
2010,FC,280,Fluchloralin,384,0,384,0,0,0,inf,384,0.0,6.0,6.0,0.0,1.0,0.0,0.0,0.0,0.0
2010,FC,283,Metolachlor,384,0,384,0,0,0,1.0,384,0.0,4.0,4.0,0.0,1.0,0.0,0.0,0.0,0.0
2010,FC,283,Metolachlor,384,0,384,0,0,0,2.0,384,0.0,4.0,4.0,0.0,1.0,0.0,0.0,0.0,0.0
2010,FC,283,Metolachlor,384,0,384,0,0,0,5.0,384,0.0,4.0,4.0,0.0,1.0,0.0,0.0,0.0,0.0
2010,FC,283,Metolachlor,384,0,384,0,0,0,10.0,384,0.0,4.0,4.0,0.0,1.0,0.0,0.0,0.0,0.0
2010,FC,283,Metolachlor,384,0,384,0,0,0,inf,384,0.0,4.0,4.0,0.0,1.0,0.0,0.0,0.0,0.0
2010,FC,292,Fluazifop butyl,304,0,304,0,0,0,1.0,304,0.0,2.0,2.0,0.0,0.0,0.0,0.0,0.0,0.0
2010,FC,292,Fluazifop butyl,304,0,304,0,0,0,2.0,304,0.0,2.0,2.0,0.0,0.0,0.0,0.0,0.0,0.0
2010,FC,292,Fluazifop butyl,304,0,304,0,0,0,5.0,304,0.0,2.0,2.0,0.0,0.0,0.0,0.0,0.0,0.0
2010,FC,292,Fluazifop butyl,304,0,304,0,0,0,10.0,304,0.0,2.0,2.0,0.0,0.0,0.0,0.0,0.0,0.0
2010,FC,292,Fluazifop butyl,304,0,304,0,0,0,inf,304,0.0,2.0,2.0,0.0,0.0,0.0,0.0,0.0,0.0
2010,FC,297,Fluvalinate,384,0,384,0,0,0,1.0,384,0.0,1.0,1.0,0.0,0.0,0.0,0.0,0.0,0.0
2010,FC,297,Fluvalinate,384,0,384,0,0,0,2.0,384,0.0,1.0,1.0,0.0,0.0,0.0,0.0,0.0,0.0
2010,FC,297,Fluvalinate,384,0,384,0,0,0,5.0,384,0.0,1.0,1.0,0.0,0.0,0.0,0.0,0.0,0.0
2010,FC,297,Fluvalinate,384,0,384,0,0,0,10.0,384,0.0,1.0,1.0,0.0,0.0,0.0,0.0,0.0,0.0
2010,FC,297,Fluvalinate,384,0,384,0,0,0,inf,384,0.0,1.0,1.0,0.0,0.0,0.0,0.0,0.0,0.0
2010,FC,299,Diclofop methyl,384,0,384,0,0,0,1.0,384,0.0,2.0,2.0,0.0,0.0,0.0,0.0,0.0,0.0
2010,FC,299,Diclofop methyl,384,0,384,0,0,0,2.0,384,0.0,2.0,2.0,0.0,0.0,0.0,0.0,0.0,0.0
2010,FC,299,Diclofop methyl,384,0,384,0,0,0,5.0,384,0.0,2.0,2.0,0.0,0.0,0.0,0.0,0.0,0.0
2010,FC,299,Diclofop methyl,384,0,384,0,0,0,10.0,384,0.0,2.0,2.0,0.0,0.0,0.0,0.0,0.0,0.0
2010,FC,299,Diclofop methyl,384,0,384,0,0,0,inf,384,0.0,2.0,2.0,0.0,0.0,0.0,0.0,0.0,0.0
2010,FC,304,Quintozene (PCNB),384,0,384,0,0,0,1.0,384,0.0,1.0,1.0,0.0,0.0,0.0,0.0,0.0,0.0
2010,FC,304,Quintozene (PCNB),384,0,384,0,0,0,2.0,384,0.0,1.0,1.0,0.0,0.0,0.0,0.0,0.0,0.0
2010,FC,304,Quintozene (PCNB),384,0,384,0,0,0,5.0,384,0.0,1.0,1.0,0.0,0.0,0.0,0.0,0.0,0.0
2010,FC,304,Quintozene (PCNB),384,0,384,0,0,0,10.0,384,0.0,1.0,1.0,0.0,0.0,0.0,0.0,0.0,0.0
2010,FC,304,Quintozene (PCNB),384,0,384,0,0,0,inf,384,0.0,1.0,1.0,0.0,0.0,0.0,0.0,0.0,0.0
2010,FC,305,Atrazine,384,0,381,3,0,0,1.0,384,0.0375,2.021875,1.984375,0.0078125,0.0078125,0.0,0.0,0.0,0.0
2010,FC,305,Atrazine,384,0,381,3,0,0,2.0,384,0.0375,2.021875,1.984375,0.0078125,0.0078125,0.0,0.0,0.0,0.0
2010,FC,305,Atrazine,384,0,381,3,0,0,5.0,384,0.0375,2.021875,1.984375,0.0078125,0.0078125,0.0,0.0,0.0,0.0
2010,FC,305,Atrazine,384,0,381,3,0,0,10.0,384,0.0375,2.021875,1.984375,0.0078125,0.0078125,0.0,0.0,0.0,0.0
2010,FC,305,Atrazine,384,0,381,3,0,0,inf,384,0.0375,2.021875,1.984375,0.0078125,0.0078125,0.0,0.0,0.0,0.0
2010,FC,310,Propham,384,0,384,0,0,0,1.0,384,0.0,5.0,5.0,0.0,1.0,0.0,0.0,0.0,0.0
2010,FC,310,Propham,384,0,384,0,0,0,2.0,384,0.0,5.0,5.0,0.0,1.0,0.0,0.0,0.0,0.0
2010,FC,310,Propham,384,0,384,0,0,0,5.0,384,0.0,5.0,5.0,0.0,1.0,0.0,0.0,0.0,0.0
2010,FC,310,Propham,384,0,384,0,0,0,10.0,384,0.0,5.0,5.0,0.0,1.0,0.0,0.0,0.0,0.0
2010,FC,310,Propham,384,0,384,0,0,0,inf,384,0.0,5.0,5.0,0.0,1.0,0.0,0.0,0.0,0.0
2010,FC,321,Hexachlorobenzene (HCB),384,0,383,1,0,0,1.0,384,0.00390625,1.0013020833333333,0.9973958333333333,0.0,0.0,0.0,0.0,0.0,0.0
2010,FC,321,Hexachlorobenzene (HCB),384,0,383,1,0,0,2.0,384,0.00390625,1.0013020833333333,0.9973958333333333,0.0,0.0,0.0,0.0,0.0,0.0
2010,FC,321,Hexachlorobenzene (HCB),384,0,383,1,0,0,5.0,384,0.00390625,1.0013020833333333,0.9973958333333333,0.0,0.0,0.0,0.0,0.0,0.0
2010,FC,321,Hexachlorobenzene (HCB),384,0,383,1,0,0,10.0,384,0.00390625,1.0013020833333333,0.9973958333333333,0.0,0.0,0.0,0.0,0.0,0.0
2010,FC,321,Hexachlorobenzene (HCB),384,0,383,1,0,0,inf,384,0.00390625,1.0013020833333333,0.9973958333333333,0.0,0.0,0.0,0.0,0.0,0.0
2010,FC,330,Diphenamid,384,0,384,0,0,0,1.0,384,0.0,1.0,1.0,0.0,0.0,0.0,0.0,0.0,0.0
2010,FC,330,Diphenamid,384,0,384,0,0,0,2.0,384,0.0,1.0,1.0,0.0,0.0,0.0,0.0,0.0,0.0
2010,FC,330,Diphenamid,384,0,384,0,0,0,5.0,384,0.0,1.0,1.0,0.0,0.0,0.0,0.0,0.0,0.0
2010,FC,330,Diphenamid,384,0,384,0,0,0,10.0,384,0.0,1.0,1.0,0.0,0.0,0.0,0.0,0.0,0.0
2010,FC,330,Diphenamid,384,0,384,0,0,0,inf,384,0.0,1.0,1.0,0.0,0.0,0.0,0.0,0.0,0.0
2010,FC,333,Propazine,384,0,384,0,0,0,1.0,384,0.0,1.0,1.0,0.0,0.0,0.0,0.0,0.0,0.0
2010,FC,333,Propazine,384,0,384,0,0,0,2.0,384,0.0,1.0,1.0,0.0,0.0,0.0,0.0,0.0,0.0
2010,FC,333,Propazine,384,0,384,0,0,0,5.0,384,0.0,1.0,1.0,0.0,0.0,0.0,0.0,0.0,0.0
2010,FC,333,Propazine,384,0,384,0,0,0,10.0,384,0.0,1.0,1.0,0.0,0.0,0.0,0.0,0.0,0.0
2010,FC,333,Propazine,384,0,384,0,0,0,inf,384,0.0,1.0,1.0,0.0,0.0,0.0,0.0,0.0,0.0
2010,FC,338,Dichlorvos (DDVP),384,0,384,0,0,0,1.0,384,0.0,9.0,9.0,0.0,1.0,0.0,0.0,0.0,0.0
2010,FC,338,Dichlorvos (DDVP),384,0,384,0,0,0,2.0,384,0.0,9.0,9.0,0.0,1.0,0.0,0.0,0.0,0.0
2010,FC,338,Dichlorvos (DDVP),384,0,384,0,0,0,5.0,384,0.0,9.0,9.0,0.0,1.0,0.0,0.0,0.0,0.0
2010,FC,338,Dichlorvos (DDVP),384,0,384,0,0,0,10.0,384,0.0,9.0,9.0,0.0,1.0,0.0,0.0,0.0,0.0
2010,FC,338,Dichlorvos (DDVP),384,0,384,0,0,0,inf,384,0.0,9.0,9.0,0.0,1.0,0.0,0.0,0.0,0.0
2010,FC,349,Oxychlordane,384,384,0,0,0,0,1.0,384,0.0,2.0,2.0,0.0,0.0,0.0,0.0,0.0,0.0
2010,FC,349,Oxychlordane,384,384,0,0,0,0,2.0,384,0.0,4.0,4.0,0.0,1.0,0.0,0.0,0.0,0.0
2010,FC,349,Oxychlordane,384,384,0,0,0,0,5.0,384,0.0,10.0,10.0,0.0,1.0,0.0,0.0,0.0,0.0
2010,FC,349,Oxychlordane,384,384,0,0,0,0,10.0,384,0.0,20.0,20.0,0.0,1.0,0.0,1.0,0.0,0.0
2010,FC,349,Oxychlordane,384,384,0,0,0,0,inf,384,0.0,inf,inf,0.0,1.0,0.0,1.0,0.0,1.0
2010,FC,351,Pentachloroaniline (PCA),384,0,374,10,0,0,1.0,384,0.035937500000000004,1.0098958333333334,0.9739583333333335,0.0026041666666666665,0.0026041666666666665,0.0,0.0,0.0,0.0
2010,FC,351,Pentachloroaniline (PCA),384,0,374,10,0,0,2.0,384,0.035937500000000004,1.0098958333333334,0.9739583333333335,0.0026041666666666665,0.0026041666666666665,0.0,0.0,0.0,0.0
2010,FC,351,Pentachloroaniline (PCA),384,0,374,10,0,0,5.0,384,0.035937500000000004,1.0098958333333334,0.9739583333333335,0.0026041666666666665,0.0026041666666666665,0.0,0.0,0.0,0.0
2010,FC,351,Pentachloroaniline (PCA),384,0,374,10,0,0,10.0,384,0.035937500000000004,1.0098958333333334,0.9739583333333335,0.0026041666666666665,0.0026041666666666665,0.0,0.0,0.0,0.0
2010,FC,351,Pentachloroaniline (PCA),384,0,374,10,0,0,inf,384,0.035937500000000004,1.0098958333333334,0.9739583333333335,0.0026041666666666665,0.0026041666666666665,0.0,0.0,0.0,0.0
2010,FC,352,Mirex,384,0,384,0,0,0,1.0,384,0.0,2.0,2.0,0.0,0.0,0.0,0.0,0.0,0.0
2010,FC,352,Mirex,384,0,384,0,0,0,2.0,384,0.0,2.0,2.0,0.0,0.0,0.0,0.0,0.0,0.0
2010,FC,352,Mirex,384,0,384,0,0,0,5.0,384,0.0,2.0,2.0,0.0,0.0,0.0,0.0,0.0,0.0
2010,FC,352,Mirex,384,0,384,0,0,0,10.0,384,0.0,2.0,2.0,0.0,0.0,0.0,0.0,0.0,0.0
2010,FC,352,Mirex,384,0,384,0,0,0,inf,384,0.0,2.0,2.0,0.0,0.0,0.0,0.0,0.0,0.0
2010,FC,382,1-Naphthol,384,0,384,0,0,0,1.0,384,0.0,6.0,6.0,0.0,1.0,0.0,0.0,0.0,0.0
2010,FC,382,1-Naphthol,384,0,384,0,0,0,2.0,384,0.0,6.0,6.0,0.0,1.0,0.0,0.0,0.0,0.0
2010,FC,382,1-Naphthol,384,0,384,0,0,0,5.0,384,0.0,6.0,6.0,0.0,1.0,0.0,0.0,0.0,0.0
2010,FC,382,1-Naphthol,384,0,384,0,0,0,10.0,384,0.0,6.0,6.0,0.0,1.0,0.0,0.0,0.0,0.0
2010,FC,382,1-Naphthol,384,0,384,0,0,0,inf,384,0.0,6.0,6.0,0.0,1.0,0.0,0.0,0.0,0.0
2010,FC,391,Fenitrothion,384,0,384,0,0,0,1.0,384,0.0,1.0,1.0,0.0,0.0,0.0,0.0,0.0,0.0
2010,FC,391,Fenitrothion,384,0,384,0,0,0,2.0,384,0.0,1.0,1.0,0.0,0.0,0.0,0.0,0.0,0.0
2010,FC,391,Fenitrothion,384,0,384,0,0,0,5.0,384,0.0,1.0,1.0,0.0,0.0,0.0,0.0,0.0,0.0
2010,FC,391,Fenitrothion,384,0,384,0,0,0,10.0,384,0.0,1.0,1.0,0.0,0.0,0.0,0.0,0.0,0.0
2010,FC,391,Fenitrothion,384,0,384,0,0,0,inf,384,0.0,1.0,1.0,0.0,0.0,0.0,0.0,0.0,0.0
2010,FC,512,3-Hydroxycarbofuran,384,0,384,0,0,0,1.0,384,0.0,4.0,4.0,0.0,1.0,0.0,0.0,0.0,0.0
2010,FC,512,3-Hydroxycarbofuran,384,0,384,0,0,0,2.0,384,0.0,4.0,4.0,0.0,1.0,0.0,0.0,0.0,0.0
2010,FC,512,3-Hydroxycarbofuran,384,0,384,0,0,0,5.0,384,0.0,4.0,4.0,0.0,1.0,0.0,0.0,0.0,0.0
2010,FC,512,3-Hydroxycarbofuran,384,0,384,0,0,0,10.0,384,0.0,4.0,4.0,0.0,1.0,0.0,0.0,0.0,0.0
2010,FC,512,3-Hydroxycarbofuran,384,0,384,0,0,0,inf,384,0.0,4.0,4.0,0.0,1.0,0.0,0.0,0.0,0.0
2010,FC,529,Vinclozolin,384,0,384,0,0,0,1.0,384,0.0,1.0,1.0,0.0,0.0,0.0,0.0,0.0,0.0
2010,FC,529,Vinclozolin,384,0,384,0,0,0,2.0,384,0.0,1.0,1.0,0.0,0.0,0.0,0.0,0.0,0.0
2010,FC,529,Vinclozolin,384,0,384,0,0,0,5.0,384,0.0,1.0,1.0,0.0,0.0,0.0,0.0,0.0,0.0
2010,FC,529,Vinclozolin,384,0,384,0,0,0,10.0,384,0.0,1.0,1.0,0.0,0.0,0.0,0.0,0.0,0.0
2010,FC,529,Vinclozolin,384,0,384,0,0,0,inf,384,0.0,1.0,1.0,0.0,0.0,0.0,0.0,0.0,0.0
2010,FC,537,Oxamyl,384,0,384,0,0,0,1.0,384,0.0,6.0,6.0,0.0,1.0,0.0,0.0,0.0,0.0
2010,FC,537,Oxamyl,384,0,384,0,0,0,2.0,384,0.0,6.0,6.0,0.0,1.0,0.0,0.0,0.0,0.0
2010,FC,537,Oxamyl,384,0,384,0,0,0,5.0,384,0.0,6.0,6.0,0.0,1.0,0.0,0.0,0.0,0.0
2010,FC,537,Oxamyl,384,0,384,0,0,0,10.0,384,0.0,6.0,6.0,0.0,1.0,0.0,0.0,0.0,0.0
2010,FC,537,Oxamyl,384,0,384,0,0,0,inf,384,0.0,6.0,6.0,0.0,1.0,0.0,0.0,0.0,0.0
2010,FC,539,Permethrin Total,384,384,0,0,0,0,1.0,384,0.0,3.0,3.0,0.0,1.0,0.0,0.0,0.0,0.0
2010,FC,539,Permethrin Total,384,384,0,0,0,0,2.0,384,0.0,6.0,6.0,0.0,1.0,0.0,0.0,0.0,0.0
2010,FC,539,Permethrin Total,384,384,0,0,0,0,5.0,384,0.0,15.0,15.0,0.0,1.0,0.0,1.0,0.0,0.0
2010,FC,539,Permethrin Total,384,384,0,0,0,0,10.0,384,0.0,30.0,30.0,0.0,1.0,0.0,1.0,0.0,1.0
2010,FC,539,Permethrin Total,384,384,0,0,0,0,inf,384,0.0,inf,inf,0.0,1.0,0.0,1.0,0.0,1.0
2010,FC,540,Pronamide,384,0,384,0,0,0,1.0,384,0.0,1.0,1.0,0.0,0.0,0.0,0.0,0.0,0.0
2010,FC,540,Pronamide,384,0,384,0,0,0,2.0,384,0.0,1.0,1.0,0.0,0.0,0.0,0.0,0.0,0.0
2010,FC,540,Pronamide,384,0,384,0,0,0,5.0,384,0.0,1.0,1.0,0.0,0.0,0.0,0.0,0.0,0.0
2010,FC,540,Pronamide,384,0,384,0,0,0,10.0,384,0.0,1.0,1.0,0.0,0.0,0.0,0.0,0.0,0.0
2010,FC,540,Pronamide,384,0,384,0,0,0,inf,384,0.0,1.0,1.0,0.0,0.0,0.0,0.0,0.0,0.0
2010,FC,556,Resmethrin,224,0,224,0,0,0,1.0,224,0.0,8.0,8.0,0.0,1.0,0.0,0.0,0.0,0.0
2010,FC,556,Resmethrin,224,0,224,0,0,0,2.0,224,0.0,8.0,8.0,0.0,1.0,0.0,0.0,0.0,0.0
2010,FC,556,Resmethrin,224,0,224,0,0,0,5.0,224,0.0,8.0,8.0,0.0,1.0,0.0,0.0,0.0,0.0
2010,FC,556,Resmethrin,224,0,224,0,0,0,10.0,224,0.0,8.0,8.0,0.0,1.0,0.0,0.0,0.0,0.0
2010,FC,556,Resmethrin,224,0,224,0,0,0,inf,224,0.0,8.0,8.0,0.0,1.0,0.0,0.0,0.0,0.0
2010,FC,562,Pirimiphos methyl,384,384,0,0,0,0,1.0,384,0.0,3.0,3.0,0.0,1.0,0.0,0.0,0.0,0.0
2010,FC,562,Pirimiphos methyl,384,384,0,0,0,0,2.0,384,0.0,6.0,6.0,0.0,1.0,0.0,0.0,0.0,0.0
2010,FC,562,Pirimiphos methyl,384,384,0,0,0,0,5.0,384,0.0,15.0,15.0,0.0,1.0,0.0,1.0,0.0,0.0
2010,FC,562,Pirimiphos methyl,384,384,0,0,0,0,10.0,384,0.0,30.0,30.0,0.0,1.0,0.0,1.0,0.0,1.0
2010,FC,562,Pirimiphos methyl,384,384,0,0,0,0,inf,384,0.0,inf,inf,0.0,1.0,0.0,1.0,0.0,1.0
2010,FC,596,Norflurazon,384,0,384,0,0,0,1.0,384,0.0,2.0,2.0,0.0,0.0,0.0,0.0,0.0,0.0
2010,FC,596,Norflurazon,384,0,384,0,0,0,2.0,384,0.0,2.0,2.0,0.0,0.0,0.0,0.0,0.0,0.0
2010,FC,596,Norflurazon,384,0,384,0,0,0,5.0,384,0.0,2.0,2.0,0.0,0.0,0.0,0.0,0.0,0.0
2010,FC,596,Norflurazon,384,0,384,0,0,0,10.0,384,0.0,2.0,2.0,0.0,0.0,0.0,0.0,0.0,0.0
2010,FC,596,Norflurazon,384,0,384,0,0,0,inf,384,0.0,2.0,2.0,0.0,0.0,0.0,0.0,0.0,0.0
2010,FC,597,Cypermethrin,384,0,378,6,0,0,1.0,384,0.06874999999999999,1.0531249999999999,0.9843749999999999,0.010416666666666666,0.010416666666666666,0.0026041666666666665,0.0026041666666666665,0.0,0.0
2010,FC,597,Cypermethrin,384,0,378,6,0,0,2.0,384,0.06874999999999999,1.0531249999999999,0.9843749999999999,0.010416666666666666,0.010416666666666666,0.0026041666666666665,0.0026041666666666665,0.0,0.0
2010,FC,597,Cypermethrin,384,0,378,6,0,0,5.0,384,0.06874999999999999,1.0531249999999999,0.9843749999999999,0.010416666666666666,0.010416666666666666,0.0026041666666666665,0.0026041666666666665,0.0,0.0
2010,FC,597,Cypermethrin,384,0,378,6,0,0,10.0,384,0.06874999999999999,1.0531249999999999,0.9843749999999999,0.010416666666666666,0.010416666666666666,0.0026041666666666665,0.0026041666666666665,0.0,0.0
2010,FC,597,Cypermethrin,384,0,378,6,0,0,inf,384,0.06874999999999999,1.0531249999999999,0.9843749999999999,0.010416666666666666,0.010416666666666666,0.0026041666666666665,0.0026041666666666665,0.0,0.0
2010,FC,607,Metalaxyl,384,0,384,0,0,0,1.0,384,0.0,2.0,2.0,0.0,0.0,0.0,0.0,0.0,0.0
2010,FC,607,Metalaxyl,384,0,384,0,0,0,2.0,384,0.0,2.0,2.0,0.0,0.0,0.0,0.0,0.0,0.0
2010,FC,607,Metalaxyl,384,0,384,0,0,0,5.0,384,0.0,2.0,2.0,0.0,0.0,0.0,0.0,0.0,0.0
2010,FC,607,Metalaxyl,384,0,384,0,0,0,10.0,384,0.0,2.0,2.0,0.0,0.0,0.0,0.0,0.0,0.0
2010,FC,607,Metalaxyl,384,0,384,0,0,0,inf,384,0.0,2.0,2.0,0.0,0.0,0.0,0.0,0.0,0.0
2010,FC,608,Triadimefon,384,384,0,0,0,0,1.0,384,0.0,2.0,2.0,0.0,0.0,0.0,0.0,0.0,0.0
2010,FC,608,Triadimefon,384,384,0,0,0,0,2.0,384,0.0,4.0,4.0,0.0,1.0,0.0,0.0,0.0,0.0
2010,FC,608,Triadimefon,384,384,0,0,0,0,5.0,384,0.0,10.0,10.0,0.0,1.0,0.0,0.0,0.0,0.0
2010,FC,608,Triadimefon,384,384,0,0,0,0,10.0,384,0.0,20.0,20.0,0.0,1.0,0.0,1.0,0.0,0.0
2010,FC,608,Triadimefon,384,384,0,0,0,0,inf,384,0.0,inf,inf,0.0,1.0,0.0,1.0,0.0,1.0
2010,FC,609,Sulprofos,384,0,384,0,0,0,1.0,384,0.0,8.0,8.0,0.0,1.0,0.0,0.0,0.0,0.0
2010,FC,609,Sulprofos,384,0,384,0,0,0,2.0,384,0.0,8.0,8.0,0.0,1.0,0.0,0.0,0.0,0.0
2010,FC,609,Sulprofos,384,0,384,0,0,0,5.0,384,0.0,8.0,8.0,0.0,1.0,0.0,0.0,0.0,0.0
2010,FC,609,Sulprofos,384,0,384,0,0,0,10.0,384,0.0,8.0,8.0,0.0,1.0,0.0,0.0,0.0,0.0
2010,FC,609,Sulprofos,384,0,384,0,0,0,inf,384,0.0,8.0,8.0,0.0,1.0,0.0,0.0,0.0,0.0
2010,FC,612,Deltamethrin (includes parent Tralomethrin),384,0,383,1,0,0,1.0,384,0.030729166666666665,10.004687500000001,9.973958333333334,0.0026041666666666665,1.0,0.0026041666666666665,0.0026041666666666665,0.0,0.0
2010,FC,612,Deltamethrin (includes parent Tralomethrin),384,0,383,1,0,0,2.0,384,0.030729166666666665,10.004687500000001,9.973958333333334,0.0026041666666666665,1.0,0.0026041666666666665,0.0026041666666666665,0.0,0.0
2010,FC,612,Deltamethrin (includes parent Tralomethrin),384,0,383,1,0,0,5.0,384,0.030729166666666665,10.004687500000001,9.973958333333334,0.0026041666666666665,1.0,0.0026041666666666665,0.0026041666666666665,0.0,0.0
2010,FC,612,Deltamethrin (includes parent Tralomethrin),384,0,383,1,0,0,10.0,384,0.030729166666666665,10.004687500000001,9.973958333333334,0.0026041666666666665,1.0,0.0026041666666666665,0.0026041666666666665,0.0,0.0
2010,FC,612,Deltamethrin (includes parent Tralomethrin),384,0,383,1,0,0,inf,384,0.030729166666666665,10.004687500000001,9.973958333333334,0.0026041666666666665,1.0,0.0026041666666666665,0.0026041666666666665,0.0,0.0
2010,FC,621,Tri Allate,384,0,384,0,0,0,1.0,384,0.0,6.0,6.0,0.0,1.0,0.0,0.0,0.0,0.0
2010,FC,621,Tri Allate,384,0,384,0,0,0,2.0,384,0.0,6.0,6.0,0.0,1.0,0.0,0.0,0.0,0.0
2010,FC,621,Tri Allate,384,0,384,0,0,0,5.0,384,0.0,6.0,6.0,0.0,1.0,0.0,0.0,0.0,0.0
2010,FC,621,Tri Allate,384,0,384,0,0,0,10.0,384,0.0,6.0,6.0,0.0,1.0,0.0,0.0,0.0,0.0
2010,FC,621,Tri Allate,384,0,384,0,0,0,inf,384,0.0,6.0,6.0,0.0,1.0,0.0,0.0,0.0,0.0
2010,FC,623,Propargite,363,0,363,0,0,0,1.0,363,0.0,10.0,10.0,0.0,1.0,0.0,0.0,0.0,0.0
2010,FC,623,Propargite,363,0,363,0,0,0,2.0,363,0.0,10.0,10.0,0.0,1.0,0.0,0.0,0.0,0.0
2010,FC,623,Propargite,363,0,363,0,0,0,5.0,363,0.0,10.0,10.0,0.0,1.0,0.0,0.0,0.0,0.0
2010,FC,623,Propargite,363,0,363,0,0,0,10.0,363,0.0,10.0,10.0,0.0,1.0,0.0,0.0,0.0,0.0
2010,FC,623,Propargite,363,0,363,0,0,0,inf,363,0.0,10.0,10.0,0.0,1.0,0.0,0.0,0.0,0.0
2010,FC,624,Tetrahydrophthalimide (THPI),384,0,384,0,0,0,1.0,384,0.0,24.0,24.0,0.0,1.0,0.0,1.0,0.0,1.0
2010,FC,624,Tetrahydrophthalimide (THPI),384,0,384,0,0,0,2.0,384,0.0,24.0,24.0,0.0,1.0,0.0,1.0,0.0,1.0
2010,FC,624,Tetrahydrophthalimide (THPI),384,0,384,0,0,0,5.0,384,0.0,24.0,24.0,0.0,1.0,0.0,1.0,0.0,1.0
2010,FC,624,Tetrahydrophthalimide (THPI),384,0,384,0,0,0,10.0,384,0.0,24.0,24.0,0.0,1.0,0.0,1.0,0.0,1.0
2010,FC,624,Tetrahydrophthalimide (THPI),384,0,384,0,0,0,inf,384,0.0,24.0,24.0,0.0,1.0,0.0,1.0,0.0,1.0
2010,FC,625,Oxadiazon,384,0,381,3,0,0,1.0,384,0.023697916666666666,2.008072916666667,1.9843750000000002,0.0078125,0.0078125,0.0,0.0,0.0,0.0
2010,FC,625,Oxadiazon,384,0,381,3,0,0,2.0,384,0.023697916666666666,2.008072916666667,1.9843750000000002,0.0078125,0.0078125,0.0,0.0,0.0,0.0
2010,FC,625,Oxadiazon,384,0,381,3,0,0,5.0,384,0.023697916666666666,2.008072916666667,1.9843750000000002,0.0078125,0.0078125,0.0,0.0,0.0,0.0
2010,FC,625,Oxadiazon,384,0,381,3,0,0,10.0,384,0.023697916666666666,2.008072916666667,1.9843750000000002,0.0078125,0.0078125,0.0,0.0,0.0,0.0
2010,FC,625,Oxadiazon,384,0,381,3,0,0,inf,384,0.023697916666666666,2.008072916666667,1.9843750000000002,0.0078125,0.0078125,0.0,0.0,0.0,0.0
2010,FC,626,Iprodione,384,0,384,0,0,0,1.0,384,0.0,5.0,5.0,0.0,1.0,0.0,0.0,0.0,0.0
2010,FC,626,Iprodione,384,0,384,0,0,0,2.0,384,0.0,5.0,5.0,0.0,1.0,0.0,0.0,0.0,0.0
2010,FC,626,Iprodione,384,0,384,0,0,0,5.0,384,0.0,5.0,5.0,0.0,1.0,0.0,0.0,0.0,0.0
2010,FC,626,Iprodione,384,0,384,0,0,0,10.0,384,0.0,5.0,5.0,0.0,1.0,0.0,0.0,0.0,0.0
2010,FC,626,Iprodione,384,0,384,0,0,0,inf,384,0.0,5.0,5.0,0.0,1.0,0.0,0.0,0.0,0.0
2010,FC,636,Propetamphos,384,0,383,1,0,0,1.0,384,0.02942708333333333,10.003385416666667,9.973958333333334,0.0026041666666666665,1.0,0.0026041666666666665,0.0026041666666666665,0.0,0.0
2010,FC,636,Propetamphos,384,0,383,1,0,0,2.0,384,0.02942708333333333,10.003385416666667,9.973958333333334,0.0026041666666666665,1.0,0.0026041666666666665,0.0026041666666666665,0.0,0.0
2010,FC,636,Propetamphos,384,0,383,1,0,0,5.0,384,0.02942708333333333,10.003385416666667,9.973958333333334,0.0026041666666666665,1.0,0.0026041666666666665,0.0026041666666666665,0.0,0.0
2010,FC,636,Propetamphos,384,0,383,1,0,0,10.0,384,0.02942708333333333,10.003385416666667,9.973958333333334,0.0026041666666666665,1.0,0.0026041666666666665,0.0026041666666666665,0.0,0.0
2010,FC,636,Propetamphos,384,0,383,1,0,0,inf,384,0.02942708333333333,10.003385416666667,9.973958333333334,0.0026041666666666665,1.0,0.0026041666666666665,0.0026041666666666665,0.0,0.0
2010,FC,651,Diflubenzuron,384,0,384,0,0,0,1.0,384,0.0,13.0,13.0,0.0,1.0,0.0,1.0,0.0,0.0
2010,FC,651,Diflubenzuron,384,0,384,0,0,0,2.0,384,0.0,13.0,13.0,0.0,1.0,0.0,1.0,0.0,0.0
2010,FC,651,Diflubenzuron,384,0,384,0,0,0,5.0,384,0.0,13.0,13.0,0.0,1.0,0.0,1.0,0.0,0.0
2010,FC,651,Diflubenzuron,384,0,384,0,0,0,10.0,384,0.0,13.0,13.0,0.0,1.0,0.0,1.0,0.0,0.0
2010,FC,651,Diflubenzuron,384,0,384,0,0,0,inf,384,0.0,13.0,13.0,0.0,1.0,0.0,1.0,0.0,0.0
2010,FC,668,Chloroxuron,384,0,384,0,0,0,1.0,384,0.0,8.0,8.0,0.0,1.0,0.0,0.0,0.0,0.0
2010,FC,668,Chloroxuron,384,0,384,0,0,0,2.0,384,0.0,8.0,8.0,0.0,1.0,0.0,0.0,0.0,0.0
2010,FC,668,Chloroxuron,384,0,384,0,0,0,5.0,384,0.0,8.0,8.0,0.0,1.0,0.0,0.0,0.0,0.0
2010,FC,668,Chloroxuron,384,0,384,0,0,0,10.0,384,0.0,8.0,8.0,0.0,1.0,0.0,0.0,0.0,0.0
2010,FC,668,Chloroxuron,384,0,384,0,0,0,inf,384,0.0,8.0,8.0,0.0,1.0,0.0,0.0,0.0,0.0
2010,FC,675,Propachlor,384,0,384,0,0,0,1.0,384,0.0,12.0,12.0,0.0,1.0,0.0,1.0,0.0,0.0
2010,FC,675,Propachlor,384,0,384,0,0,0,2.0,384,0.0,12.0,12.0,0.0,1.0,0.0,1.0,0.0,0.0
2010,FC,675,Propachlor,384,0,384,0,0,0,5.0,384,0.0,12.0,12.0,0.0,1.0,0.0,1.0,0.0,0.0
2010,FC,675,Propachlor,384,0,384,0,0,0,10.0,384,0.0,12.0,12.0,0.0,1.0,0.0,1.0,0.0,0.0
2010,FC,675,Propachlor,384,0,384,0,0,0,inf,384,0.0,12.0,12.0,0.0,1.0,0.0,1.0,0.0,0.0
2010,FC,679,Myclobutanil,384,0,384,0,0,0,1.0,384,0.0,10.0,10.0,0.0,1.0,0.0,0.0,0.0,0.0
2010,FC,679,Myclobutanil,384,0,384,0,0,0,2.0,384,0.0,10.0,10.0,0.0,1.0,0.0,0.0,0.0,0.0
2010,FC,679,Myclobutanil,384,0,384,0,0,0,5.0,384,0.0,10.0,10.0,0.0,1.0,0.0,0.0,0.0,0.0
2010,FC,679,Myclobutanil,384,0,384,0,0,0,10.0,384,0.0,10.0,10.0,0.0,1.0,0.0,0.0,0.0,0.0
2010,FC,679,Myclobutanil,384,0,384,0,0,0,inf,384,0.0,10.0,10.0,0.0,1.0,0.0,0.0,0.0,0.0
2010,FC,699,Clofentezine,384,0,384,0,0,0,1.0,384,0.0,6.0,6.0,0.0,1.0,0.0,0.0,0.0,0.0
2010,FC,699,Clofentezine,384,0,384,0,0,0,2.0,384,0.0,6.0,6.0,0.0,1.0,0.0,0.0,0.0,0.0
2010,FC,699,Clofentezine,384,0,384,0,0,0,5.0,384,0.0,6.0,6.0,0.0,1.0,0.0,0.0,0.0,0.0
2010,FC,699,Clofentezine,384,0,384,0,0,0,10.0,384,0.0,6.0,6.0,0.0,1.0,0.0,0.0,0.0,0.0
2010,FC,699,Clofentezine,384,0,384,0,0,0,inf,384,0.0,6.0,6.0,0.0,1.0,0.0,0.0,0.0,0.0
2010,FC,713,Oxyfluorfen,384,384,0,0,0,0,1.0,384,0.0,1.0,1.0,0.0,0.0,0.0,0.0,0.0,0.0
2010,FC,713,Oxyfluorfen,384,384,0,0,0,0,2.0,384,0.0,2.0,2.0,0.0,0.0,0.0,0.0,0.0,0.0
2010,FC,713,Oxyfluorfen,384,384,0,0,0,0,5.0,384,0.0,5.0,5.0,0.0,1.0,0.0,0.0,0.0,0.0
2010,FC,713,Oxyfluorfen,384,384,0,0,0,0,10.0,384,0.0,10.0,10.0,0.0,1.0,0.0,0.0,0.0,0.0
2010,FC,713,Oxyfluorfen,384,384,0,0,0,0,inf,384,0.0,inf,inf,0.0,1.0,0.0,1.0,0.0,1.0
2010,FC,719,Clomazone,384,0,384,0,0,0,1.0,384,0.0,3.0,3.0,0.0,1.0,0.0,0.0,0.0,0.0
2010,FC,719,Clomazone,384,0,384,0,0,0,2.0,384,0.0,3.0,3.0,0.0,1.0,0.0,0.0,0.0,0.0
2010,FC,719,Clomazone,384,0,384,0,0,0,5.0,384,0.0,3.0,3.0,0.0,1.0,0.0,0.0,0.0,0.0
2010,FC,719,Clomazone,384,0,384,0,0,0,10.0,384,0.0,3.0,3.0,0.0,1.0,0.0,0.0,0.0,0.0
2010,FC,719,Clomazone,384,0,384,0,0,0,inf,384,0.0,3.0,3.0,0.0,1.0,0.0,0.0,0.0,0.0
2010,FC,721,Ethalfluralin,384,0,384,0,0,0,1.0,384,0.0,1.0,1.0,0.0,0.0,0.0,0.0,0.0,0.0
2010,FC,721,Ethalfluralin,384,0,384,0,0,0,2.0,384,0.0,1.0,1.0,0.0,0.0,0.0,0.0,0.0,0.0
2010,FC,721,Ethalfluralin,384,0,384,0,0,0,5.0,384,0.0,1.0,1.0,0.0,0.0,0.0,0.0,0.0,0.0
2010,FC,721,Ethalfluralin,384,0,384,0,0,0,10.0,384,0.0,1.0,1.0,0.0,0.0,0.0,0.0,0.0,0.0
2010,FC,721,Ethalfluralin,384,0,384,0,0,0,inf,384,0.0,1.0,1.0,0.0,0.0,0.0,0.0,0.0,0.0
2010,FC,722,Etridiazole,384,0,384,0,0,0,1.0,384,0.0,6.0,6.0,0.0,1.0,0.0,0.0,0.0,0.0
2010,FC,722,Etridiazole,384,0,384,0,0,0,2.0,384,0.0,6.0,6.0,0.0,1.0,0.0,0.0,0.0,0.0
2010,FC,722,Etridiazole,384,0,384,0,0,0,5.0,384,0.0,6.0,6.0,0.0,1.0,0.0,0.0,0.0,0.0
2010,FC,722,Etridiazole,384,0,384,0,0,0,10.0,384,0.0,6.0,6.0,0.0,1.0,0.0,0.0,0.0,0.0
2010,FC,722,Etridiazole,384,0,384,0,0,0,inf,384,0.0,6.0,6.0,0.0,1.0,0.0,0.0,0.0,0.0
2010,FC,726,Thiobencarb,364,0,364,0,0,0,1.0,364,0.0,20.0,20.0,0.0,1.0,0.0,1.0,0.0,0.0
2010,FC,726,Thiobencarb,364,0,364,0,0,0,2.0,364,0.0,20.0,20.0,0.0,1.0,0.0,1.0,0.0,0.0
2010,FC,726,Thiobencarb,364,0,364,0,0,0,5.0,364,0.0,20.0,20.0,0.0,1.0,0.0,1.0,0.0,0.0
2010,FC,726,Thiobencarb,364,0,364,0,0,0,10.0,364,0.0,20.0,20.0,0.0,1.0,0.0,1.0,0.0,0.0
2010,FC,726,Thiobencarb,364,0,364,0,0,0,inf,364,0.0,20.0,20.0,0.0,1.0,0.0,1.0,0.0,0.0
2010,FC,728,Bifenox,344,0,344,0,0,0,1.0,344,0.0,12.0,12.0,0.0,1.0,0.0,1.0,0.0,0.0
2010,FC,728,Bifenox,344,0,344,0,0,0,2.0,344,0.0,12.0,12.0,0.0,1.0,0.0,1.0,0.0,0.0
2010,FC,728,Bifenox,344,0,344,0,0,0,5.0,344,0.0,12.0,12.0,0.0,1.0,0.0,1.0,0.0,0.0
2010,FC,728,Bifenox,344,0,344,0,0,0,10.0,344,0.0,12.0,12.0,0.0,1.0,0.0,1.0,0.0,0.0
2010,FC,728,Bifenox,344,0,344,0,0,0,inf,344,0.0,12.0,12.0,0.0,1.0,0.0,1.0,0.0,0.0
2010,FC,736,Fluridone,384,0,384,0,0,0,1.0,384,0.0,10.0,10.0,0.0,1.0,0.0,0.0,0.0,0.0
2010,FC,736,Fluridone,384,0,384,0,0,0,2.0,384,0.0,10.0,10.0,0.0,1.0,0.0,0.0,0.0,0.0
2010,FC,736,Fluridone,384,0,384,0,0,0,5.0,384,0.0,10.0,10.0,0.0,1.0,0.0,0.0,0.0,0.0
2010,FC,736,Fluridone,384,0,384,0,0,0,10.0,384,0.0,10.0,10.0,0.0,1.0,0.0,0.0,0.0,0.0
2010,FC,736,Fluridone,384,0,384,0,0,0,inf,384,0.0,10.0,10.0,0.0,1.0,0.0,0.0,0.0,0.0
2010,FC,749,Temephos,384,0,384,0,0,0,1.0,384,0.0,4.0,4.0,0.0,1.0,0.0,0.0,0.0,0.0
2010,FC,749,Temephos,384,0,384,0,0,0,2.0,384,0.0,4.0,4.0,0.0,1.0,0.0,0.0,0.0,0.0
2010,FC,749,Temephos,384,0,384,0,0,0,5.0,384,0.0,4.0,4.0,0.0,1.0,0.0,0.0,0.0,0.0
2010,FC,749,Temephos,384,0,384,0,0,0,10.0,384,0.0,4.0,4.0,0.0,1.0,0.0,0.0,0.0,0.0
2010,FC,749,Temephos,384,0,384,0,0,0,inf,384,0.0,4.0,4.0,0.0,1.0,0.0,0.0,0.0,0.0
2010,FC,775,Dinitramine,384,0,384,0,0,0,1.0,384,0.0,1.0,1.0,0.0,0.0,0.0,0.0,0.0,0.0
2010,FC,775,Dinitramine,384,0,384,0,0,0,2.0,384,0.0,1.0,1.0,0.0,0.0,0.0,0.0,0.0,0.0
2010,FC,775,Dinitramine,384,0,384,0,0,0,5.0,384,0.0,1.0,1.0,0.0,0.0,0.0,0.0,0.0,0.0
2010,FC,775,Dinitramine,384,0,384,0,0,0,10.0,384,0.0,1.0,1.0,0.0,0.0,0.0,0.0,0.0,0.0
2010,FC,775,Dinitramine,384,0,384,0,0,0,inf,384,0.0,1.0,1.0,0.0,0.0,0.0,0.0,0.0,0.0
2010,FC,777,Fenoxaprop ethyl,384,0,384,0,0,0,1.0,384,0.0,4.0,4.0,0.0,1.0,0.0,0.0,0.0,0.0
2010,FC,777,Fenoxaprop ethyl,384,0,384,0,0,0,2.0,384,0.0,4.0,4.0,0.0,1.0,0.0,0.0,0.0,0.0
2010,FC,777,Fenoxaprop ethyl,384,0,384,0,0,0,5.0,384,0.0,4.0,4.0,0.0,1.0,0.0,0.0,0.0,0.0
2010,FC,777,Fenoxaprop ethyl,384,0,384,0,0,0,10.0,384,0.0,4.0,4.0,0.0,1.0,0.0,0.0,0.0,0.0
2010,FC,777,Fenoxaprop ethyl,384,0,384,0,0,0,inf,384,0.0,4.0,4.0,0.0,1.0,0.0,0.0,0.0,0.0
2010,FC,780,Tebuthiuron,384,0,384,0,0,0,1.0,384,0.0,2.0,2.0,0.0,0.0,0.0,0.0,0.0,0.0
2010,FC,780,Tebuthiuron,384,0,384,0,0,0,2.0,384,0.0,2.0,2.0,0.0,0.0,0.0,0.0,0.0,0.0
2010,FC,780,Tebuthiuron,384,0,384,0,0,0,5.0,384,0.0,2.0,2.0,0.0,0.0,0.0,0.0,0.0,0.0
2010,FC,780,Tebuthiuron,384,0,384,0,0,0,10.0,384,0.0,2.0,2.0,0.0,0.0,0.0,0.0,0.0,0.0
2010,FC,780,Tebuthiuron,384,0,384,0,0,0,inf,384,0.0,2.0,2.0,0.0,0.0,0.0,0.0,0.0,0.0
2010,FC,781,Cyfluthrin,384,0,384,0,0,0,1.0,384,0.0,1.0,1.0,0.0,0.0,0.0,0.0,0.0,0.0
2010,FC,781,Cyfluthrin,384,0,384,0,0,0,2.0,384,0.0,1.0,1.0,0.0,0.0,0.0,0.0,0.0,0.0
2010,FC,781,Cyfluthrin,384,0,384,0,0,0,5.0,384,0.0,1.0,1.0,0.0,0.0,0.0,0.0,0.0,0.0
2010,FC,781,Cyfluthrin,384,0,384,0,0,0,10.0,384,0.0,1.0,1.0,0.0,0.0,0.0,0.0,0.0,0.0
2010,FC,781,Cyfluthrin,384,0,384,0,0,0,inf,384,0.0,1.0,1.0,0.0,0.0,0.0,0.0,0.0,0.0
2010,FC,783,Butylate,384,0,384,0,0,0,1.0,384,0.0,4.0,4.0,0.0,1.0,0.0,0.0,0.0,0.0
2010,FC,783,Butylate,384,0,384,0,0,0,2.0,384,0.0,4.0,4.0,0.0,1.0,0.0,0.0,0.0,0.0
2010,FC,783,Butylate,384,0,384,0,0,0,5.0,384,0.0,4.0,4.0,0.0,1.0,0.0,0.0,0.0,0.0
2010,FC,783,Butylate,384,0,384,0,0,0,10.0,384,0.0,4.0,4.0,0.0,1.0,0.0,0.0,0.0,0.0
2010,FC,783,Butylate,384,0,384,0,0,0,inf,384,0.0,4.0,4.0,0.0,1.0,0.0,0.0,0.0,0.0
2010,FC,791,Phenmedipham,384,0,384,0,0,0,1.0,384,0.0,13.0,13.0,0.0,1.0,0.0,1.0,0.0,0.0
2010,FC,791,Phenmedipham,384,0,384,0,0,0,2.0,384,0.0,13.0,13.0,0.0,1.0,0.0,1.0,0.0,0.0
2010,FC,791,Phenmedipham,384,0,384,0,0,0,5.0,384,0.0,13.0,13.0,0.0,1.0,0.0,1.0,0.0,0.0
2010,FC,791,Phenmedipham,384,0,384,0,0,0,10.0,384,0.0,13.0,13.0,0.0,1.0,0.0,1.0,0.0,0.0
2010,FC,791,Phenmedipham,384,0,384,0,0,0,inf,384,0.0,13.0,13.0,0.0,1.0,0.0,1.0,0.0,0.0
2010,FC,796,Tridiphane,384,0,384,0,0,0,1.0,384,0.0,12.0,12.0,0.0,1.0,0.0,1.0,0.0,0.0
2010,FC,796,Tridiphane,384,0,384,0,0,0,2.0,384,0.0,12.0,12.0,0.0,1.0,0.0,1.0,0.0,0.0
2010,FC,796,Tridiphane,384,0,384,0,0,0,5.0,384,0.0,12.0,12.0,0.0,1.0,0.0,1.0,0.0,0.0
2010,FC,796,Tridiphane,384,0,384,0,0,0,10.0,384,0.0,12.0,12.0,0.0,1.0,0.0,1.0,0.0,0.0
2010,FC,796,Tridiphane,384,0,384,0,0,0,inf,384,0.0,12.0,12.0,0.0,1.0,0.0,1.0,0.0,0.0
2010,FC,807,Acetochlor,384,0,383,1,0,0,1.0,384,0.022395833333333334,6.006770833333333,5.984375,0.0026041666666666665,1.0,0.0,0.0,0.0,0.0
2010,FC,807,Acetochlor,384,0,383,1,0,0,2.0,384,0.022395833333333334,6.006770833333333,5.984375,0.0026041666666666665,1.0,0.0,0.0,0.0,0.0
2010,FC,807,Acetochlor,384,0,383,1,0,0,5.0,384,0.022395833333333334,6.006770833333333,5.984375,0.0026041666666666665,1.0,0.0,0.0,0.0,0.0
2010,FC,807,Acetochlor,384,0,383,1,0,0,10.0,384,0.022395833333333334,6.006770833333333,5.984375,0.0026041666666666665,1.0,0.0,0.0,0.0,0.0
2010,FC,807,Acetochlor,384,0,383,1,0,0,inf,384,0.022395833333333334,6.006770833333333,5.984375,0.0026041666666666665,1.0,0.0,0.0,0.0,0.0
2010,FC,808,Fenpropathrin,363,0,363,0,0,0,1.0,363,0.0,20.0,20.0,0.0,1.0,0.0,1.0,0.0,0.0
2010,FC,808,Fenpropathrin,363,0,363,0,0,0,2.0,363,0.0,20.0,20.0,0.0,1.0,0.0,1.0,0.0,0.0
2010,FC,808,Fenpropathrin,363,0,363,0,0,0,5.0,363,0.0,20.0,20.0,0.0,1.0,0.0,1.0,0.0,0.0
2010,FC,808,Fenpropathrin,363,0,363,0,0,0,10.0,363,0.0,20.0,20.0,0.0,1.0,0.0,1.0,0.0,0.0
2010,FC,808,Fenpropathrin,363,0,363,0,0,0,inf,363,0.0,20.0,20.0,0.0,1.0,0.0,1.0,0.0,0.0
2010,FC,811,Fenoxycarb,363,0,363,0,0,0,1.0,363,0.0,10.0,10.0,0.0,1.0,0.0,0.0,0.0,0.0
2010,FC,811,Fenoxycarb,363,0,363,0,0,0,2.0,363,0.0,10.0,10.0,0.0,1.0,0.0,0.0,0.0,0.0
2010,FC,811,Fenoxycarb,363,0,363,0,0,0,5.0,363,0.0,10.0,10.0,0.0,1.0,0.0,0.0,0.0,0.0
2010,FC,811,Fenoxycarb,363,0,363,0,0,0,10.0,363,0.0,10.0,10.0,0.0,1.0,0.0,0.0,0.0,0.0
2010,FC,811,Fenoxycarb,363,0,363,0,0,0,inf,363,0.0,10.0,10.0,0.0,1.0,0.0,0.0,0.0,0.0
2010,FC,814,Prodiamine,384,0,384,0,0,0,1.0,384,0.0,3.0,3.0,0.0,1.0,0.0,0.0,0.0,0.0
2010,FC,814,Prodiamine,384,0,384,0,0,0,2.0,384,0.0,3.0,3.0,0.0,1.0,0.0,0.0,0.0,0.0
2010,FC,814,Prodiamine,384,0,384,0,0,0,5.0,384,0.0,3.0,3.0,0.0,1.0,0.0,0.0,0.0,0.0
2010,FC,814,Prodiamine,384,0,384,0,0,0,10.0,384,0.0,3.0,3.0,0.0,1.0,0.0,0.0,0.0,0.0
2010,FC,814,Prodiamine,384,0,384,0,0,0,inf,384,0.0,3.0,3.0,0.0,1.0,0.0,0.0,0.0,0.0
2010,FC,834,Flumetralin,384,0,384,0,0,0,1.0,384,0.0,1.0,1.0,0.0,0.0,0.0,0.0,0.0,0.0
2010,FC,834,Flumetralin,384,0,384,0,0,0,2.0,384,0.0,1.0,1.0,0.0,0.0,0.0,0.0,0.0,0.0
2010,FC,834,Flumetralin,384,0,384,0,0,0,5.0,384,0.0,1.0,1.0,0.0,0.0,0.0,0.0,0.0,0.0
2010,FC,834,Flumetralin,384,0,384,0,0,0,10.0,384,0.0,1.0,1.0,0.0,0.0,0.0,0.0,0.0,0.0
2010,FC,834,Flumetralin,384,0,384,0,0,0,inf,384,0.0,1.0,1.0,0.0,0.0,0.0,0.0,0.0,0.0
2010,FC,848,Phenothrin,324,0,324,0,0,0,1.0,324,0.0,12.0,12.0,0.0,1.0,0.0,1.0,0.0,0.0
2010,FC,848,Phenothrin,324,0,324,0,0,0,2.0,324,0.0,12.0,12.0,0.0,1.0,0.0,1.0,0.0,0.0
2010,FC,848,Phenothrin,324,0,324,0,0,0,5.0,324,0.0,12.0,12.0,0.0,1.0,0.0,1.0,0.0,0.0
2010,FC,848,Phenothrin,324,0,324,0,0,0,10.0,324,0.0,12.0,12.0,0.0,1.0,0.0,1.0,0.0,0.0
2010,FC,848,Phenothrin,324,0,324,0,0,0,inf,324,0.0,12.0,12.0,0.0,1.0,0.0,1.0,0.0,0.0
2010,FC,900,Endosulfan I,384,0,383,1,0,0,1.0,384,0.0031249999999999997,1.0005208333333333,0.9973958333333333,0.0,0.0,0.0,0.0,0.0,0.0
2010,FC,900,Endosulfan I,384,0,383,1,0,0,2.0,384,0.0031249999999999997,1.0005208333333333,0.9973958333333333,0.0,0.0,0.0,0.0,0.0,0.0
2010,FC,900,Endosulfan I,384,0,383,1,0,0,5.0,384,0.0031249999999999997,1.0005208333333333,0.9973958333333333,0.0,0.0,0.0,0.0,0.0,0.0
2010,FC,900,Endosulfan I,384,0,383,1,0,0,10.0,384,0.0031249999999999997,1.0005208333333333,0.9973958333333333,0.0,0.0,0.0,0.0,0.0,0.0
2010,FC,900,Endosulfan I,384,0,383,1,0,0,inf,384,0.0031249999999999997,1.0005208333333333,0.9973958333333333,0.0,0.0,0.0,0.0,0.0,0.0
2010,FC,901,Endosulfan II,384,0,384,0,0,0,1.0,384,0.0,1.0,1.0,0.0,0.0,0.0,0.0,0.0,0.0
2010,FC,901,Endosulfan II,384,0,384,0,0,0,2.0,384,0.0,1.0,1.0,0.0,0.0,0.0,0.0,0.0,0.0
2010,FC,901,Endosulfan II,384,0,384,0,0,0,5.0,384,0.0,1.0,1.0,0.0,0.0,0.0,0.0,0.0,0.0
2010,FC,901,Endosulfan II,384,0,384,0,0,0,10.0,384,0.0,1.0,1.0,0.0,0.0,0.0,0.0,0.0,0.0
2010,FC,901,Endosulfan II,384,0,384,0,0,0,inf,384,0.0,1.0,1.0,0.0,0.0,0.0,0.0,0.0,0.0
2010,FC,902,Endosulfan sulfate,384,0,354,30,0,0,1.0,384,0.41901041666666666,1.3408854166666666,0.921875,0.0390625,0.0390625,0.013020833333333334,0.013020833333333334,0.0078125,0.0078125
2010,FC,902,Endosulfan sulfate,384,0,354,30,0,0,2.0,384,0.41901041666666666,1.3408854166666666,0.921875,0.0390625,0.0390625,0.013020833333333334,0.013020833333333334,0.0078125,0.0078125
2010,FC,902,Endosulfan sulfate,384,0,354,30,0,0,5.0,384,0.41901041666666666,1.3408854166666666,0.921875,0.0390625,0.0390625,0.013020833333333334,0.013020833333333334,0.0078125,0.0078125
2010,FC,902,Endosulfan sulfate,384,0,354,30,0,0,10.0,384,0.41901041666666666,1.3408854166666666,0.921875,0.0390625,0.0390625,0.013020833333333334,0.013020833333333334,0.0078125,0.0078125
2010,FC,902,Endosulfan sulfate,384,0,354,30,0,0,inf,384,0.41901041666666666,1.3408854166666666,0.921875,0.0390625,0.0390625,0.013020833333333334,0.013020833333333334,0.0078125,0.0078125
2010,FC,903,BHC alpha,384,0,375,9,0,0,1.0,384,0.09479166666666666,1.0713541666666666,0.9765625,0.013020833333333334,0.013020833333333334,0.0,0.0,0.0,0.0
2010,FC,903,BHC alpha,384,0,375,9,0,0,2.0,384,0.09479166666666666,1.0713541666666666,0.9765625,0.013020833333333334,0.013020833333333334,0.0,0.0,0.0,0.0
2010,FC,903,BHC alpha,384,0,375,9,0,0,5.0,384,0.09479166666666666,1.0713541666666666,0.9765625,0.013020833333333334,0.013020833333333334,0.0,0.0,0.0,0.0
2010,FC,903,BHC alpha,384,0,375,9,0,0,10.0,384,0.09479166666666666,1.0713541666666666,0.9765625,0.013020833333333334,0.013020833333333334,0.0,0.0,0.0,0.0
2010,FC,903,BHC alpha,384,0,375,9,0,0,inf,384,0.09479166666666666,1.0713541666666666,0.9765625,0.013020833333333334,0.013020833333333334,0.0,0.0,0.0,0.0
2010,FC,904,BHC beta,384,0,383,1,0,0,1.0,384,0.01875,5.005729166666667,4.986979166666667,0.0026041666666666665,1.0,0.0,0.0,0.0,0.0
2010,FC,904,BHC beta,384,0,383,1,0,0,2.0,384,0.01875,5.005729166666667,4.986979166666667,0.0026041666666666665,1.0,0.0,0.0,0.0,0.0
2010,FC,904,BHC beta,384,0,383,1,0,0,5.0,384,0.01875,5.005729166666667,4.986979166666667,0.0026041666666666665,1.0,0.0,0.0,0.0,0.0
2010,FC,904,BHC beta,384,0,383,1,0,0,10.0,384,0.01875,5.005729166666667,4.986979166666667,0.0026041666666666665,1.0,0.0,0.0,0.0,0.0
2010,FC,904,BHC beta,384,0,383,1,0,0,inf,384,0.01875,5.005729166666667,4.986979166666667,0.0026041666666666665,1.0,0.0,0.0,0.0,0.0
2010,FC,905,BHC delta,384,0,380,4,0,0,1.0,384,0.049479166666666664,1.0390625,0.9895833333333334,0.010416666666666666,0.010416666666666666,0.0,0.0,0.0,0.0
2010,FC,905,BHC delta,384,0,380,4,0,0,2.0,384,0.049479166666666664,1.0390625,0.9895833333333334,0.010416666666666666,0.010416666666666666,0.0,0.0,0.0,0.0
2010,FC,905,BHC delta,384,0,380,4,0,0,5.0,384,0.049479166666666664,1.0390625,0.9895833333333334,0.010416666666666666,0.010416666666666666,0.0,0.0,0.0,0.0
2010,FC,905,BHC delta,384,0,380,4,0,0,10.0,384,0.049479166666666664,1.0390625,0.9895833333333334,0.010416666666666666,0.010416666666666666,0.0,0.0,0.0,0.0
2010,FC,905,BHC delta,384,0,380,4,0,0,inf,384,0.049479166666666664,1.0390625,0.9895833333333334,0.010416666666666666,0.010416666666666666,0.0,0.0,0.0,0.0
2010,FC,906,"DDT p,p'",324,0,324,0,0,0,1.0,324,0.0,4.0,4.0,0.0,1.0,0.0,0.0,0.0,0.0
2010,FC,906,"DDT p,p'",324,0,324,0,0,0,2.0,324,0.0,4.0,4.0,0.0,1.0,0.0,0.0,0.0,0.0
2010,FC,906,"DDT p,p'",324,0,324,0,0,0,5.0,324,0.0,4.0,4.0,0.0,1.0,0.0,0.0,0.0,0.0
2010,FC,906,"DDT p,p'",324,0,324,0,0,0,10.0,324,0.0,4.0,4.0,0.0,1.0,0.0,0.0,0.0,0.0
2010,FC,906,"DDT p,p'",324,0,324,0,0,0,inf,324,0.0,4.0,4.0,0.0,1.0,0.0,0.0,0.0,0.0
2010,FC,908,"DDD p,p'",384,0,280,104,0,0,1.0,384,5.513541666666666,6.971875,1.458333333333334,0.2708333333333333,0.2708333333333333,0.11458333333333333,0.11458333333333333,0.06770833333333333,0.06770833333333333
2010,FC,908,"DDD p,p'",384,0,280,104,0,0,2.0,384,5.513541666666666,6.971875,1.458333333333334,0.2708333333333333,0.2708333333333333,0.11458333333333333,0.11458333333333333,0.06770833333333333,0.06770833333333333
2010,FC,908,"DDD p,p'",384,0,280,104,0,0,5.0,384,5.513541666666666,6.971875,1.458333333333334,0.2708333333333333,0.2708333333333333,0.11458333333333333,0.11458333333333333,0.06770833333333333,0.06770833333333333
2010,FC,908,"DDD p,p'",384,0,280,104,0,0,10.0,384,5.513541666666666,6.971875,1.458333333333334,0.2708333333333333,0.2708333333333333,0.11458333333333333,0.11458333333333333,0.06770833333333333,0.06770833333333333
2010,FC,908,"DDD p,p'",384,0,280,104,0,0,inf,384,5.513541666666666,6.971875,1.458333333333334,0.2708333333333333,0.2708333333333333,0.11458333333333333,0.11458333333333333,0.06770833333333333,0.06770833333333333
2010,FC,909,"DDD o,p'",244,0,243,1,0,0,1.0,244,0.24918032786885244,2.2409836065573767,1.9918032786885242,0.004098360655737705,0.004098360655737705,0.004098360655737705,0.004098360655737705,0.004098360655737705,0.004098360655737705
2010,FC,909,"DDD o,p'",244,0,243,1,0,0,2.0,244,0.24918032786885244,2.2409836065573767,1.9918032786885242,0.004098360655737705,0.004098360655737705,0.004098360655737705,0.004098360655737705,0.004098360655737705,0.004098360655737705
2010,FC,909,"DDD o,p'",244,0,243,1,0,0,5.0,244,0.24918032786885244,2.2409836065573767,1.9918032786885242,0.004098360655737705,0.004098360655737705,0.004098360655737705,0.004098360655737705,0.004098360655737705,0.004098360655737705
2010,FC,909,"DDD o,p'",244,0,243,1,0,0,10.0,244,0.24918032786885244,2.2409836065573767,1.9918032786885242,0.004098360655737705,0.004098360655737705,0.004098360655737705,0.004098360655737705,0.004098360655737705,0.004098360655737705
2010,FC,909,"DDD o,p'",244,0,243,1,0,0,inf,244,0.24918032786885244,2.2409836065573767,1.9918032786885242,0.004098360655737705,0.004098360655737705,0.004098360655737705,0.004098360655737705,0.004098360655737705,0.004098360655737705
2010,FC,910,"DDE p,p'",384,0,131,253,0,0,1.0,384,23.742708333333336,24.425,0.6822916666666643,0.65625,0.65625,0.3125,0.3125,0.18489583333333334,0.18489583333333334
2010,FC,910,"DDE p,p'",384,0,131,253,0,0,2.0,384,23.742708333333336,24.425,0.6822916666666643,0.65625,0.65625,0.3125,0.3125,0.18489583333333334,0.18489583333333334
2010,FC,910,"DDE p,p'",384,0,131,253,0,0,5.0,384,23.742708333333336,24.425,0.6822916666666643,0.65625,0.65625,0.3125,0.3125,0.18489583333333334,0.18489583333333334
2010,FC,910,"DDE p,p'",384,0,131,253,0,0,10.0,384,23.742708333333336,24.425,0.6822916666666643,0.65625,0.65625,0.3125,0.3125,0.18489583333333334,0.18489583333333334
2010,FC,910,"DDE p,p'",384,0,131,253,0,0,inf,384,23.742708333333336,24.425,0.6822916666666643,0.65625,0.65625,0.3125,0.3125,0.18489583333333334,0.18489583333333334
2010,FC,911,"DDE o,p'",384,0,380,4,0,0,1.0,384,0.029427083333333336,2.0085937499999997,1.9791666666666663,0.010416666666666666,0.010416666666666666,0.0,0.0,0.0,0.0
2010,FC,911,"DDE o,p'",384,0,380,4,0,0,2.0,384,0.029427083333333336,2.0085937499999997,1.9791666666666663,0.010416666666666666,0.010416666666666666,0.0,0.0,0.0,0.0
2010,FC,911,"DDE o,p'",384,0,380,4,0,0,5.0,384,0.029427083333333336,2.0085937499999997,1.9791666666666663,0.010416666666666666,0.010416666666666666,0.0,0.0,0.0,0.0
2010,FC,911,"DDE o,p'",384,0,380,4,0,0,10.0,384,0.029427083333333336,2.0085937499999997,1.9791666666666663,0.010416666666666666,0.010416666666666666,0.0,0.0,0.0,0.0
2010,FC,911,"DDE o,p'",384,0,380,4,0,0,inf,384,0.029427083333333336,2.0085937499999997,1.9791666666666663,0.010416666666666666,0.010416666666666666,0.0,0.0,0.0,0.0
2010,FC,930,Bifenthrin,384,0,254,130,0,0,1.0,384,1.06640625,1.7278645833333333,0.6614583333333333,0.2109375,0.2109375,0.0026041666666666665,0.0026041666666666665,0.0026041666666666665,0.0026041666666666665
2010,FC,930,Bifenthrin,384,0,254,130,0,0,2.0,384,1.06640625,1.7278645833333333,0.6614583333333333,0.2109375,0.2109375,0.0026041666666666665,0.0026041666666666665,0.0026041666666666665,0.0026041666666666665
2010,FC,930,Bifenthrin,384,0,254,130,0,0,5.0,384,1.06640625,1.7278645833333333,0.6614583333333333,0.2109375,0.2109375,0.0026041666666666665,0.0026041666666666665,0.0026041666666666665,0.0026041666666666665
2010,FC,930,Bifenthrin,384,0,254,130,0,0,10.0,384,1.06640625,1.7278645833333333,0.6614583333333333,0.2109375,0.2109375,0.0026041666666666665,0.0026041666666666665,0.0026041666666666665,0.0026041666666666665
2010,FC,930,Bifenthrin,384,0,254,130,0,0,inf,384,1.06640625,1.7278645833333333,0.6614583333333333,0.2109375,0.2109375,0.0026041666666666665,0.0026041666666666665,0.0026041666666666665,0.0026041666666666665
2010,FC,943,Thiodicarb,384,0,384,0,0,0,1.0,384,0.0,50.0,50.0,0.0,1.0,0.0,1.0,0.0,1.0
2010,FC,943,Thiodicarb,384,0,384,0,0,0,2.0,384,0.0,50.0,50.0,0.0,1.0,0.0,1.0,0.0,1.0
2010,FC,943,Thiodicarb,384,0,384,0,0,0,5.0,384,0.0,50.0,50.0,0.0,1.0,0.0,1.0,0.0,1.0
2010,FC,943,Thiodicarb,384,0,384,0,0,0,10.0,384,0.0,50.0,50.0,0.0,1.0,0.0,1.0,0.0,1.0
2010,FC,943,Thiodicarb,384,0,384,0,0,0,inf,384,0.0,50.0,50.0,0.0,1.0,0.0,1.0,0.0,1.0
2010,FC,945,Ethofumesate,384,0,384,0,0,0,1.0,384,0.0,4.0,4.0,0.0,1.0,0.0,0.0,0.0,0.0
2010,FC,945,Ethofumesate,384,0,384,0,0,0,2.0,384,0.0,4.0,4.0,0.0,1.0,0.0,0.0,0.0,0.0
2010,FC,945,Ethofumesate,384,0,384,0,0,0,5.0,384,0.0,4.0,4.0,0.0,1.0,0.0,0.0,0.0,0.0
2010,FC,945,Ethofumesate,384,0,384,0,0,0,10.0,384,0.0,4.0,4.0,0.0,1.0,0.0,0.0,0.0,0.0
2010,FC,945,Ethofumesate,384,0,384,0,0,0,inf,384,0.0,4.0,4.0,0.0,1.0,0.0,0.0,0.0,0.0
2010,FC,946,Isopropalin,384,0,384,0,0,0,1.0,384,0.0,10.0,10.0,0.0,1.0,0.0,0.0,0.0,0.0
2010,FC,946,Isopropalin,384,0,384,0,0,0,2.0,384,0.0,10.0,10.0,0.0,1.0,0.0,0.0,0.0,0.0
2010,FC,946,Isopropalin,384,0,384,0,0,0,5.0,384,0.0,10.0,10.0,0.0,1.0,0.0,0.0,0.0,0.0
2010,FC,946,Isopropalin,384,0,384,0,0,0,10.0,384,0.0,10.0,10.0,0.0,1.0,0.0,0.0,0.0,0.0
2010,FC,946,Isopropalin,384,0,384,0,0,0,inf,384,0.0,10.0,10.0,0.0,1.0,0.0,0.0,0.0,0.0
2010,FC,947,Tetramethrin,384,0,384,0,0,0,1.0,384,0.0,3.0,3.0,0.0,1.0,0.0,0.0,0.0,0.0
2010,FC,947,Tetramethrin,384,0,384,0,0,0,2.0,384,0.0,3.0,3.0,0.0,1.0,0.0,0.0,0.0,0.0
2010,FC,947,Tetramethrin,384,0,384,0,0,0,5.0,384,0.0,3.0,3.0,0.0,1.0,0.0,0.0,0.0,0.0
2010,FC,947,Tetramethrin,384,0,384,0,0,0,10.0,384,0.0,3.0,3.0,0.0,1.0,0.0,0.0,0.0,0.0
2010,FC,947,Tetramethrin,384,0,384,0,0,0,inf,384,0.0,3.0,3.0,0.0,1.0,0.0,0.0,0.0,0.0
2010,FC,960,Butralin,384,0,384,0,0,0,1.0,384,0.0,6.0,6.0,0.0,1.0,0.0,0.0,0.0,0.0
2010,FC,960,Butralin,384,0,384,0,0,0,2.0,384,0.0,6.0,6.0,0.0,1.0,0.0,0.0,0.0,0.0
2010,FC,960,Butralin,384,0,384,0,0,0,5.0,384,0.0,6.0,6.0,0.0,1.0,0.0,0.0,0.0,0.0
2010,FC,960,Butralin,384,0,384,0,0,0,10.0,384,0.0,6.0,6.0,0.0,1.0,0.0,0.0,0.0,0.0
2010,FC,960,Butralin,384,0,384,0,0,0,inf,384,0.0,6.0,6.0,0.0,1.0,0.0,0.0,0.0,0.0
2010,FC,967,Imidacloprid,384,0,384,0,0,0,1.0,384,0.0,10.0,10.0,0.0,1.0,0.0,0.0,0.0,0.0
2010,FC,967,Imidacloprid,384,0,384,0,0,0,2.0,384,0.0,10.0,10.0,0.0,1.0,0.0,0.0,0.0,0.0
2010,FC,967,Imidacloprid,384,0,384,0,0,0,5.0,384,0.0,10.0,10.0,0.0,1.0,0.0,0.0,0.0,0.0
2010,FC,967,Imidacloprid,384,0,384,0,0,0,10.0,384,0.0,10.0,10.0,0.0,1.0,0.0,0.0,0.0,0.0
2010,FC,967,Imidacloprid,384,0,384,0,0,0,inf,384,0.0,10.0,10.0,0.0,1.0,0.0,0.0,0.0,0.0
2010,FC,A15,Chlorethoxyfos,384,0,384,0,0,0,1.0,384,0.0,1.0,1.0,0.0,0.0,0.0,0.0,0.0,0.0
2010,FC,A15,Chlorethoxyfos,384,0,384,0,0,0,2.0,384,0.0,1.0,1.0,0.0,0.0,0.0,0.0,0.0,0.0
2010,FC,A15,Chlorethoxyfos,384,0,384,0,0,0,5.0,384,0.0,1.0,1.0,0.0,0.0,0.0,0.0,0.0,0.0
2010,FC,A15,Chlorethoxyfos,384,0,384,0,0,0,10.0,384,0.0,1.0,1.0,0.0,0.0,0.0,0.0,0.0,0.0
2010,FC,A15,Chlorethoxyfos,384,0,384,0,0,0,inf,384,0.0,1.0,1.0,0.0,0.0,0.0,0.0,0.0,0.0
2010,FC,A30,Fenbuconazole,384,0,384,0,0,0,1.0,384,0.0,4.0,4.0,0.0,1.0,0.0,0.0,0.0,0.0
2010,FC,A30,Fenbuconazole,384,0,384,0,0,0,2.0,384,0.0,4.0,4.0,0.0,1.0,0.0,0.0,0.0,0.0
2010,FC,A30,Fenbuconazole,384,0,384,0,0,0,5.0,384,0.0,4.0,4.0,0.0,1.0,0.0,0.0,0.0,0.0
2010,FC,A30,Fenbuconazole,384,0,384,0,0,0,10.0,384,0.0,4.0,4.0,0.0,1.0,0.0,0.0,0.0,0.0
2010,FC,A30,Fenbuconazole,384,0,384,0,0,0,inf,384,0.0,4.0,4.0,0.0,1.0,0.0,0.0,0.0,0.0
2010,FC,A38,Lactofen,364,0,364,0,0,0,1.0,364,0.0,6.0,6.0,0.0,1.0,0.0,0.0,0.0,0.0
2010,FC,A38,Lactofen,364,0,364,0,0,0,2.0,364,0.0,6.0,6.0,0.0,1.0,0.0,0.0,0.0,0.0
2010,FC,A38,Lactofen,364,0,364,0,0,0,5.0,364,0.0,6.0,6.0,0.0,1.0,0.0,0.0,0.0,0.0
2010,FC,A38,Lactofen,364,0,364,0,0,0,10.0,364,0.0,6.0,6.0,0.0,1.0,0.0,0.0,0.0,0.0
2010,FC,A38,Lactofen,364,0,364,0,0,0,inf,364,0.0,6.0,6.0,0.0,1.0,0.0,0.0,0.0,0.0
2010,FC,A47,Oxamyl oxime,384,0,384,0,0,0,1.0,384,0.0,16.0,16.0,0.0,1.0,0.0,1.0,0.0,0.0
2010,FC,A47,Oxamyl oxime,384,0,384,0,0,0,2.0,384,0.0,16.0,16.0,0.0,1.0,0.0,1.0,0.0,0.0
2010,FC,A47,Oxamyl oxime,384,0,384,0,0,0,5.0,384,0.0,16.0,16.0,0.0,1.0,0.0,1.0,0.0,0.0
2010,FC,A47,Oxamyl oxime,384,0,384,0,0,0,10.0,384,0.0,16.0,16.0,0.0,1.0,0.0,1.0,0.0,0.0
2010,FC,A47,Oxamyl oxime,384,0,384,0,0,0,inf,384,0.0,16.0,16.0,0.0,1.0,0.0,1.0,0.0,0.0
2010,FC,A59,Tebupirimfos,384,0,384,0,0,0,1.0,384,0.0,3.0,3.0,0.0,1.0,0.0,0.0,0.0,0.0
2010,FC,A59,Tebupirimfos,384,0,384,0,0,0,2.0,384,0.0,3.0,3.0,0.0,1.0,0.0,0.0,0.0,0.0
2010,FC,A59,Tebupirimfos,384,0,384,0,0,0,5.0,384,0.0,3.0,3.0,0.0,1.0,0.0,0.0,0.0,0.0
2010,FC,A59,Tebupirimfos,384,0,384,0,0,0,10.0,384,0.0,3.0,3.0,0.0,1.0,0.0,0.0,0.0,0.0
2010,FC,A59,Tebupirimfos,384,0,384,0,0,0,inf,384,0.0,3.0,3.0,0.0,1.0,0.0,0.0,0.0,0.0
2010,FC,A82,Fipronil,384,0,384,0,0,0,1.0,384,0.0,9.0,9.0,0.0,1.0,0.0,0.0,0.0,0.0
2010,FC,A82,Fipronil,384,0,384,0,0,0,2.0,384,0.0,9.0,9.0,0.0,1.0,0.0,0.0,0.0,0.0
2010,FC,A82,Fipronil,384,0,384,0,0,0,5.0,384,0.0,9.0,9.0,0.0,1.0,0.0,0.0,0.0,0.0
2010,FC,A82,Fipronil,384,0,384,0,0,0,10.0,384,0.0,9.0,9.0,0.0,1.0,0.0,0.0,0.0,0.0
2010,FC,A82,Fipronil,384,0,384,0,0,0,inf,384,0.0,9.0,9.0,0.0,1.0,0.0,0.0,0.0,0.0
2010,FC,AAV,Flumiclorac pentyl,384,0,384,0,0,0,1.0,384,0.0,6.0,6.0,0.0,1.0,0.0,0.0,0.0,0.0
2010,FC,AAV,Flumiclorac pentyl,384,0,384,0,0,0,2.0,384,0.0,6.0,6.0,0.0,1.0,0.0,0.0,0.0,0.0
2010,FC,AAV,Flumiclorac pentyl,384,0,384,0,0,0,5.0,384,0.0,6.0,6.0,0.0,1.0,0.0,0.0,0.0,0.0
2010,FC,AAV,Flumiclorac pentyl,384,0,384,0,0,0,10.0,384,0.0,6.0,6.0,0.0,1.0,0.0,0.0,0.0,0.0
2010,FC,AAV,Flumiclorac pentyl,384,0,384,0,0,0,inf,384,0.0,6.0,6.0,0.0,1.0,0.0,0.0,0.0,0.0
2010,FC,ABG,Tebufenozide,384,0,384,0,0,0,1.0,384,0.0,25.0,25.0,0.0,1.0,0.0,1.0,0.0,1.0
2010,FC,ABG,Tebufenozide,384,0,384,0,0,0,2.0,384,0.0,25.0,25.0,0.0,1.0,0.0,1.0,0.0,1.0
2010,FC,ABG,Tebufenozide,384,0,384,0,0,0,5.0,384,0.0,25.0,25.0,0.0,1.0,0.0,1.0,0.0,1.0
2010,FC,ABG,Tebufenozide,384,0,384,0,0,0,10.0,384,0.0,25.0,25.0,0.0,1.0,0.0,1.0,0.0,1.0
2010,FC,ABG,Tebufenozide,384,0,384,0,0,0,inf,384,0.0,25.0,25.0,0.0,1.0,0.0,1.0,0.0,1.0
2010,FC,ADC,Prallethrin,384,0,384,0,0,0,1.0,384,0.0,2.0,2.0,0.0,0.0,0.0,0.0,0.0,0.0
2010,FC,ADC,Prallethrin,384,0,384,0,0,0,2.0,384,0.0,2.0,2.0,0.0,0.0,0.0,0.0,0.0,0.0
2010,FC,ADC,Prallethrin,384,0,384,0,0,0,5.0,384,0.0,2.0,2.0,0.0,0.0,0.0,0.0,0.0,0.0
2010,FC,ADC,Prallethrin,384,0,384,0,0,0,10.0,384,0.0,2.0,2.0,0.0,0.0,0.0,0.0,0.0,0.0
2010,FC,ADC,Prallethrin,384,0,384,0,0,0,inf,384,0.0,2.0,2.0,0.0,0.0,0.0,0.0,0.0,0.0
2010,FC,ADD,Dimethenamid,384,0,384,0,0,0,1.0,384,0.0,6.0,6.0,0.0,1.0,0.0,0.0,0.0,0.0
2010,FC,ADD,Dimethenamid,384,0,384,0,0,0,2.0,384,0.0,6.0,6.0,0.0,1.0,0.0,0.0,0.0,0.0
2010,FC,ADD,Dimethenamid,384,0,384,0,0,0,5.0,384,0.0,6.0,6.0,0.0,1.0,0.0,0.0,0.0,0.0
2010,FC,ADD,Dimethenamid,384,0,384,0,0,0,10.0,384,0.0,6.0,6.0,0.0,1.0,0.0,0.0,0.0,0.0
2010,FC,ADD,Dimethenamid,384,0,384,0,0,0,inf,384,0.0,6.0,6.0,0.0,1.0,0.0,0.0,0.0,0.0
2010,FC,ADE,Esfenvalerate+Fenvalerate Total,384,0,380,4,0,0,1.0,384,0.08411458333333333,1.0736979166666667,0.9895833333333334,0.0078125,0.0078125,0.0026041666666666665,0.0026041666666666665,0.0026041666666666665,0.0026041666666666665
2010,FC,ADE,Esfenvalerate+Fenvalerate Total,384,0,380,4,0,0,2.0,384,0.08411458333333333,1.0736979166666667,0.9895833333333334,0.0078125,0.0078125,0.0026041666666666665,0.0026041666666666665,0.0026041666666666665,0.0026041666666666665
2010,FC,ADE,Esfenvalerate+Fenvalerate Total,384,0,380,4,0,0,5.0,384,0.08411458333333333,1.0736979166666667,0.9895833333333334,0.0078125,0.0078125,0.0026041666666666665,0.0026041666666666665,0.0026041666666666665,0.0026041666666666665
2010,FC,ADE,Esfenvalerate+Fenvalerate Total,384,0,380,4,0,0,10.0,384,0.08411458333333333,1.0736979166666667,0.9895833333333334,0.0078125,0.0078125,0.0026041666666666665,0.0026041666666666665,0.0026041666666666665,0.0026041666666666665
2010,FC,ADE,Esfenvalerate+Fenvalerate Total,384,0,380,4,0,0,inf,384,0.08411458333333333,1.0736979166666667,0.9895833333333334,0.0078125,0.0078125,0.0026041666666666665,0.0026041666666666665,0.0026041666666666665,0.0026041666666666665
2010,FC,ADG,Indoxacarb,384,0,384,0,0,0,1.0,384,0.0,13.0,13.0,0.0,1.0,0.0,1.0,0.0,0.0
2010,FC,ADG,Indoxacarb,384,0,384,0,0,0,2.0,384,0.0,13.0,13.0,0.0,1.0,0.0,1.0,0.0,0.0
2010,FC,ADG,Indoxacarb,384,0,384,0,0,0,5.0,384,0.0,13.0,13.0,0.0,1.0,0.0,1.0,0.0,0.0
2010,FC,ADG,Indoxacarb,384,0,384,0,0,0,10.0,384,0.0,13.0,13.0,0.0,1.0,0.0,1.0,0.0,0.0
2010,FC,ADG,Indoxacarb,384,0,384,0,0,0,inf,384,0.0,13.0,13.0,0.0,1.0,0.0,1.0,0.0,0.0
2010,FC,ADH,Cyphenothrin,384,0,383,1,0,0,1.0,384,0.265625,20.213541666666668,19.947916666666668,0.0026041666666666665,1.0,0.0026041666666666665,1.0,0.0026041666666666665,0.0026041666666666665
2010,FC,ADH,Cyphenothrin,384,0,383,1,0,0,2.0,384,0.265625,20.213541666666668,19.947916666666668,0.0026041666666666665,1.0,0.0026041666666666665,1.0,0.0026041666666666665,0.0026041666666666665
2010,FC,ADH,Cyphenothrin,384,0,383,1,0,0,5.0,384,0.265625,20.213541666666668,19.947916666666668,0.0026041666666666665,1.0,0.0026041666666666665,1.0,0.0026041666666666665,0.0026041666666666665
2010,FC,ADH,Cyphenothrin,384,0,383,1,0,0,10.0,384,0.265625,20.213541666666668,19.947916666666668,0.0026041666666666665,1.0,0.0026041666666666665,1.0,0.0026041666666666665,0.0026041666666666665
2010,FC,ADH,Cyphenothrin,384,0,383,1,0,0,inf,384,0.265625,20.213541666666668,19.947916666666668,0.0026041666666666665,1.0,0.0026041666666666665,1.0,0.0026041666666666665,0.0026041666666666665
2010,FC,ADJ,Fluroxypyr 1-methylheptyl ester,384,0,384,0,0,0,1.0,384,0.0,1.0,1.0,0.0,0.0,0.0,0.0,0.0,0.0
2010,FC,ADJ,Fluroxypyr 1-methylheptyl ester,384,0,384,0,0,0,2.0,384,0.0,1.0,1.0,0.0,0.0,0.0,0.0,0.0,0.0
2010,FC,ADJ,Fluroxypyr 1-methylheptyl ester,384,0,384,0,0,0,5.0,384,0.0,1.0,1.0,0.0,0.0,0.0,0.0,0.0,0.0
2010,FC,ADJ,Fluroxypyr 1-methylheptyl ester,384,0,384,0,0,0,10.0,384,0.0,1.0,1.0,0.0,0.0,0.0,0.0,0.0,0.0
2010,FC,ADJ,Fluroxypyr 1-methylheptyl ester,384,0,384,0,0,0,inf,384,0.0,1.0,1.0,0.0,0.0,0.0,0.0,0.0,0.0
2010,FC,ADK,Imiprothrin,363,0,363,0,0,0,1.0,363,0.0,30.0,30.0,0.0,1.0,0.0,1.0,0.0,1.0
2010,FC,ADK,Imiprothrin,363,0,363,0,0,0,2.0,363,0.0,30.0,30.0,0.0,1.0,0.0,1.0,0.0,1.0
2010,FC,ADK,Imiprothrin,363,0,363,0,0,0,5.0,363,0.0,30.0,30.0,0.0,1.0,0.0,1.0,0.0,1.0
2010,FC,ADK,Imiprothrin,363,0,363,0,0,0,10.0,363,0.0,30.0,30.0,0.0,1.0,0.0,1.0,0.0,1.0
2010,FC,ADK,Imiprothrin,363,0,363,0,0,0,inf,363,0.0,30.0,30.0,0.0,1.0,0.0,1.0,0.0,1.0
2010,FC,ADL,MGK-326 (dipropyl isocinchomeronate),384,0,384,0,0,0,1.0,384,0.0,6.0,6.0,0.0,1.0,0.0,0.0,0.0,0.0
2010,FC,ADL,MGK-326 (dipropyl isocinchomeronate),384,0,384,0,0,0,2.0,384,0.0,6.0,6.0,0.0,1.0,0.0,0.0,0.0,0.0
2010,FC,ADL,MGK-326 (dipropyl isocinchomeronate),384,0,384,0,0,0,5.0,384,0.0,6.0,6.0,0.0,1.0,0.0,0.0,0.0,0.0
2010,FC,ADL,MGK-326 (dipropyl isocinchomeronate),384,0,384,0,0,0,10.0,384,0.0,6.0,6.0,0.0,1.0,0.0,0.0,0.0,0.0
2010,FC,ADL,MGK-326 (dipropyl isocinchomeronate),384,0,384,0,0,0,inf,384,0.0,6.0,6.0,0.0,1.0,0.0,0.0,0.0,0.0
2010,FC,ADR,Triticonazole,264,264,0,0,0,0,1.0,264,0.0,9.0,9.0,0.0,1.0,0.0,0.0,0.0,0.0
2010,FC,ADR,Triticonazole,264,264,0,0,0,0,2.0,264,0.0,18.0,18.0,0.0,1.0,0.0,1.0,0.0,0.0
2010,FC,ADR,Triticonazole,264,264,0,0,0,0,5.0,264,0.0,45.0,45.0,0.0,1.0,0.0,1.0,0.0,1.0
2010,FC,ADR,Triticonazole,264,264,0,0,0,0,10.0,264,0.0,90.0,90.0,0.0,1.0,0.0,1.0,0.0,1.0
2010,FC,ADR,Triticonazole,264,264,0,0,0,0,inf,264,0.0,inf,inf,0.0,1.0,0.0,1.0,0.0,1.0
2010,FC,AEC,Hydroprene,384,0,384,0,0,0,1.0,384,0.0,12.0,12.0,0.0,1.0,0.0,1.0,0.0,0.0
2010,FC,AEC,Hydroprene,384,0,384,0,0,0,2.0,384,0.0,12.0,12.0,0.0,1.0,0.0,1.0,0.0,0.0
2010,FC,AEC,Hydroprene,384,0,384,0,0,0,5.0,384,0.0,12.0,12.0,0.0,1.0,0.0,1.0,0.0,0.0
2010,FC,AEC,Hydroprene,384,0,384,0,0,0,10.0,384,0.0,12.0,12.0,0.0,1.0,0.0,1.0,0.0,0.0
2010,FC,AEC,Hydroprene,384,0,384,0,0,0,inf,384,0.0,12.0,12.0,0.0,1.0,0.0,1.0,0.0,0.0
2010,FC,AEL,"Cyhalothrin, Total (Cyhalothrin-L + R157836 epimer)",384,0,382,2,0,0,1.0,384,0.010937500000000001,1.0057291666666666,0.9947916666666665,0.0026041666666666665,0.0026041666666666665,0.0,0.0,0.0,0.0
2010,FC,AEL,"Cyhalothrin, Total (Cyhalothrin-L + R157836 epimer)",384,0,382,2,0,0,2.0,384,0.010937500000000001,1.0057291666666666,0.9947916666666665,0.0026041666666666665,0.0026041666666666665,0.0,0.0,0.0,0.0
2010,FC,AEL,"Cyhalothrin, Total (Cyhalothrin-L + R157836 epimer)",384,0,382,2,0,0,5.0,384,0.010937500000000001,1.0057291666666666,0.9947916666666665,0.0026041666666666665,0.0026041666666666665,0.0,0.0,0.0,0.0
2010,FC,AEL,"Cyhalothrin, Total (Cyhalothrin-L + R157836 epimer)",384,0,382,2,0,0,10.0,384,0.010937500000000001,1.0057291666666666,0.9947916666666665,0.0026041666666666665,0.0026041666666666665,0.0,0.0,0.0,0.0
2010,FC,AEL,"Cyhalothrin, Total (Cyhalothrin-L + R157836 epimer)",384,0,382,2,0,0,inf,384,0.010937500000000001,1.0057291666666666,0.9947916666666665,0.0026041666666666665,0.0026041666666666665,0.0,0.0,0.0,0.0
2010,FC,AEP,Clothianidin,384,0,384,0,0,0,1.0,384,0.0,10.0,10.0,0.0,1.0,0.0,0.0,0.0,0.0
2010,FC,AEP,Clothianidin,384,0,384,0,0,0,2.0,384,0.0,10.0,10.0,0.0,1.0,0.0,0.0,0.0,0.0
2010,FC,AEP,Clothianidin,384,0,384,0,0,0,5.0,384,0.0,10.0,10.0,0.0,1.0,0.0,0.0,0.0,0.0
2010,FC,AEP,Clothianidin,384,0,384,0,0,0,10.0,384,0.0,10.0,10.0,0.0,1.0,0.0,0.0,0.0,0.0
2010,FC,AEP,Clothianidin,384,0,384,0,0,0,inf,384,0.0,10.0,10.0,0.0,1.0,0.0,0.0,0.0,0.0
2010,FC,AES,Methoxyfenozide,384,0,384,0,0,0,1.0,384,0.0,2.0,2.0,0.0,0.0,0.0,0.0,0.0,0.0
2010,FC,AES,Methoxyfenozide,384,0,384,0,0,0,2.0,384,0.0,2.0,2.0,0.0,0.0,0.0,0.0,0.0,0.0
2010,FC,AES,Methoxyfenozide,384,0,384,0,0,0,5.0,384,0.0,2.0,2.0,0.0,0.0,0.0,0.0,0.0,0.0
2010,FC,AES,Methoxyfenozide,384,0,384,0,0,0,10.0,384,0.0,2.0,2.0,0.0,0.0,0.0,0.0,0.0,0.0
2010,FC,AES,Methoxyfenozide,384,0,384,0,0,0,inf,384,0.0,2.0,2.0,0.0,0.0,0.0,0.0,0.0,0.0
2010,FC,AEV,Sethoxydim,384,0,384,0,0,0,1.0,384,0.0,2.0,2.0,0.0,0.0,0.0,0.0,0.0,0.0
2010,FC,AEV,Sethoxydim,384,0,384,0,0,0,2.0,384,0.0,2.0,2.0,0.0,0.0,0.0,0.0,0.0,0.0
2010,FC,AEV,Sethoxydim,384,0,384,0,0,0,5.0,384,0.0,2.0,2.0,0.0,0.0,0.0,0.0,0.0,0.0
2010,FC,AEV,Sethoxydim,384,0,384,0,0,0,10.0,384,0.0,2.0,2.0,0.0,0.0,0.0,0.0,0.0,0.0
2010,FC,AEV,Sethoxydim,384,0,384,0,0,0,inf,384,0.0,2.0,2.0,0.0,0.0,0.0,0.0,0.0,0.0
2010,FC,AEW,Famoxadone,384,0,384,0,0,0,1.0,384,0.0,20.0,20.0,0.0,1.0,0.0,1.0,0.0,0.0
2010,FC,AEW,Famoxadone,384,0,384,0,0,0,2.0,384,0.0,20.0,20.0,0.0,1.0,0.0,1.0,0.0,0.0
2010,FC,AEW,Famoxadone,384,0,384,0,0,0,5.0,384,0.0,20.0,20.0,0.0,1.0,0.0,1.0,0.0,0.0
2010,FC,AEW,Famoxadone,384,0,384,0,0,0,10.0,384,0.0,20.0,20.0,0.0,1.0,0.0,1.0,0.0,0.0
2010,FC,AEW,Famoxadone,384,0,384,0,0,0,inf,384,0.0,20.0,20.0,0.0,1.0,0.0,1.0,0.0,0.0
2010,FC,AFO,Dinotefuran,384,384,0,0,0,0,1.0,384,0.0,13.0,13.0,0.0,1.0,0.0,1.0,0.0,0.0
2010,FC,AFO,Dinotefuran,384,384,0,0,0,0,2.0,384,0.0,26.0,26.0,0.0,1.0,0.0,1.0,0.0,1.0
2010,FC,AFO,Dinotefuran,384,384,0,0,0,0,5.0,384,0.0,65.0,65.0,0.0,1.0,0.0,1.0,0.0,1.0
2010,FC,AFO,Dinotefuran,384,384,0,0,0,0,10.0,384,0.0,130.0,130.0,0.0,1.0,0.0,1.0,0.0,1.0
2010,FC,AFO,Dinotefuran,384,384,0,0,0,0,inf,384,0.0,inf,inf,0.0,1.0,0.0,1.0,0.0,1.0
2010,FC,AFS,Fenpyroximate,384,0,384,0,0,0,1.0,384,0.0,2.0,2.0,0.0,0.0,0.0,0.0,0.0,0.0
2010,FC,AFS,Fenpyroximate,384,0,384,0,0,0,2.0,384,0.0,2.0,2.0,0.0,0.0,0.0,0.0,0.0,0.0
2010,FC,AFS,Fenpyroximate,384,0,384,0,0,0,5.0,384,0.0,2.0,2.0,0.0,0.0,0.0,0.0,0.0,0.0
2010,FC,AFS,Fenpyroximate,384,0,384,0,0,0,10.0,384,0.0,2.0,2.0,0.0,0.0,0.0,0.0,0.0,0.0
2010,FC,AFS,Fenpyroximate,384,0,384,0,0,0,inf,384,0.0,2.0,2.0,0.0,0.0,0.0,0.0,0.0,0.0
2010,FC,AFW,Spiromesifen Total (parent + enol metabolite),384,0,384,0,0,0,1.0,384,0.0,5.0,5.0,0.0,1.0,0.0,0.0,0.0,0.0
2010,FC,AFW,Spiromesifen Total (parent + enol metabolite),384,0,384,0,0,0,2.0,384,0.0,5.0,5.0,0.0,1.0,0.0,0.0,0.0,0.0
2010,FC,AFW,Spiromesifen Total (parent + enol metabolite),384,0,384,0,0,0,5.0,384,0.0,5.0,5.0,0.0,1.0,0.0,0.0,0.0,0.0
2010,FC,AFW,Spiromesifen Total (parent + enol metabolite),384,0,384,0,0,0,10.0,384,0.0,5.0,5.0,0.0,1.0,0.0,0.0,0.0,0.0
2010,FC,AFW,Spiromesifen Total (parent + enol metabolite),384,0,384,0,0,0,inf,384,0.0,5.0,5.0,0.0,1.0,0.0,0.0,0.0,0.0
2010,FC,AGJ,Fluoxastrobin,384,0,384,0,0,0,1.0,384,0.0,2.0,2.0,0.0,0.0,0.0,0.0,0.0,0.0
2010,FC,AGJ,Fluoxastrobin,384,0,384,0,0,0,2.0,384,0.0,2.0,2.0,0.0,0.0,0.0,0.0,0.0,0.0
2010,FC,AGJ,Fluoxastrobin,384,0,384,0,0,0,5.0,384,0.0,2.0,2.0,0.0,0.0,0.0,0.0,0.0,0.0
2010,FC,AGJ,Fluoxastrobin,384,0,384,0,0,0,10.0,384,0.0,2.0,2.0,0.0,0.0,0.0,0.0,0.0,0.0
2010,FC,AGJ,Fluoxastrobin,384,0,384,0,0,0,inf,384,0.0,2.0,2.0,0.0,0.0,0.0,0.0,0.0,0.0
2010,FC,AGR,"2,4-dimethylphenyl formamide (2,4-DMPF)",384,0,383,1,0,0,1.0,384,0.02265625,8.001822916666667,7.979166666666667,0.0026041666666666665,1.0,0.0,0.0,0.0,0.0
2010,FC,AGR,"2,4-dimethylphenyl formamide (2,4-DMPF)",384,0,383,1,0,0,2.0,384,0.02265625,8.001822916666667,7.979166666666667,0.0026041666666666665,1.0,0.0,0.0,0.0,0.0
2010,FC,AGR,"2,4-dimethylphenyl formamide (2,4-DMPF)",384,0,383,1,0,0,5.0,384,0.02265625,8.001822916666667,7.979166666666667,0.0026041666666666665,1.0,0.0,0.0,0.0,0.0
2010,FC,AGR,"2,4-dimethylphenyl formamide (2,4-DMPF)",384,0,383,1,0,0,10.0,384,0.02265625,8.001822916666667,7.979166666666667,0.0026041666666666665,1.0,0.0,0.0,0.0,0.0
2010,FC,AGR,"2,4-dimethylphenyl formamide (2,4-DMPF)",384,0,383,1,0,0,inf,384,0.02265625,8.001822916666667,7.979166666666667,0.0026041666666666665,1.0,0.0,0.0,0.0,0.0
2010,FC,B13,Chlorfenapyr,384,0,384,0,0,0,1.0,384,0.0,1.0,1.0,0.0,0.0,0.0,0.0,0.0,0.0
2010,FC,B13,Chlorfenapyr,384,0,384,0,0,0,2.0,384,0.0,1.0,1.0,0.0,0.0,0.0,0.0,0.0,0.0
2010,FC,B13,Chlorfenapyr,384,0,384,0,0,0,5.0,384,0.0,1.0,1.0,0.0,0.0,0.0,0.0,0.0,0.0
2010,FC,B13,Chlorfenapyr,384,0,384,0,0,0,10.0,384,0.0,1.0,1.0,0.0,0.0,0.0,0.0,0.0,0.0
2010,FC,B13,Chlorfenapyr,384,0,384,0,0,0,inf,384,0.0,1.0,1.0,0.0,0.0,0.0,0.0,0.0,0.0
2010,FC,B15,Isoxaflutole,384,0,384,0,0,0,1.0,384,0.0,30.0,30.0,0.0,1.0,0.0,1.0,0.0,1.0
2010,FC,B15,Isoxaflutole,384,0,384,0,0,0,2.0,384,0.0,30.0,30.0,0.0,1.0,0.0,1.0,0.0,1.0
2010,FC,B15,Isoxaflutole,384,0,384,0,0,0,5.0,384,0.0,30.0,30.0,0.0,1.0,0.0,1.0,0.0,1.0
2010,FC,B15,Isoxaflutole,384,0,384,0,0,0,10.0,384,0.0,30.0,30.0,0.0,1.0,0.0,1.0,0.0,1.0
2010,FC,B15,Isoxaflutole,384,0,384,0,0,0,inf,384,0.0,30.0,30.0,0.0,1.0,0.0,1.0,0.0,1.0
2010,FC,B16,Pyrimethanil,384,384,0,0,0,0,1.0,384,0.0,4.0,4.0,0.0,1.0,0.0,0.0,0.0,0.0
2010,FC,B16,Pyrimethanil,384,384,0,0,0,0,2.0,384,0.0,8.0,8.0,0.0,1.0,0.0,0.0,0.0,0.0
2010,FC,B16,Pyrimethanil,384,384,0,0,0,0,5.0,384,0.0,20.0,20.0,0.0,1.0,0.0,1.0,0.0,0.0
2010,FC,B16,Pyrimethanil,384,384,0,0,0,0,10.0,384,0.0,40.0,40.0,0.0,1.0,0.0,1.0,0.0,1.0
2010,FC,B16,Pyrimethanil,384,384,0,0,0,0,inf,384,0.0,inf,inf,0.0,1.0,0.0,1.0,0.0,1.0
2010,FC,B20,Bromuconazole,283,283,0,0,0,0,1.0,283,0.0,20.0,20.0,0.0,1.0,0.0,1.0,0.0,0.0
2010,FC,B20,Bromuconazole,283,283,0,0,0,0,2.0,283,0.0,40.0,40.0,0.0,1.0,0.0,1.0,0.0,1.0
2010,FC,B20,Bromuconazole,283,283,0,0,0,0,5.0,283,0.0,100.0,100.0,0.0,1.0,0.0,1.0,0.0,1.0
2010,FC,B20,Bromuconazole,283,283,0,0,0,0,10.0,283,0.0,200.0,200.0,0.0,1.0,0.0,1.0,0.0,1.0
2010,FC,B20,Bromuconazole,283,283,0,0,0,0,inf,283,0.0,inf,inf,0.0,1.0,0.0,1.0,0.0,1.0
2010,FC,B21,Carfentrazone ethyl,384,0,383,1,0,0,1.0,384,0.00390625,1.0013020833333333,0.9973958333333333,0.0,0.0,0.0,0.0,0.0,0.0
2010,FC,B21,Carfentrazone ethyl,384,0,383,1,0,0,2.0,384,0.00390625,1.0013020833333333,0.9973958333333333,0.0,0.0,0.0,0.0,0.0,0.0
2010,FC,B21,Carfentrazone ethyl,384,0,383,1,0,0,5.0,384,0.00390625,1.0013020833333333,0.9973958333333333,0.0,0.0,0.0,0.0,0.0,0.0
2010,FC,B21,Carfentrazone ethyl,384,0,383,1,0,0,10.0,384,0.00390625,1.0013020833333333,0.9973958333333333,0.0,0.0,0.0,0.0,0.0,0.0
2010,FC,B21,Carfentrazone ethyl,384,0,383,1,0,0,inf,384,0.00390625,1.0013020833333333,0.9973958333333333,0.0,0.0,0.0,0.0,0.0,0.0
2010,FC,B22,Cyprodinil,384,384,0,0,0,0,1.0,384,0.0,3.0,3.0,0.0,1.0,0.0,0.0,0.0,0.0
2010,FC,B22,Cyprodinil,384,384,0,0,0,0,2.0,384,0.0,6.0,6.0,0.0,1.0,0.0,0.0,0.0,0.0
2010,FC,B22,Cyprodinil,384,384,0,0,0,0,5.0,384,0.0,15.0,15.0,0.0,1.0,0.0,1.0,0.0,0.0
2010,FC,B22,Cyprodinil,384,384,0,0,0,0,10.0,384,0.0,30.0,30.0,0.0,1.0,0.0,1.0,0.0,1.0
2010,FC,B22,Cyprodinil,384,384,0,0,0,0,inf,384,0.0,inf,inf,0.0,1.0,0.0,1.0,0.0,1.0
2010,FC,B26,Tefluthrin,384,0,384,0,0,0,1.0,384,0.0,1.0,1.0,0.0,0.0,0.0,0.0,0.0,0.0
2010,FC,B26,Tefluthrin,384,0,384,0,0,0,2.0,384,0.0,1.0,1.0,0.0,0.0,0.0,0.0,0.0,0.0
2010,FC,B26,Tefluthrin,384,0,384,0,0,0,5.0,384,0.0,1.0,1.0,0.0,0.0,0.0,0.0,0.0,0.0
2010,FC,B26,Tefluthrin,384,0,384,0,0,0,10.0,384,0.0,1.0,1.0,0.0,0.0,0.0,0.0,0.0,0.0
2010,FC,B26,Tefluthrin,384,0,384,0,0,0,inf,384,0.0,1.0,1.0,0.0,0.0,0.0,0.0,0.0,0.0
2010,FC,B41,Fenhexamid,384,0,384,0,0,0,1.0,384,0.0,2.0,2.0,0.0,0.0,0.0,0.0,0.0,0.0
2010,FC,B41,Fenhexamid,384,0,384,0,0,0,2.0,384,0.0,2.0,2.0,0.0,0.0,0.0,0.0,0.0,0.0
2010,FC,B41,Fenhexamid,384,0,384,0,0,0,5.0,384,0.0,2.0,2.0,0.0,0.0,0.0,0.0,0.0,0.0
2010,FC,B41,Fenhexamid,384,0,384,0,0,0,10.0,384,0.0,2.0,2.0,0.0,0.0,0.0,0.0,0.0,0.0
2010,FC,B41,Fenhexamid,384,0,384,0,0,0,inf,384,0.0,2.0,2.0,0.0,0.0,0.0,0.0,0.0,0.0
2010,FC,B43,Thiamethoxam,384,0,384,0,0,0,1.0,384,0.0,20.0,20.0,0.0,1.0,0.0,1.0,0.0,0.0
2010,FC,B43,Thiamethoxam,384,0,384,0,0,0,2.0,384,0.0,20.0,20.0,0.0,1.0,0.0,1.0,0.0,0.0
2010,FC,B43,Thiamethoxam,384,0,384,0,0,0,5.0,384,0.0,20.0,20.0,0.0,1.0,0.0,1.0,0.0,0.0
2010,FC,B43,Thiamethoxam,384,0,384,0,0,0,10.0,384,0.0,20.0,20.0,0.0,1.0,0.0,1.0,0.0,0.0
2010,FC,B43,Thiamethoxam,384,0,384,0,0,0,inf,384,0.0,20.0,20.0,0.0,1.0,0.0,1.0,0.0,0.0
2010,FC,B48,Azoxystrobin,384,0,384,0,0,0,1.0,384,0.0,1.0,1.0,0.0,0.0,0.0,0.0,0.0,0.0
2010,FC,B48,Azoxystrobin,384,0,384,0,0,0,2.0,384,0.0,1.0,1.0,0.0,0.0,0.0,0.0,0.0,0.0
2010,FC,B48,Azoxystrobin,384,0,384,0,0,0,5.0,384,0.0,1.0,1.0,0.0,0.0,0.0,0.0,0.0,0.0
2010,FC,B48,Azoxystrobin,384,0,384,0,0,0,10.0,384,0.0,1.0,1.0,0.0,0.0,0.0,0.0,0.0,0.0
2010,FC,B48,Azoxystrobin,384,0,384,0,0,0,inf,384,0.0,1.0,1.0,0.0,0.0,0.0,0.0,0.0,0.0
2010,FC,B52,Buprofezin,304,304,0,0,0,0,1.0,304,0.0,20.0,20.0,0.0,1.0,0.0,1.0,0.0,0.0
2010,FC,B52,Buprofezin,304,304,0,0,0,0,2.0,304,0.0,40.0,40.0,0.0,1.0,0.0,1.0,0.0,1.0
2010,FC,B52,Buprofezin,304,304,0,0,0,0,5.0,304,0.0,100.0,100.0,0.0,1.0,0.0,1.0,0.0,1.0
2010,FC,B52,Buprofezin,304,304,0,0,0,0,10.0,304,0.0,200.0,200.0,0.0,1.0,0.0,1.0,0.0,1.0
2010,FC,B52,Buprofezin,304,304,0,0,0,0,inf,304,0.0,inf,inf,0.0,1.0,0.0,1.0,0.0,1.0
2010,FC,B53,Epoxiconazole,144,0,144,0,0,0,1.0,144,0.0,1.0,1.0,0.0,0.0,0.0,0.0,0.0,0.0
2010,FC,B53,Epoxiconazole,144,0,144,0,0,0,2.0,144,0.0,1.0,1.0,0.0,0.0,0.0,0.0,0.0,0.0
2010,FC,B53,Epoxiconazole,144,0,144,0,0,0,5.0,144,0.0,1.0,1.0,0.0,0.0,0.0,0.0,0.0,0.0
2010,FC,B53,Epoxiconazole,144,0,144,0,0,0,10.0,144,0.0,1.0,1.0,0.0,0.0,0.0,0.0,0.0,0.0
2010,FC,B53,Epoxiconazole,144,0,144,0,0,0,inf,144,0.0,1.0,1.0,0.0,0.0,0.0,0.0,0.0,0.0
2010,FC,B56,Pyridaben,384,0,384,0,0,0,1.0,384,0.0,1.0,1.0,0.0,0.0,0.0,0.0,0.0,0.0
2010,FC,B56,Pyridaben,384,0,384,0,0,0,2.0,384,0.0,1.0,1.0,0.0,0.0,0.0,0.0,0.0,0.0
2010,FC,B56,Pyridaben,384,0,384,0,0,0,5.0,384,0.0,1.0,1.0,0.0,0.0,0.0,0.0,0.0,0.0
2010,FC,B56,Pyridaben,384,0,384,0,0,0,10.0,384,0.0,1.0,1.0,0.0,0.0,0.0,0.0,0.0,0.0
2010,FC,B56,Pyridaben,384,0,384,0,0,0,inf,384,0.0,1.0,1.0,0.0,0.0,0.0,0.0,0.0,0.0
2010,FC,B58,Difenoconazole,364,364,0,0,0,0,1.0,364,0.0,12.0,12.0,0.0,1.0,0.0,1.0,0.0,0.0
2010,FC,B58,Difenoconazole,364,364,0,0,0,0,2.0,364,0.0,24.0,24.0,0.0,1.0,0.0,1.0,0.0,1.0
2010,FC,B58,Difenoconazole,364,364,0,0,0,0,5.0,364,0.0,60.0,60.0,0.0,1.0,0.0,1.0,0.0,1.0
2010,FC,B58,Difenoconazole,364,364,0,0,0,0,10.0,364,0.0,120.0,120.0,0.0,1.0,0.0,1.0,0.0,1.0
2010,FC,B58,Difenoconazole,364,364,0,0,0,0,inf,364,0.0,inf,inf,0.0,1.0,0.0,1.0,0.0,1.0
2010,FC,B61,Pyraclostrobin,384,0,384,0,0,0,1.0,384,0.0,15.0,15.0,0.0,1.0,0.0,1.0,0.0,0.0
2010,FC,B61,Pyraclostrobin,384,0,384,0,0,0,2.0,384,0.0,15.0,15.0,0.0,1.0,0.0,1.0,0.0,0.0
2010,FC,B61,Pyraclostrobin,384,0,384,0,0,0,5.0,384,0.0,15.0,15.0,0.0,1.0,0.0,1.0,0.0,0.0
2010,FC,B61,Pyraclostrobin,384,0,384,0,0,0,10.0,384,0.0,15.0,15.0,0.0,1.0,0.0,1.0,0.0,0.0
2010,FC,B61,Pyraclostrobin,384,0,384,0,0,0,inf,384,0.0,15.0,15.0,0.0,1.0,0.0,1.0,0.0,0.0
2010,FC,B64,Fenamidone,384,0,384,0,0,0,1.0,384,0.0,3.0,3.0,0.0,1.0,0.0,0.0,0.0,0.0
2010,FC,B64,Fenamidone,384,0,384,0,0,0,2.0,384,0.0,3.0,3.0,0.0,1.0,0.0,0.0,0.0,0.0
2010,FC,B64,Fenamidone,384,0,384,0,0,0,5.0,384,0.0,3.0,3.0,0.0,1.0,0.0,0.0,0.0,0.0
2010,FC,B64,Fenamidone,384,0,384,0,0,0,10.0,384,0.0,3.0,3.0,0.0,1.0,0.0,0.0,0.0,0.0
2010,FC,B64,Fenamidone,384,0,384,0,0,0,inf,384,0.0,3.0,3.0,0.0,1.0,0.0,0.0,0.0,0.0
2010,FC,B68,Thiacloprid,384,0,384,0,0,0,1.0,384,0.0,2.0,2.0,0.0,0.0,0.0,0.0,0.0,0.0
2010,FC,B68,Thiacloprid,384,0,384,0,0,0,2.0,384,0.0,2.0,2.0,0.0,0.0,0.0,0.0,0.0,0.0
2010,FC,B68,Thiacloprid,384,0,384,0,0,0,5.0,384,0.0,2.0,2.0,0.0,0.0,0.0,0.0,0.0,0.0
2010,FC,B68,Thiacloprid,384,0,384,0,0,0,10.0,384,0.0,2.0,2.0,0.0,0.0,0.0,0.0,0.0,0.0
2010,FC,B68,Thiacloprid,384,0,384,0,0,0,inf,384,0.0,2.0,2.0,0.0,0.0,0.0,0.0,0.0,0.0
2010,FC,B70,Tolclofos methyl,384,0,384,0,0,0,1.0,384,0.0,3.0,3.0,0.0,1.0,0.0,0.0,0.0,0.0
2010,FC,B70,Tolclofos methyl,384,0,384,0,0,0,2.0,384,0.0,3.0,3.0,0.0,1.0,0.0,0.0,0.0,0.0
2010,FC,B70,Tolclofos methyl,384,0,384,0,0,0,5.0,384,0.0,3.0,3.0,0.0,1.0,0.0,0.0,0.0,0.0
2010,FC,B70,Tolclofos methyl,384,0,384,0,0,0,10.0,384,0.0,3.0,3.0,0.0,1.0,0.0,0.0,0.0,0.0
2010,FC,B70,Tolclofos methyl,384,0,384,0,0,0,inf,384,0.0,3.0,3.0,0.0,1.0,0.0,0.0,0.0,0.0
2010,FC,B72,Tetraconazole,384,0,384,0,0,0,1.0,384,0.0,2.0,2.0,0.0,0.0,0.0,0.0,0.0,0.0
2010,FC,B72,Tetraconazole,384,0,384,0,0,0,2.0,384,0.0,2.0,2.0,0.0,0.0,0.0,0.0,0.0,0.0
2010,FC,B72,Tetraconazole,384,0,384,0,0,0,5.0,384,0.0,2.0,2.0,0.0,0.0,0.0,0.0,0.0,0.0
2010,FC,B72,Tetraconazole,384,0,384,0,0,0,10.0,384,0.0,2.0,2.0,0.0,0.0,0.0,0.0,0.0,0.0
2010,FC,B72,Tetraconazole,384,0,384,0,0,0,inf,384,0.0,2.0,2.0,0.0,0.0,0.0,0.0,0.0,0.0
2010,FC,B75,Boscalid,384,0,384,0,0,0,1.0,384,0.0,6.0,6.0,0.0,1.0,0.0,0.0,0.0,0.0
2010,FC,B75,Boscalid,384,0,384,0,0,0,2.0,384,0.0,6.0,6.0,0.0,1.0,0.0,0.0,0.0,0.0
2010,FC,B75,Boscalid,384,0,384,0,0,0,5.0,384,0.0,6.0,6.0,0.0,1.0,0.0,0.0,0.0,0.0
2010,FC,B75,Boscalid,384,0,384,0,0,0,10.0,384,0.0,6.0,6.0,0.0,1.0,0.0,0.0,0.0,0.0
2010,FC,B75,Boscalid,384,0,384,0,0,0,inf,384,0.0,6.0,6.0,0.0,1.0,0.0,0.0,0.0,0.0
2010,FC,B77,Dimethomorph,384,0,384,0,0,0,1.0,384,0.0,5.0,5.0,0.0,1.0,0.0,0.0,0.0,0.0
2010,FC,B77,Dimethomorph,384,0,384,0,0,0,2.0,384,0.0,5.0,5.0,0.0,1.0,0.0,0.0,0.0,0.0
2010,FC,B77,Dimethomorph,384,0,384,0,0,0,5.0,384,0.0,5.0,5.0,0.0,1.0,0.0,0.0,0.0,0.0
2010,FC,B77,Dimethomorph,384,0,384,0,0,0,10.0,384,0.0,5.0,5.0,0.0,1.0,0.0,0.0,0.0,0.0
2010,FC,B77,Dimethomorph,384,0,384,0,0,0,inf,384,0.0,5.0,5.0,0.0,1.0,0.0,0.0,0.0,0.0
2010,FC,B80,Acetamiprid,384,0,384,0,0,0,1.0,384,0.0,16.0,16.0,0.0,1.0,0.0,1.0,0.0,0.0
2010,FC,B80,Acetamiprid,384,0,384,0,0,0,2.0,384,0.0,16.0,16.0,0.0,1.0,0.0,1.0,0.0,0.0
2010,FC,B80,Acetamiprid,384,0,384,0,0,0,5.0,384,0.0,16.0,16.0,0.0,1.0,0.0,1.0,0.0,0.0
2010,FC,B80,Acetamiprid,384,0,384,0,0,0,10.0,384,0.0,16.0,16.0,0.0,1.0,0.0,1.0,0.0,0.0
2010,FC,B80,Acetamiprid,384,0,384,0,0,0,inf,384,0.0,16.0,16.0,0.0,1.0,0.0,1.0,0.0,0.0
2010,FC,B82,Bifenazate,383,0,383,0,0,0,1.0,383,0.0,20.0,20.0,0.0,1.0,0.0,1.0,0.0,0.0
2010,FC,B82,Bifenazate,383,0,383,0,0,0,2.0,383,0.0,20.0,20.0,0.0,1.0,0.0,1.0,0.0,0.0
2010,FC,B82,Bifenazate,383,0,383,0,0,0,5.0,383,0.0,20.0,20.0,0.0,1.0,0.0,1.0,0.0,0.0
2010,FC,B82,Bifenazate,383,0,383,0,0,0,10.0,383,0.0,20.0,20.0,0.0,1.0,0.0,1.0,0.0,0.0
2010,FC,B82,Bifenazate,383,0,383,0,0,0,inf,383,0.0,20.0,20.0,0.0,1.0,0.0,1.0,0.0,0.0
2010,FC,B84,Etoxazole,364,364,0,0,0,0,1.0,364,0.0,1.0,1.0,0.0,0.0,0.0,0.0,0.0,0.0
2010,FC,B84,Etoxazole,364,364,0,0,0,0,2.0,364,0.0,2.0,2.0,0.0,0.0,0.0,0.0,0.0,0.0
2010,FC,B84,Etoxazole,364,364,0,0,0,0,5.0,364,0.0,5.0,5.0,0.0,1.0,0.0,0.0,0.0,0.0
2010,FC,B84,Etoxazole,364,364,0,0,0,0,10.0,364,0.0,10.0,10.0,0.0,1.0,0.0,0.0,0.0,0.0
2010,FC,B84,Etoxazole,364,364,0,0,0,0,inf,364,0.0,inf,inf,0.0,1.0,0.0,1.0,0.0,1.0
2010,FC,B85,Spirodiclofen,384,0,384,0,0,0,1.0,384,0.0,1.0,1.0,0.0,0.0,0.0,0.0,0.0,0.0
2010,FC,B85,Spirodiclofen,384,0,384,0,0,0,2.0,384,0.0,1.0,1.0,0.0,0.0,0.0,0.0,0.0,0.0
2010,FC,B85,Spirodiclofen,384,0,384,0,0,0,5.0,384,0.0,1.0,1.0,0.0,0.0,0.0,0.0,0.0,0.0
2010,FC,B85,Spirodiclofen,384,0,384,0,0,0,10.0,384,0.0,1.0,1.0,0.0,0.0,0.0,0.0,0.0,0.0
2010,FC,B85,Spirodiclofen,384,0,384,0,0,0,inf,384,0.0,1.0,1.0,0.0,0.0,0.0,0.0,0.0,0.0
