commodity,commodity_name,analyte,analyte_name,n_all,n_ND,n_NP,n_O,n_invalid,n_working,R0_lower,R0_upper,R0_width,R0_above_2_lower,R0_above_2_upper,R0_above_10_lower,R0_above_10_upper,R0_above_20_lower,R0_above_20_upper,R1_lower,R1_upper,R1_width,R1_above_2_lower,R1_above_2_upper,R1_above_10_lower,R1_above_10_upper,R1_above_20_lower,R1_above_20_upper,R1_coarse_lower,R1_coarse_upper,R1_coarse_width,R1_coarse_above_2_lower,R1_coarse_above_2_upper,R1_coarse_above_10_lower,R1_coarse_above_10_upper,R1_coarse_above_20_lower,R1_coarse_above_20_upper,R2_lower,R2_upper,R2_width,R2_above_2_lower,R2_above_2_upper,R2_above_10_lower,R2_above_10_upper,R2_above_20_lower,R2_above_20_upper,full_lower,full_upper
BA,Beef adipose,001,Aldrin,292,292,0,0,0,292,0.0,20.0,20.0,0.0,1.0,0.0,1.0,0.0,0.0,0.0,20.0,20.0,0.0,1.0,0.0,1.0,0.0,0.0,0.0,20.0,20.0,0.0,1.0,0.0,1.0,0.0,0.0,0.0,inf,inf,0.0,1.0,0.0,1.0,0.0,1.0,0.0,20.0
BA,Beef adipose,002,Allethrin,292,292,0,0,0,292,0.0,20.0,20.0,0.0,1.0,0.0,1.0,0.0,0.0,0.0,20.0,20.0,0.0,1.0,0.0,1.0,0.0,0.0,0.0,20.0,20.0,0.0,1.0,0.0,1.0,0.0,0.0,0.0,inf,inf,0.0,1.0,0.0,1.0,0.0,1.0,0.0,20.0
BA,Beef adipose,011,Captan,292,292,0,0,0,292,0.0,20.0,20.0,0.0,1.0,0.0,1.0,0.0,0.0,0.0,20.0,20.0,0.0,1.0,0.0,1.0,0.0,0.0,0.0,20.0,20.0,0.0,1.0,0.0,1.0,0.0,0.0,0.0,inf,inf,0.0,1.0,0.0,1.0,0.0,1.0,0.0,20.0
BA,Beef adipose,024,Diazinon,292,292,0,0,0,292,0.0,4.0,4.0,0.0,1.0,0.0,0.0,0.0,0.0,0.0,4.0,4.0,0.0,1.0,0.0,0.0,0.0,0.0,0.0,4.0,4.0,0.0,1.0,0.0,0.0,0.0,0.0,0.0,inf,inf,0.0,1.0,0.0,1.0,0.0,1.0,0.0,4.0
BA,Beef adipose,028,Dieldrin,292,292,0,0,0,292,0.0,20.0,20.0,0.0,1.0,0.0,1.0,0.0,0.0,0.0,20.0,20.0,0.0,1.0,0.0,1.0,0.0,0.0,0.0,20.0,20.0,0.0,1.0,0.0,1.0,0.0,0.0,0.0,inf,inf,0.0,1.0,0.0,1.0,0.0,1.0,0.0,20.0
BA,Beef adipose,032,Diuron,292,292,0,0,0,292,0.0,60.0,60.0,0.0,1.0,0.0,1.0,0.0,1.0,0.0,60.0,60.0,0.0,1.0,0.0,1.0,0.0,1.0,0.0,60.0,60.0,0.0,1.0,0.0,1.0,0.0,1.0,0.0,inf,inf,0.0,1.0,0.0,1.0,0.0,1.0,0.0,60.0
BA,Beef adipose,034,Endrin,292,292,0,0,0,292,0.0,20.0,20.0,0.0,1.0,0.0,1.0,0.0,0.0,0.0,20.0,20.0,0.0,1.0,0.0,1.0,0.0,0.0,0.0,20.0,20.0,0.0,1.0,0.0,1.0,0.0,0.0,0.0,inf,inf,0.0,1.0,0.0,1.0,0.0,1.0,0.0,20.0
BA,Beef adipose,042,Azinphos methyl,292,292,0,0,0,292,0.0,8.0,8.0,0.0,1.0,0.0,0.0,0.0,0.0,0.0,8.0,8.0,0.0,1.0,0.0,0.0,0.0,0.0,0.0,8.0,8.0,0.0,1.0,0.0,0.0,0.0,0.0,0.0,inf,inf,0.0,1.0,0.0,1.0,0.0,1.0,0.0,8.0
BA,Beef adipose,044,Heptachlor,292,292,0,0,0,292,0.0,20.0,20.0,0.0,1.0,0.0,1.0,0.0,0.0,0.0,20.0,20.0,0.0,1.0,0.0,1.0,0.0,0.0,0.0,20.0,20.0,0.0,1.0,0.0,1.0,0.0,0.0,0.0,inf,inf,0.0,1.0,0.0,1.0,0.0,1.0,0.0,20.0
BA,Beef adipose,050,Lindane (BHC gamma),292,292,0,0,0,292,0.0,8.0,8.0,0.0,1.0,0.0,0.0,0.0,0.0,0.0,8.0,8.0,0.0,1.0,0.0,0.0,0.0,0.0,0.0,8.0,8.0,0.0,1.0,0.0,0.0,0.0,0.0,0.0,inf,inf,0.0,1.0,0.0,1.0,0.0,1.0,0.0,8.0
BA,Beef adipose,052,Malathion,292,292,0,0,0,292,0.0,4.0,4.0,0.0,1.0,0.0,0.0,0.0,0.0,0.0,4.0,4.0,0.0,1.0,0.0,0.0,0.0,0.0,0.0,4.0,4.0,0.0,1.0,0.0,0.0,0.0,0.0,0.0,inf,inf,0.0,1.0,0.0,1.0,0.0,1.0,0.0,4.0
BA,Beef adipose,057,Parathion methyl,292,292,0,0,0,292,0.0,4.0,4.0,0.0,1.0,0.0,0.0,0.0,0.0,0.0,4.0,4.0,0.0,1.0,0.0,0.0,0.0,0.0,0.0,4.0,4.0,0.0,1.0,0.0,0.0,0.0,0.0,0.0,inf,inf,0.0,1.0,0.0,1.0,0.0,1.0,0.0,4.0
BA,Beef adipose,058,MGK-264,292,292,0,0,0,292,0.0,20.0,20.0,0.0,1.0,0.0,1.0,0.0,0.0,0.0,20.0,20.0,0.0,1.0,0.0,1.0,0.0,0.0,0.0,20.0,20.0,0.0,1.0,0.0,1.0,0.0,0.0,0.0,inf,inf,0.0,1.0,0.0,1.0,0.0,1.0,0.0,20.0
BA,Beef adipose,065,Parathion ethyl,292,292,0,0,0,292,0.0,8.0,8.0,0.0,1.0,0.0,0.0,0.0,0.0,0.0,8.0,8.0,0.0,1.0,0.0,0.0,0.0,0.0,0.0,8.0,8.0,0.0,1.0,0.0,0.0,0.0,0.0,0.0,inf,inf,0.0,1.0,0.0,1.0,0.0,1.0,0.0,8.0
BA,Beef adipose,070,Piperonyl butoxide,292,291,0,1,0,292,0.03664383561643835,8.009246575342464,7.972602739726026,0.003424657534246575,1.0,0.003424657534246575,0.003424657534246575,0.0,0.0,0.03424657534246575,8.315068493150685,8.280821917808218,0.003424657534246575,1.0,0.0,0.003424657534246575,0.0,0.003424657534246575,0.03424657534246575,11.397260273972602,11.363013698630136,0.003424657534246575,1.0,0.0,0.003424657534246575,0.0,0.003424657534246575,0.0,inf,inf,0.0,1.0,0.0,1.0,0.0,1.0,0.03664383561643835,8.009246575342464
BA,Beef adipose,075,Pyrethrins,292,292,0,0,0,292,0.0,40.0,40.0,0.0,1.0,0.0,1.0,0.0,1.0,0.0,40.0,40.0,0.0,1.0,0.0,1.0,0.0,1.0,0.0,40.0,40.0,0.0,1.0,0.0,1.0,0.0,1.0,0.0,inf,inf,0.0,1.0,0.0,1.0,0.0,1.0,0.0,40.0
BA,Beef adipose,102,Carbaryl,292,292,0,0,0,292,0.0,20.0,20.0,0.0,1.0,0.0,1.0,0.0,0.0,0.0,20.0,20.0,0.0,1.0,0.0,1.0,0.0,0.0,0.0,20.0,20.0,0.0,1.0,0.0,1.0,0.0,0.0,0.0,inf,inf,0.0,1.0,0.0,1.0,0.0,1.0,0.0,20.0
BA,Beef adipose,107,Ethion,292,292,0,0,0,292,0.0,20.0,20.0,0.0,1.0,0.0,1.0,0.0,0.0,0.0,20.0,20.0,0.0,1.0,0.0,1.0,0.0,0.0,0.0,20.0,20.0,0.0,1.0,0.0,1.0,0.0,0.0,0.0,inf,inf,0.0,1.0,0.0,1.0,0.0,1.0,0.0,20.0
BA,Beef adipose,114,Chlorpropham,292,292,0,0,0,292,0.0,40.0,40.0,0.0,1.0,0.0,1.0,0.0,1.0,0.0,40.0,40.0,0.0,1.0,0.0,1.0,0.0,1.0,0.0,40.0,40.0,0.0,1.0,0.0,1.0,0.0,1.0,0.0,inf,inf,0.0,1.0,0.0,1.0,0.0,1.0,0.0,40.0
BA,Beef adipose,124,Coumaphos,292,292,0,0,0,292,0.0,3.589041095890411,3.589041095890411,0.0,0.863013698630137,0.0,0.0,0.0,0.0,0.0,3.589041095890411,3.589041095890411,0.0,0.863013698630137,0.0,0.0,0.0,0.0,0.0,3.589041095890411,3.589041095890411,0.0,0.863013698630137,0.0,0.0,0.0,0.0,0.0,inf,inf,0.0,1.0,0.0,1.0,0.0,1.0,0.0,3.589041095890411
BA,Beef adipose,125,Diphenylamine (DPA),292,0,290,2,0,2,3.3,3.3,0.0,1.0,1.0,0.0,0.0,0.0,0.0,1.0,10.0,9.0,0.0,1.0,0.0,0.0,0.0,0.0,0.0,10.0,10.0,0.0,1.0,0.0,0.0,0.0,0.0,0.0,inf,inf,0.0,1.0,0.0,1.0,0.0,1.0,0.022602739726027395,inf
BA,Beef adipose,129,Linuron,292,292,0,0,0,292,0.0,20.0,20.0,0.0,1.0,0.0,1.0,0.0,0.0,0.0,20.0,20.0,0.0,1.0,0.0,1.0,0.0,0.0,0.0,20.0,20.0,0.0,1.0,0.0,1.0,0.0,0.0,0.0,inf,inf,0.0,1.0,0.0,1.0,0.0,1.0,0.0,20.0
BA,Beef adipose,143,Heptachlor epoxide,292,292,0,0,0,292,0.0,20.0,20.0,0.0,1.0,0.0,1.0,0.0,0.0,0.0,20.0,20.0,0.0,1.0,0.0,1.0,0.0,0.0,0.0,20.0,20.0,0.0,1.0,0.0,1.0,0.0,0.0,0.0,inf,inf,0.0,1.0,0.0,1.0,0.0,1.0,0.0,20.0
BA,Beef adipose,148,Phorate,292,292,0,0,0,292,0.0,12.0,12.0,0.0,1.0,0.0,1.0,0.0,0.0,0.0,12.0,12.0,0.0,1.0,0.0,1.0,0.0,0.0,0.0,12.0,12.0,0.0,1.0,0.0,1.0,0.0,0.0,0.0,inf,inf,0.0,1.0,0.0,1.0,0.0,1.0,0.0,12.0
BA,Beef adipose,149,Simazine,292,292,0,0,0,292,0.0,12.0,12.0,0.0,1.0,0.0,1.0,0.0,0.0,0.0,12.0,12.0,0.0,1.0,0.0,1.0,0.0,0.0,0.0,12.0,12.0,0.0,1.0,0.0,1.0,0.0,0.0,0.0,inf,inf,0.0,1.0,0.0,1.0,0.0,1.0,0.0,12.0
BA,Beef adipose,151,Trifluralin,292,292,0,0,0,292,0.0,1.0,1.0,0.0,0.0,0.0,0.0,0.0,0.0,0.0,1.0,1.0,0.0,0.0,0.0,0.0,0.0,0.0,0.0,1.0,1.0,0.0,0.0,0.0,0.0,0.0,0.0,0.0,inf,inf,0.0,1.0,0.0,1.0,0.0,1.0,0.0,1.0
BA,Beef adipose,159,Methomyl,292,292,0,0,0,292,0.0,24.0,24.0,0.0,1.0,0.0,1.0,0.0,1.0,0.0,24.0,24.0,0.0,1.0,0.0,1.0,0.0,1.0,0.0,24.0,24.0,0.0,1.0,0.0,1.0,0.0,1.0,0.0,inf,inf,0.0,1.0,0.0,1.0,0.0,1.0,0.0,24.0
BA,Beef adipose,160,Chlorpyrifos,292,292,0,0,0,292,0.0,1.0,1.0,0.0,0.0,0.0,0.0,0.0,0.0,0.0,1.0,1.0,0.0,0.0,0.0,0.0,0.0,0.0,0.0,1.0,1.0,0.0,0.0,0.0,0.0,0.0,0.0,0.0,inf,inf,0.0,1.0,0.0,1.0,0.0,1.0,0.0,1.0
BA,Beef adipose,164,Chlorothalonil,292,292,0,0,0,292,0.0,8.0,8.0,0.0,1.0,0.0,0.0,0.0,0.0,0.0,8.0,8.0,0.0,1.0,0.0,0.0,0.0,0.0,0.0,8.0,8.0,0.0,1.0,0.0,0.0,0.0,0.0,0.0,inf,inf,0.0,1.0,0.0,1.0,0.0,1.0,0.0,8.0
BA,Beef adipose,165,Phosmet,292,292,0,0,0,292,0.0,12.0,12.0,0.0,1.0,0.0,1.0,0.0,0.0,0.0,12.0,12.0,0.0,1.0,0.0,1.0,0.0,0.0,0.0,12.0,12.0,0.0,1.0,0.0,1.0,0.0,0.0,0.0,inf,inf,0.0,1.0,0.0,1.0,0.0,1.0,0.0,12.0
BA,Beef adipose,166,Phosalone,292,292,0,0,0,292,0.0,12.0,12.0,0.0,1.0,0.0,1.0,0.0,0.0,0.0,12.0,12.0,0.0,1.0,0.0,1.0,0.0,0.0,0.0,12.0,12.0,0.0,1.0,0.0,1.0,0.0,0.0,0.0,inf,inf,0.0,1.0,0.0,1.0,0.0,1.0,0.0,12.0
BA,Beef adipose,167,Aldicarb,292,292,0,0,0,292,0.0,100.0,100.0,0.0,1.0,0.0,1.0,0.0,1.0,0.0,100.0,100.0,0.0,1.0,0.0,1.0,0.0,1.0,0.0,100.0,100.0,0.0,1.0,0.0,1.0,0.0,1.0,0.0,inf,inf,0.0,1.0,0.0,1.0,0.0,1.0,0.0,100.0
BA,Beef adipose,168,Aldicarb sulfone,292,292,0,0,0,292,0.0,40.0,40.0,0.0,1.0,0.0,1.0,0.0,1.0,0.0,40.0,40.0,0.0,1.0,0.0,1.0,0.0,1.0,0.0,40.0,40.0,0.0,1.0,0.0,1.0,0.0,1.0,0.0,inf,inf,0.0,1.0,0.0,1.0,0.0,1.0,0.0,40.0
BA,Beef adipose,169,Aldicarb sulfoxide,292,292,0,0,0,292,0.0,800.0,800.0,0.0,1.0,0.0,1.0,0.0,1.0,0.0,800.0,800.0,0.0,1.0,0.0,1.0,0.0,1.0,0.0,800.0,800.0,0.0,1.0,0.0,1.0,0.0,1.0,0.0,inf,inf,0.0,1.0,0.0,1.0,0.0,1.0,0.0,800.0
BA,Beef adipose,171,Dimethoate,292,292,0,0,0,292,0.0,16.0,16.0,0.0,1.0,0.0,1.0,0.0,0.0,0.0,16.0,16.0,0.0,1.0,0.0,1.0,0.0,0.0,0.0,16.0,16.0,0.0,1.0,0.0,1.0,0.0,0.0,0.0,inf,inf,0.0,1.0,0.0,1.0,0.0,1.0,0.0,16.0
BA,Beef adipose,172,Chlordane trans,292,292,0,0,0,292,0.0,4.0,4.0,0.0,1.0,0.0,0.0,0.0,0.0,0.0,4.0,4.0,0.0,1.0,0.0,0.0,0.0,0.0,0.0,4.0,4.0,0.0,1.0,0.0,0.0,0.0,0.0,0.0,inf,inf,0.0,1.0,0.0,1.0,0.0,1.0,0.0,4.0
BA,Beef adipose,173,Chlordane cis,292,292,0,0,0,292,0.0,4.0,4.0,0.0,1.0,0.0,0.0,0.0,0.0,0.0,4.0,4.0,0.0,1.0,0.0,0.0,0.0,0.0,0.0,4.0,4.0,0.0,1.0,0.0,0.0,0.0,0.0,0.0,inf,inf,0.0,1.0,0.0,1.0,0.0,1.0,0.0,4.0
BA,Beef adipose,176,Tetrachlorvinphos,292,292,0,0,0,292,0.0,8.0,8.0,0.0,1.0,0.0,0.0,0.0,0.0,0.0,8.0,8.0,0.0,1.0,0.0,0.0,0.0,0.0,0.0,8.0,8.0,0.0,1.0,0.0,0.0,0.0,0.0,0.0,inf,inf,0.0,1.0,0.0,1.0,0.0,1.0,0.0,8.0
BA,Beef adipose,177,Fenthion,292,292,0,0,0,292,0.0,12.0,12.0,0.0,1.0,0.0,1.0,0.0,0.0,0.0,12.0,12.0,0.0,1.0,0.0,1.0,0.0,0.0,0.0,12.0,12.0,0.0,1.0,0.0,1.0,0.0,0.0,0.0,inf,inf,0.0,1.0,0.0,1.0,0.0,1.0,0.0,12.0
BA,Beef adipose,180,Carbofuran,292,292,0,0,0,292,0.0,8.0,8.0,0.0,1.0,0.0,0.0,0.0,0.0,0.0,8.0,8.0,0.0,1.0,0.0,0.0,0.0,0.0,0.0,8.0,8.0,0.0,1.0,0.0,0.0,0.0,0.0,0.0,inf,inf,0.0,1.0,0.0,1.0,0.0,1.0,0.0,8.0
BA,Beef adipose,181,Metribuzin,292,292,0,0,0,292,0.0,4.0,4.0,0.0,1.0,0.0,0.0,0.0,0.0,0.0,4.0,4.0,0.0,1.0,0.0,0.0,0.0,0.0,0.0,4.0,4.0,0.0,1.0,0.0,0.0,0.0,0.0,0.0,inf,inf,0.0,1.0,0.0,1.0,0.0,1.0,0.0,4.0
BA,Beef adipose,191,Benfluralin,292,292,0,0,0,292,0.0,1.0,1.0,0.0,0.0,0.0,0.0,0.0,0.0,0.0,1.0,1.0,0.0,0.0,0.0,0.0,0.0,0.0,0.0,1.0,1.0,0.0,0.0,0.0,0.0,0.0,0.0,0.0,inf,inf,0.0,1.0,0.0,1.0,0.0,1.0,0.0,1.0
BA,Beef adipose,195,Methiocarb,292,292,0,0,0,292,0.0,4.0,4.0,0.0,1.0,0.0,0.0,0.0,0.0,0.0,4.0,4.0,0.0,1.0,0.0,0.0,0.0,0.0,0.0,4.0,4.0,0.0,1.0,0.0,0.0,0.0,0.0,0.0,inf,inf,0.0,1.0,0.0,1.0,0.0,1.0,0.0,4.0
BA,Beef adipose,197,Methidathion,292,292,0,0,0,292,0.0,12.0,12.0,0.0,1.0,0.0,1.0,0.0,0.0,0.0,12.0,12.0,0.0,1.0,0.0,1.0,0.0,0.0,0.0,12.0,12.0,0.0,1.0,0.0,1.0,0.0,0.0,0.0,inf,inf,0.0,1.0,0.0,1.0,0.0,1.0,0.0,12.0
BA,Beef adipose,202,Carbophenothion,292,292,0,0,0,292,0.0,4.0,4.0,0.0,1.0,0.0,0.0,0.0,0.0,0.0,4.0,4.0,0.0,1.0,0.0,0.0,0.0,0.0,0.0,4.0,4.0,0.0,1.0,0.0,0.0,0.0,0.0,0.0,inf,inf,0.0,1.0,0.0,1.0,0.0,1.0,0.0,4.0
BA,Beef adipose,204,Acephate,292,292,0,0,0,292,0.0,200.0,200.0,0.0,1.0,0.0,1.0,0.0,1.0,0.0,200.0,200.0,0.0,1.0,0.0,1.0,0.0,1.0,0.0,200.0,200.0,0.0,1.0,0.0,1.0,0.0,1.0,0.0,inf,inf,0.0,1.0,0.0,1.0,0.0,1.0,0.0,200.0
BA,Beef adipose,206,Nonachlor trans,292,292,0,0,0,292,0.0,4.0,4.0,0.0,1.0,0.0,0.0,0.0,0.0,0.0,4.0,4.0,0.0,1.0,0.0,0.0,0.0,0.0,0.0,4.0,4.0,0.0,1.0,0.0,0.0,0.0,0.0,0.0,inf,inf,0.0,1.0,0.0,1.0,0.0,1.0,0.0,4.0
BA,Beef adipose,207,Nonachlor cis,292,292,0,0,0,292,0.0,4.0,4.0,0.0,1.0,0.0,0.0,0.0,0.0,0.0,4.0,4.0,0.0,1.0,0.0,0.0,0.0,0.0,0.0,4.0,4.0,0.0,1.0,0.0,0.0,0.0,0.0,0.0,inf,inf,0.0,1.0,0.0,1.0,0.0,1.0,0.0,4.0
BA,Beef adipose,210,Carboxin,292,292,0,0,0,292,0.0,12.0,12.0,0.0,1.0,0.0,1.0,0.0,0.0,0.0,12.0,12.0,0.0,1.0,0.0,1.0,0.0,0.0,0.0,12.0,12.0,0.0,1.0,0.0,1.0,0.0,0.0,0.0,inf,inf,0.0,1.0,0.0,1.0,0.0,1.0,0.0,12.0
BA,Beef adipose,217,DEF (Tribufos),292,292,0,0,0,292,0.0,4.0,4.0,0.0,1.0,0.0,0.0,0.0,0.0,0.0,4.0,4.0,0.0,1.0,0.0,0.0,0.0,0.0,0.0,4.0,4.0,0.0,1.0,0.0,0.0,0.0,0.0,0.0,inf,inf,0.0,1.0,0.0,1.0,0.0,1.0,0.0,4.0
BA,Beef adipose,224,Profenofos,292,292,0,0,0,292,0.0,12.0,12.0,0.0,1.0,0.0,1.0,0.0,0.0,0.0,12.0,12.0,0.0,1.0,0.0,1.0,0.0,0.0,0.0,12.0,12.0,0.0,1.0,0.0,1.0,0.0,0.0,0.0,inf,inf,0.0,1.0,0.0,1.0,0.0,1.0,0.0,12.0
BA,Beef adipose,227,Alachlor,292,292,0,0,0,292,0.0,20.0,20.0,0.0,1.0,0.0,1.0,0.0,0.0,0.0,20.0,20.0,0.0,1.0,0.0,1.0,0.0,0.0,0.0,20.0,20.0,0.0,1.0,0.0,1.0,0.0,0.0,0.0,inf,inf,0.0,1.0,0.0,1.0,0.0,1.0,0.0,20.0
BA,Beef adipose,235,Chlorpyrifos methyl,292,292,0,0,0,292,0.0,4.0,4.0,0.0,1.0,0.0,0.0,0.0,0.0,0.0,4.0,4.0,0.0,1.0,0.0,0.0,0.0,0.0,0.0,4.0,4.0,0.0,1.0,0.0,0.0,0.0,0.0,0.0,inf,inf,0.0,1.0,0.0,1.0,0.0,1.0,0.0,4.0
BA,Beef adipose,254,"Dicofol p,p'",292,292,0,0,0,292,0.0,4.0,4.0,0.0,1.0,0.0,0.0,0.0,0.0,0.0,4.0,4.0,0.0,1.0,0.0,0.0,0.0,0.0,0.0,4.0,4.0,0.0,1.0,0.0,0.0,0.0,0.0,0.0,inf,inf,0.0,1.0,0.0,1.0,0.0,1.0,0.0,4.0
BA,Beef adipose,258,Isofenphos,292,292,0,0,0,292,0.0,4.0,4.0,0.0,1.0,0.0,0.0,0.0,0.0,0.0,4.0,4.0,0.0,1.0,0.0,0.0,0.0,0.0,0.0,4.0,4.0,0.0,1.0,0.0,0.0,0.0,0.0,0.0,inf,inf,0.0,1.0,0.0,1.0,0.0,1.0,0.0,4.0
BA,Beef adipose,271,Fenarimol,292,292,0,0,0,292,0.0,2.0,2.0,0.0,0.0,0.0,0.0,0.0,0.0,0.0,2.0,2.0,0.0,0.0,0.0,0.0,0.0,0.0,0.0,2.0,2.0,0.0,0.0,0.0,0.0,0.0,0.0,0.0,inf,inf,0.0,1.0,0.0,1.0,0.0,1.0,0.0,2.0
BA,Beef adipose,283,Metolachlor,292,292,0,0,0,292,0.0,8.0,8.0,0.0,1.0,0.0,0.0,0.0,0.0,0.0,8.0,8.0,0.0,1.0,0.0,0.0,0.0,0.0,0.0,8.0,8.0,0.0,1.0,0.0,0.0,0.0,0.0,0.0,inf,inf,0.0,1.0,0.0,1.0,0.0,1.0,0.0,8.0
BA,Beef adipose,292,Fluazifop butyl,292,292,0,0,0,292,0.0,2.0,2.0,0.0,0.0,0.0,0.0,0.0,0.0,0.0,2.0,2.0,0.0,0.0,0.0,0.0,0.0,0.0,0.0,2.0,2.0,0.0,0.0,0.0,0.0,0.0,0.0,0.0,inf,inf,0.0,1.0,0.0,1.0,0.0,1.0,0.0,2.0
BA,Beef adipose,297,Fluvalinate,292,292,0,0,0,292,0.0,4.0,4.0,0.0,1.0,0.0,0.0,0.0,0.0,0.0,4.0,4.0,0.0,1.0,0.0,0.0,0.0,0.0,0.0,4.0,4.0,0.0,1.0,0.0,0.0,0.0,0.0,0.0,inf,inf,0.0,1.0,0.0,1.0,0.0,1.0,0.0,4.0
BA,Beef adipose,304,Quintozene (PCNB),292,292,0,0,0,292,0.0,1.0,1.0,0.0,0.0,0.0,0.0,0.0,0.0,0.0,1.0,1.0,0.0,0.0,0.0,0.0,0.0,0.0,0.0,1.0,1.0,0.0,0.0,0.0,0.0,0.0,0.0,0.0,inf,inf,0.0,1.0,0.0,1.0,0.0,1.0,0.0,1.0
BA,Beef adipose,305,Atrazine,292,292,0,0,0,292,0.0,8.0,8.0,0.0,1.0,0.0,0.0,0.0,0.0,0.0,8.0,8.0,0.0,1.0,0.0,0.0,0.0,0.0,0.0,8.0,8.0,0.0,1.0,0.0,0.0,0.0,0.0,0.0,inf,inf,0.0,1.0,0.0,1.0,0.0,1.0,0.0,8.0
BA,Beef adipose,321,Hexachlorobenzene (HCB),292,287,0,5,0,292,0.024657534246575342,1.0075342465753425,0.9828767123287672,0.0,0.0,0.0,0.0,0.0,0.0,0.017123287671232876,1.154109589041096,1.1369863013698631,0.0,0.017123287671232876,0.0,0.0,0.0,0.0,0.0,1.154109589041096,1.154109589041096,0.0,0.017123287671232876,0.0,0.0,0.0,0.0,0.0,inf,inf,0.0,1.0,0.0,1.0,0.0,1.0,0.024657534246575342,1.0075342465753425
BA,Beef adipose,338,Dichlorvos (DDVP),292,292,0,0,0,292,0.0,12.0,12.0,0.0,1.0,0.0,1.0,0.0,0.0,0.0,12.0,12.0,0.0,1.0,0.0,1.0,0.0,0.0,0.0,12.0,12.0,0.0,1.0,0.0,1.0,0.0,0.0,0.0,inf,inf,0.0,1.0,0.0,1.0,0.0,1.0,0.0,12.0
BA,Beef adipose,341,Propanil,292,292,0,0,0,292,0.0,100.0,100.0,0.0,1.0,0.0,1.0,0.0,1.0,0.0,100.0,100.0,0.0,1.0,0.0,1.0,0.0,1.0,0.0,100.0,100.0,0.0,1.0,0.0,1.0,0.0,1.0,0.0,inf,inf,0.0,1.0,0.0,1.0,0.0,1.0,0.0,100.0
BA,Beef adipose,351,Pentachloroaniline (PCA),292,292,0,0,0,292,0.0,2.0,2.0,0.0,0.0,0.0,0.0,0.0,0.0,0.0,2.0,2.0,0.0,0.0,0.0,0.0,0.0,0.0,0.0,2.0,2.0,0.0,0.0,0.0,0.0,0.0,0.0,0.0,inf,inf,0.0,1.0,0.0,1.0,0.0,1.0,0.0,2.0
BA,Beef adipose,382,1-Naphthol,292,292,0,0,0,292,0.0,12.0,12.0,0.0,1.0,0.0,1.0,0.0,0.0,0.0,12.0,12.0,0.0,1.0,0.0,1.0,0.0,0.0,0.0,12.0,12.0,0.0,1.0,0.0,1.0,0.0,0.0,0.0,inf,inf,0.0,1.0,0.0,1.0,0.0,1.0,0.0,12.0
BA,Beef adipose,387,Pentachlorobenzene (PCB),292,292,0,0,0,292,0.0,1.0,1.0,0.0,0.0,0.0,0.0,0.0,0.0,0.0,1.0,1.0,0.0,0.0,0.0,0.0,0.0,0.0,0.0,1.0,1.0,0.0,0.0,0.0,0.0,0.0,0.0,0.0,inf,inf,0.0,1.0,0.0,1.0,0.0,1.0,0.0,1.0
BA,Beef adipose,391,Fenitrothion,292,292,0,0,0,292,0.0,4.0,4.0,0.0,1.0,0.0,0.0,0.0,0.0,0.0,4.0,4.0,0.0,1.0,0.0,0.0,0.0,0.0,0.0,4.0,4.0,0.0,1.0,0.0,0.0,0.0,0.0,0.0,inf,inf,0.0,1.0,0.0,1.0,0.0,1.0,0.0,4.0
BA,Beef adipose,512,3-Hydroxycarbofuran,292,292,0,0,0,292,0.0,16.0,16.0,0.0,1.0,0.0,1.0,0.0,0.0,0.0,16.0,16.0,0.0,1.0,0.0,1.0,0.0,0.0,0.0,16.0,16.0,0.0,1.0,0.0,1.0,0.0,0.0,0.0,inf,inf,0.0,1.0,0.0,1.0,0.0,1.0,0.0,16.0
BA,Beef adipose,529,Vinclozolin,292,292,0,0,0,292,0.0,2.0,2.0,0.0,0.0,0.0,0.0,0.0,0.0,0.0,2.0,2.0,0.0,0.0,0.0,0.0,0.0,0.0,0.0,2.0,2.0,0.0,0.0,0.0,0.0,0.0,0.0,0.0,inf,inf,0.0,1.0,0.0,1.0,0.0,1.0,0.0,2.0
BA,Beef adipose,539,Permethrin Total,292,287,0,5,0,292,0.28184931506849314,10.110616438356166,9.828767123287673,0.017123287671232876,1.0,0.0136986301369863,0.0136986301369863,0.003424657534246575,0.003424657534246575,0.17123287671232876,11.54109589041096,11.36986301369863,0.017123287671232876,1.0,0.0,0.017123287671232876,0.0,0.017123287671232876,0.17123287671232876,26.95205479452055,26.780821917808222,0.017123287671232876,1.0,0.0,0.017123287671232876,0.0,0.017123287671232876,0.0,inf,inf,0.0,1.0,0.0,1.0,0.0,1.0,0.28184931506849314,10.110616438356166
BA,Beef adipose,540,Pronamide,292,292,0,0,0,292,0.0,4.0,4.0,0.0,1.0,0.0,0.0,0.0,0.0,0.0,4.0,4.0,0.0,1.0,0.0,0.0,0.0,0.0,0.0,4.0,4.0,0.0,1.0,0.0,0.0,0.0,0.0,0.0,inf,inf,0.0,1.0,0.0,1.0,0.0,1.0,0.0,4.0
BA,Beef adipose,556,Resmethrin,292,292,0,0,0,292,0.0,12.0,12.0,0.0,1.0,0.0,1.0,0.0,0.0,0.0,12.0,12.0,0.0,1.0,0.0,1.0,0.0,0.0,0.0,12.0,12.0,0.0,1.0,0.0,1.0,0.0,0.0,0.0,inf,inf,0.0,1.0,0.0,1.0,0.0,1.0,0.0,12.0
BA,Beef adipose,596,Norflurazon,292,292,0,0,0,292,0.0,8.0,8.0,0.0,1.0,0.0,0.0,0.0,0.0,0.0,8.0,8.0,0.0,1.0,0.0,0.0,0.0,0.0,0.0,8.0,8.0,0.0,1.0,0.0,0.0,0.0,0.0,0.0,inf,inf,0.0,1.0,0.0,1.0,0.0,1.0,0.0,8.0
BA,Beef adipose,597,Cypermethrin,292,292,0,0,0,292,0.0,4.0,4.0,0.0,1.0,0.0,0.0,0.0,0.0,0.0,4.0,4.0,0.0,1.0,0.0,0.0,0.0,0.0,0.0,4.0,4.0,0.0,1.0,0.0,0.0,0.0,0.0,0.0,inf,inf,0.0,1.0,0.0,1.0,0.0,1.0,0.0,4.0
BA,Beef adipose,607,Metalaxyl,292,0,292,0,0,0,,,,,,,,,,,,,,,,,,,,,,,,,,,,,,,,,,,,,0.0,inf
BA,Beef adipose,608,Triadimefon,292,292,0,0,0,292,0.0,8.0,8.0,0.0,1.0,0.0,0.0,0.0,0.0,0.0,8.0,8.0,0.0,1.0,0.0,0.0,0.0,0.0,0.0,8.0,8.0,0.0,1.0,0.0,0.0,0.0,0.0,0.0,inf,inf,0.0,1.0,0.0,1.0,0.0,1.0,0.0,8.0
BA,Beef adipose,609,Sulprofos,292,292,0,0,0,292,0.0,8.0,8.0,0.0,1.0,0.0,0.0,0.0,0.0,0.0,8.0,8.0,0.0,1.0,0.0,0.0,0.0,0.0,0.0,8.0,8.0,0.0,1.0,0.0,0.0,0.0,0.0,0.0,inf,inf,0.0,1.0,0.0,1.0,0.0,1.0,0.0,8.0
BA,Beef adipose,612,Deltamethrin (includes parent Tralomethrin),292,292,0,0,0,292,0.0,40.0,40.0,0.0,1.0,0.0,1.0,0.0,1.0,0.0,40.0,40.0,0.0,1.0,0.0,1.0,0.0,1.0,0.0,40.0,40.0,0.0,1.0,0.0,1.0,0.0,1.0,0.0,inf,inf,0.0,1.0,0.0,1.0,0.0,1.0,0.0,40.0
BA,Beef adipose,623,Propargite,292,292,0,0,0,292,0.0,20.0,20.0,0.0,1.0,0.0,1.0,0.0,0.0,0.0,20.0,20.0,0.0,1.0,0.0,1.0,0.0,0.0,0.0,20.0,20.0,0.0,1.0,0.0,1.0,0.0,0.0,0.0,inf,inf,0.0,1.0,0.0,1.0,0.0,1.0,0.0,20.0
BA,Beef adipose,624,Tetrahydrophthalimide (THPI),292,292,0,0,0,292,0.0,12.0,12.0,0.0,1.0,0.0,1.0,0.0,0.0,0.0,12.0,12.0,0.0,1.0,0.0,1.0,0.0,0.0,0.0,12.0,12.0,0.0,1.0,0.0,1.0,0.0,0.0,0.0,inf,inf,0.0,1.0,0.0,1.0,0.0,1.0,0.0,12.0
BA,Beef adipose,625,Oxadiazon,292,292,0,0,0,292,0.0,8.0,8.0,0.0,1.0,0.0,0.0,0.0,0.0,0.0,8.0,8.0,0.0,1.0,0.0,0.0,0.0,0.0,0.0,8.0,8.0,0.0,1.0,0.0,0.0,0.0,0.0,0.0,inf,inf,0.0,1.0,0.0,1.0,0.0,1.0,0.0,8.0
BA,Beef adipose,626,Iprodione,292,292,0,0,0,292,0.0,20.0,20.0,0.0,1.0,0.0,1.0,0.0,0.0,0.0,20.0,20.0,0.0,1.0,0.0,1.0,0.0,0.0,0.0,20.0,20.0,0.0,1.0,0.0,1.0,0.0,0.0,0.0,inf,inf,0.0,1.0,0.0,1.0,0.0,1.0,0.0,20.0
BA,Beef adipose,651,Diflubenzuron,292,292,0,0,0,292,0.0,50.0,50.0,0.0,1.0,0.0,1.0,0.0,1.0,0.0,50.0,50.0,0.0,1.0,0.0,1.0,0.0,1.0,0.0,50.0,50.0,0.0,1.0,0.0,1.0,0.0,1.0,0.0,inf,inf,0.0,1.0,0.0,1.0,0.0,1.0,0.0,50.0
BA,Beef adipose,675,Propachlor,292,292,0,0,0,292,0.0,12.0,12.0,0.0,1.0,0.0,1.0,0.0,0.0,0.0,12.0,12.0,0.0,1.0,0.0,1.0,0.0,0.0,0.0,12.0,12.0,0.0,1.0,0.0,1.0,0.0,0.0,0.0,inf,inf,0.0,1.0,0.0,1.0,0.0,1.0,0.0,12.0
BA,Beef adipose,679,Myclobutanil,292,0,292,0,0,0,,,,,,,,,,,,,,,,,,,,,,,,,,,,,,,,,,,,,0.0,inf
BA,Beef adipose,699,Clofentezine,292,292,0,0,0,292,0.0,30.0,30.0,0.0,1.0,0.0,1.0,0.0,1.0,0.0,30.0,30.0,0.0,1.0,0.0,1.0,0.0,1.0,0.0,30.0,30.0,0.0,1.0,0.0,1.0,0.0,1.0,0.0,inf,inf,0.0,1.0,0.0,1.0,0.0,1.0,0.0,30.0
BA,Beef adipose,713,Oxyfluorfen,292,292,0,0,0,292,0.0,1.0,1.0,0.0,0.0,0.0,0.0,0.0,0.0,0.0,1.0,1.0,0.0,0.0,0.0,0.0,0.0,0.0,0.0,1.0,1.0,0.0,0.0,0.0,0.0,0.0,0.0,0.0,inf,inf,0.0,1.0,0.0,1.0,0.0,1.0,0.0,1.0
BA,Beef adipose,721,Ethalfluralin,292,292,0,0,0,292,0.0,1.0,1.0,0.0,0.0,0.0,0.0,0.0,0.0,0.0,1.0,1.0,0.0,0.0,0.0,0.0,0.0,0.0,0.0,1.0,1.0,0.0,0.0,0.0,0.0,0.0,0.0,0.0,inf,inf,0.0,1.0,0.0,1.0,0.0,1.0,0.0,1.0
BA,Beef adipose,722,Etridiazole,292,292,0,0,0,292,0.0,12.0,12.0,0.0,1.0,0.0,1.0,0.0,0.0,0.0,12.0,12.0,0.0,1.0,0.0,1.0,0.0,0.0,0.0,12.0,12.0,0.0,1.0,0.0,1.0,0.0,0.0,0.0,inf,inf,0.0,1.0,0.0,1.0,0.0,1.0,0.0,12.0
BA,Beef adipose,726,Thiobencarb,292,292,0,0,0,292,0.0,40.0,40.0,0.0,1.0,0.0,1.0,0.0,1.0,0.0,40.0,40.0,0.0,1.0,0.0,1.0,0.0,1.0,0.0,40.0,40.0,0.0,1.0,0.0,1.0,0.0,1.0,0.0,inf,inf,0.0,1.0,0.0,1.0,0.0,1.0,0.0,40.0
BA,Beef adipose,750,Quizalofop ethyl,292,292,0,0,0,292,0.0,4.0,4.0,0.0,1.0,0.0,0.0,0.0,0.0,0.0,4.0,4.0,0.0,1.0,0.0,0.0,0.0,0.0,0.0,4.0,4.0,0.0,1.0,0.0,0.0,0.0,0.0,0.0,inf,inf,0.0,1.0,0.0,1.0,0.0,1.0,0.0,4.0
BA,Beef adipose,777,Fenoxaprop ethyl,292,292,0,0,0,292,0.0,8.0,8.0,0.0,1.0,0.0,0.0,0.0,0.0,0.0,8.0,8.0,0.0,1.0,0.0,0.0,0.0,0.0,0.0,8.0,8.0,0.0,1.0,0.0,0.0,0.0,0.0,0.0,inf,inf,0.0,1.0,0.0,1.0,0.0,1.0,0.0,8.0
BA,Beef adipose,780,Tebuthiuron,292,0,292,0,0,0,,,,,,,,,,,,,,,,,,,,,,,,,,,,,,,,,,,,,0.0,inf
BA,Beef adipose,781,Cyfluthrin,292,290,0,2,0,292,0.5061643835616438,4.478767123287671,3.9726027397260273,0.00684931506849315,1.0,0.00684931506849315,0.00684931506849315,0.003424657534246575,0.003424657534246575,0.3767123287671233,7.739726027397261,7.363013698630137,0.00684931506849315,1.0,0.003424657534246575,0.00684931506849315,0.003424657534246575,0.00684931506849315,0.0684931506849315,10.821917808219178,10.753424657534246,0.00684931506849315,1.0,0.0,0.00684931506849315,0.0,0.00684931506849315,0.0,inf,inf,0.0,1.0,0.0,1.0,0.0,1.0,0.5061643835616438,4.478767123287671
BA,Beef adipose,796,Tridiphane,292,292,0,0,0,292,0.0,8.0,8.0,0.0,1.0,0.0,0.0,0.0,0.0,0.0,8.0,8.0,0.0,1.0,0.0,0.0,0.0,0.0,0.0,8.0,8.0,0.0,1.0,0.0,0.0,0.0,0.0,0.0,inf,inf,0.0,1.0,0.0,1.0,0.0,1.0,0.0,8.0
BA,Beef adipose,808,Fenpropathrin,292,292,0,0,0,292,0.0,20.0,20.0,0.0,1.0,0.0,1.0,0.0,0.0,0.0,20.0,20.0,0.0,1.0,0.0,1.0,0.0,0.0,0.0,20.0,20.0,0.0,1.0,0.0,1.0,0.0,0.0,0.0,inf,inf,0.0,1.0,0.0,1.0,0.0,1.0,0.0,20.0
BA,Beef adipose,848,Phenothrin,292,292,0,0,0,292,0.0,12.0,12.0,0.0,1.0,0.0,1.0,0.0,0.0,0.0,12.0,12.0,0.0,1.0,0.0,1.0,0.0,0.0,0.0,12.0,12.0,0.0,1.0,0.0,1.0,0.0,0.0,0.0,inf,inf,0.0,1.0,0.0,1.0,0.0,1.0,0.0,12.0
BA,Beef adipose,900,Endosulfan I,292,291,0,1,0,292,0.007191780821917808,2.0003424657534246,1.9931506849315068,0.003424657534246575,0.003424657534246575,0.0,0.0,0.0,0.0,0.003424657534246575,2.0273972602739727,2.0239726027397262,0.0,0.003424657534246575,0.0,0.0,0.0,0.0,0.0,2.0273972602739727,2.0273972602739727,0.0,0.003424657534246575,0.0,0.0,0.0,0.0,0.0,inf,inf,0.0,1.0,0.0,1.0,0.0,1.0,0.007191780821917808,2.0003424657534246
BA,Beef adipose,901,Endosulfan II,292,291,0,1,0,292,0.00958904109589041,2.002739726027397,1.9931506849315066,0.003424657534246575,0.003424657534246575,0.0,0.0,0.0,0.0,0.003424657534246575,2.0273972602739727,2.0239726027397262,0.0,0.003424657534246575,0.0,0.0,0.0,0.0,0.0,2.0273972602739727,2.0273972602739727,0.0,0.003424657534246575,0.0,0.0,0.0,0.0,0.0,inf,inf,0.0,1.0,0.0,1.0,0.0,1.0,0.00958904109589041,2.002739726027397
BA,Beef adipose,902,Endosulfan sulfate,292,287,0,5,0,292,0.4979452054794521,2.463698630136986,1.9657534246575339,0.017123287671232876,0.017123287671232876,0.00684931506849315,0.00684931506849315,0.003424657534246575,0.003424657534246575,0.386986301369863,5.835616438356165,5.448630136986302,0.00684931506849315,0.017123287671232876,0.003424657534246575,0.00684931506849315,0.003424657534246575,0.00684931506849315,0.0684931506849315,8.917808219178083,8.849315068493151,0.00684931506849315,0.017123287671232876,0.0,0.00684931506849315,0.0,0.00684931506849315,0.0,inf,inf,0.0,1.0,0.0,1.0,0.0,1.0,0.4979452054794521,2.463698630136986
BA,Beef adipose,903,BHC alpha,292,292,0,0,0,292,0.0,4.0,4.0,0.0,1.0,0.0,0.0,0.0,0.0,0.0,4.0,4.0,0.0,1.0,0.0,0.0,0.0,0.0,0.0,4.0,4.0,0.0,1.0,0.0,0.0,0.0,0.0,0.0,inf,inf,0.0,1.0,0.0,1.0,0.0,1.0,0.0,4.0
BA,Beef adipose,906,"DDT p,p'",292,291,0,1,0,292,0.055136986301369866,8.027739726027397,7.972602739726027,0.003424657534246575,1.0,0.003424657534246575,0.003424657534246575,0.0,0.0,0.03424657534246575,8.315068493150685,8.280821917808218,0.003424657534246575,1.0,0.0,0.003424657534246575,0.0,0.003424657534246575,0.03424657534246575,11.397260273972602,11.363013698630136,0.003424657534246575,1.0,0.0,0.003424657534246575,0.0,0.003424657534246575,0.0,inf,inf,0.0,1.0,0.0,1.0,0.0,1.0,0.055136986301369866,8.027739726027397
BA,Beef adipose,908,"DDD p,p'",292,291,0,1,0,292,0.015753424657534244,2.008904109589041,1.993150684931507,0.003424657534246575,0.003424657534246575,0.0,0.0,0.0,0.0,0.003424657534246575,2.0273972602739727,2.0239726027397262,0.0,0.003424657534246575,0.0,0.0,0.0,0.0,0.0,2.0273972602739727,2.0273972602739727,0.0,0.003424657534246575,0.0,0.0,0.0,0.0,0.0,inf,inf,0.0,1.0,0.0,1.0,0.0,1.0,0.015753424657534244,2.008904109589041
BA,Beef adipose,909,"DDD o,p'",292,292,0,0,0,292,0.0,2.0,2.0,0.0,0.0,0.0,0.0,0.0,0.0,0.0,2.0,2.0,0.0,0.0,0.0,0.0,0.0,0.0,0.0,2.0,2.0,0.0,0.0,0.0,0.0,0.0,0.0,0.0,inf,inf,0.0,1.0,0.0,1.0,0.0,1.0,0.0,2.0
BA,Beef adipose,910,"DDE p,p'",292,223,0,69,0,292,2.8404109589041093,4.367808219178083,1.5273972602739736,0.2363013698630137,0.2363013698630137,0.07191780821917808,0.07191780821917808,0.0410958904109589,0.0410958904109589,1.1917808219178083,13.445205479452055,12.253424657534246,0.07191780821917808,0.2363013698630137,0.003424657534246575,0.07191780821917808,0.003424657534246575,0.07191780821917808,0.7191780821917808,75.08904109589041,74.36986301369863,0.07191780821917808,0.2363013698630137,0.0,0.07191780821917808,0.0,0.07191780821917808,0.0,inf,inf,0.0,1.0,0.0,1.0,0.0,1.0,2.8404109589041093,4.367808219178083
BA,Beef adipose,911,"DDE o,p'",292,292,0,0,0,292,0.0,2.0,2.0,0.0,0.0,0.0,0.0,0.0,0.0,0.0,2.0,2.0,0.0,0.0,0.0,0.0,0.0,0.0,0.0,2.0,2.0,0.0,0.0,0.0,0.0,0.0,0.0,0.0,inf,inf,0.0,1.0,0.0,1.0,0.0,1.0,0.0,2.0
BA,Beef adipose,930,Bifenthrin,292,277,0,15,0,292,0.1023972602739726,1.051027397260274,0.9486301369863014,0.02054794520547945,0.02054794520547945,0.0,0.0,0.0,0.0,0.05136986301369863,1.4623287671232876,1.410958904109589,0.0,0.05136986301369863,0.0,0.0,0.0,0.0,0.0,1.4623287671232876,1.4623287671232876,0.0,0.05136986301369863,0.0,0.0,0.0,0.0,0.0,inf,inf,0.0,1.0,0.0,1.0,0.0,1.0,0.1023972602739726,1.051027397260274
BA,Beef adipose,945,Ethofumesate,292,292,0,0,0,292,0.0,16.0,16.0,0.0,1.0,0.0,1.0,0.0,0.0,0.0,16.0,16.0,0.0,1.0,0.0,1.0,0.0,0.0,0.0,16.0,16.0,0.0,1.0,0.0,1.0,0.0,0.0,0.0,inf,inf,0.0,1.0,0.0,1.0,0.0,1.0,0.0,16.0
BA,Beef adipose,947,Tetramethrin,292,292,0,0,0,292,0.0,10.0,10.0,0.0,1.0,0.0,0.0,0.0,0.0,0.0,10.0,10.0,0.0,1.0,0.0,0.0,0.0,0.0,0.0,10.0,10.0,0.0,1.0,0.0,0.0,0.0,0.0,0.0,inf,inf,0.0,1.0,0.0,1.0,0.0,1.0,0.0,10.0
BA,Beef adipose,967,Imidacloprid,292,292,0,0,0,292,0.0,40.0,40.0,0.0,1.0,0.0,1.0,0.0,1.0,0.0,40.0,40.0,0.0,1.0,0.0,1.0,0.0,1.0,0.0,40.0,40.0,0.0,1.0,0.0,1.0,0.0,1.0,0.0,inf,inf,0.0,1.0,0.0,1.0,0.0,1.0,0.0,40.0
BA,Beef adipose,A82,Fipronil,292,292,0,0,0,292,0.0,12.0,12.0,0.0,1.0,0.0,1.0,0.0,0.0,0.0,12.0,12.0,0.0,1.0,0.0,1.0,0.0,0.0,0.0,12.0,12.0,0.0,1.0,0.0,1.0,0.0,0.0,0.0,inf,inf,0.0,1.0,0.0,1.0,0.0,1.0,0.0,12.0
BA,Beef adipose,AAK,Chlorfenvinphos total,292,292,0,0,0,292,0.0,40.0,40.0,0.0,1.0,0.0,1.0,0.0,1.0,0.0,40.0,40.0,0.0,1.0,0.0,1.0,0.0,1.0,0.0,40.0,40.0,0.0,1.0,0.0,1.0,0.0,1.0,0.0,inf,inf,0.0,1.0,0.0,1.0,0.0,1.0,0.0,40.0
BA,Beef adipose,ABG,Tebufenozide,292,292,0,0,0,292,0.0,10.0,10.0,0.0,1.0,0.0,0.0,0.0,0.0,0.0,10.0,10.0,0.0,1.0,0.0,0.0,0.0,0.0,0.0,10.0,10.0,0.0,1.0,0.0,0.0,0.0,0.0,0.0,inf,inf,0.0,1.0,0.0,1.0,0.0,1.0,0.0,10.0
BA,Beef adipose,ADC,Prallethrin,292,292,0,0,0,292,0.0,8.0,8.0,0.0,1.0,0.0,0.0,0.0,0.0,0.0,8.0,8.0,0.0,1.0,0.0,0.0,0.0,0.0,0.0,8.0,8.0,0.0,1.0,0.0,0.0,0.0,0.0,0.0,inf,inf,0.0,1.0,0.0,1.0,0.0,1.0,0.0,8.0
BA,Beef adipose,ADE,Esfenvalerate+Fenvalerate Total,292,292,0,0,0,292,0.0,4.0,4.0,0.0,1.0,0.0,0.0,0.0,0.0,0.0,4.0,4.0,0.0,1.0,0.0,0.0,0.0,0.0,0.0,4.0,4.0,0.0,1.0,0.0,0.0,0.0,0.0,0.0,inf,inf,0.0,1.0,0.0,1.0,0.0,1.0,0.0,4.0
BA,Beef adipose,ADG,Indoxacarb,292,292,0,0,0,292,0.0,50.0,50.0,0.0,1.0,0.0,1.0,0.0,1.0,0.0,50.0,50.0,0.0,1.0,0.0,1.0,0.0,1.0,0.0,50.0,50.0,0.0,1.0,0.0,1.0,0.0,1.0,0.0,inf,inf,0.0,1.0,0.0,1.0,0.0,1.0,0.0,50.0
BA,Beef adipose,ADH,Cyphenothrin,292,292,0,0,0,292,0.0,20.0,20.0,0.0,1.0,0.0,1.0,0.0,0.0,0.0,20.0,20.0,0.0,1.0,0.0,1.0,0.0,0.0,0.0,20.0,20.0,0.0,1.0,0.0,1.0,0.0,0.0,0.0,inf,inf,0.0,1.0,0.0,1.0,0.0,1.0,0.0,20.0
BA,Beef adipose,ADJ,Fluroxypyr 1-methylheptyl ester,292,292,0,0,0,292,0.0,1.0,1.0,0.0,0.0,0.0,0.0,0.0,0.0,0.0,1.0,1.0,0.0,0.0,0.0,0.0,0.0,0.0,0.0,1.0,1.0,0.0,0.0,0.0,0.0,0.0,0.0,0.0,inf,inf,0.0,1.0,0.0,1.0,0.0,1.0,0.0,1.0
BA,Beef adipose,ADK,Imiprothrin,252,252,0,0,0,252,0.0,40.0,40.0,0.0,1.0,0.0,1.0,0.0,1.0,0.0,40.0,40.0,0.0,1.0,0.0,1.0,0.0,1.0,0.0,40.0,40.0,0.0,1.0,0.0,1.0,0.0,1.0,0.0,inf,inf,0.0,1.0,0.0,1.0,0.0,1.0,0.0,40.0
BA,Beef adipose,AEL,"Cyhalothrin, Total (Cyhalothrin-L + R157836 epimer)",292,258,0,34,0,292,0.5174657534246575,1.401027397260274,0.8835616438356165,0.0547945205479452,0.0547945205479452,0.0136986301369863,0.0136986301369863,0.00684931506849315,0.00684931506849315,0.23972602739726026,3.280821917808219,3.041095890410959,0.0136986301369863,0.11643835616438356,0.0,0.0136986301369863,0.0,0.0136986301369863,0.136986301369863,15.60958904109589,15.472602739726028,0.0136986301369863,0.11643835616438356,0.0,0.0136986301369863,0.0,0.0136986301369863,0.0,inf,inf,0.0,1.0,0.0,1.0,0.0,1.0,0.5174657534246575,1.401027397260274
BA,Beef adipose,AEP,Clothianidin,292,292,0,0,0,292,0.0,40.0,40.0,0.0,1.0,0.0,1.0,0.0,1.0,0.0,40.0,40.0,0.0,1.0,0.0,1.0,0.0,1.0,0.0,40.0,40.0,0.0,1.0,0.0,1.0,0.0,1.0,0.0,inf,inf,0.0,1.0,0.0,1.0,0.0,1.0,0.0,40.0
BA,Beef adipose,AES,Methoxyfenozide,292,292,0,0,0,292,0.0,8.0,8.0,0.0,1.0,0.0,0.0,0.0,0.0,0.0,8.0,8.0,0.0,1.0,0.0,0.0,0.0,0.0,0.0,8.0,8.0,0.0,1.0,0.0,0.0,0.0,0.0,0.0,inf,inf,0.0,1.0,0.0,1.0,0.0,1.0,0.0,8.0
BA,Beef adipose,AEW,Famoxadone,292,292,0,0,0,292,0.0,40.0,40.0,0.0,1.0,0.0,1.0,0.0,1.0,0.0,40.0,40.0,0.0,1.0,0.0,1.0,0.0,1.0,0.0,40.0,40.0,0.0,1.0,0.0,1.0,0.0,1.0,0.0,inf,inf,0.0,1.0,0.0,1.0,0.0,1.0,0.0,40.0
BA,Beef adipose,AFO,Dinotefuran,292,292,0,0,0,292,0.0,50.0,50.0,0.0,1.0,0.0,1.0,0.0,1.0,0.0,50.0,50.0,0.0,1.0,0.0,1.0,0.0,1.0,0.0,50.0,50.0,0.0,1.0,0.0,1.0,0.0,1.0,0.0,inf,inf,0.0,1.0,0.0,1.0,0.0,1.0,0.0,50.0
BA,Beef adipose,AFS,Fenpyroximate,292,292,0,0,0,292,0.0,8.0,8.0,0.0,1.0,0.0,0.0,0.0,0.0,0.0,8.0,8.0,0.0,1.0,0.0,0.0,0.0,0.0,0.0,8.0,8.0,0.0,1.0,0.0,0.0,0.0,0.0,0.0,inf,inf,0.0,1.0,0.0,1.0,0.0,1.0,0.0,8.0
BA,Beef adipose,AFX,Novaluron,292,292,0,0,0,292,0.0,150.0,150.0,0.0,1.0,0.0,1.0,0.0,1.0,0.0,150.0,150.0,0.0,1.0,0.0,1.0,0.0,1.0,0.0,150.0,150.0,0.0,1.0,0.0,1.0,0.0,1.0,0.0,inf,inf,0.0,1.0,0.0,1.0,0.0,1.0,0.0,150.0
BA,Beef adipose,AGG,Flonicamid,292,292,0,0,0,292,0.0,200.0,200.0,0.0,1.0,0.0,1.0,0.0,1.0,0.0,200.0,200.0,0.0,1.0,0.0,1.0,0.0,1.0,0.0,200.0,200.0,0.0,1.0,0.0,1.0,0.0,1.0,0.0,inf,inf,0.0,1.0,0.0,1.0,0.0,1.0,0.0,200.0
BA,Beef adipose,AGJ,Fluoxastrobin,292,292,0,0,0,292,0.0,8.0,8.0,0.0,1.0,0.0,0.0,0.0,0.0,0.0,8.0,8.0,0.0,1.0,0.0,0.0,0.0,0.0,0.0,8.0,8.0,0.0,1.0,0.0,0.0,0.0,0.0,0.0,inf,inf,0.0,1.0,0.0,1.0,0.0,1.0,0.0,8.0
BA,Beef adipose,AGR,"2,4-dimethylphenyl formamide (2,4-DMPF)",292,292,0,0,0,292,0.0,40.0,40.0,0.0,1.0,0.0,1.0,0.0,1.0,0.0,40.0,40.0,0.0,1.0,0.0,1.0,0.0,1.0,0.0,40.0,40.0,0.0,1.0,0.0,1.0,0.0,1.0,0.0,inf,inf,0.0,1.0,0.0,1.0,0.0,1.0,0.0,40.0
BA,Beef adipose,AGT,Spiromesifen,292,292,0,0,0,292,0.0,20.0,20.0,0.0,1.0,0.0,1.0,0.0,0.0,0.0,20.0,20.0,0.0,1.0,0.0,1.0,0.0,0.0,0.0,20.0,20.0,0.0,1.0,0.0,1.0,0.0,0.0,0.0,inf,inf,0.0,1.0,0.0,1.0,0.0,1.0,0.0,20.0
BA,Beef adipose,AHG,Flufenoxuron,292,292,0,0,0,292,0.0,30.0,30.0,0.0,1.0,0.0,1.0,0.0,1.0,0.0,30.0,30.0,0.0,1.0,0.0,1.0,0.0,1.0,0.0,30.0,30.0,0.0,1.0,0.0,1.0,0.0,1.0,0.0,inf,inf,0.0,1.0,0.0,1.0,0.0,1.0,0.0,30.0
BA,Beef adipose,B10,Hexythiazox,292,292,0,0,0,292,0.0,12.0,12.0,0.0,1.0,0.0,1.0,0.0,0.0,0.0,12.0,12.0,0.0,1.0,0.0,1.0,0.0,0.0,0.0,12.0,12.0,0.0,1.0,0.0,1.0,0.0,0.0,0.0,inf,inf,0.0,1.0,0.0,1.0,0.0,1.0,0.0,12.0
BA,Beef adipose,B21,Carfentrazone ethyl,292,292,0,0,0,292,0.0,4.0,4.0,0.0,1.0,0.0,0.0,0.0,0.0,0.0,4.0,4.0,0.0,1.0,0.0,0.0,0.0,0.0,0.0,4.0,4.0,0.0,1.0,0.0,0.0,0.0,0.0,0.0,inf,inf,0.0,1.0,0.0,1.0,0.0,1.0,0.0,4.0
BA,Beef adipose,B26,Tefluthrin,292,292,0,0,0,292,0.0,1.0,1.0,0.0,0.0,0.0,0.0,0.0,0.0,0.0,1.0,1.0,0.0,0.0,0.0,0.0,0.0,0.0,0.0,1.0,1.0,0.0,0.0,0.0,0.0,0.0,0.0,0.0,inf,inf,0.0,1.0,0.0,1.0,0.0,1.0,0.0,1.0
BA,Beef adipose,B43,Thiamethoxam,292,292,0,0,0,292,0.0,80.0,80.0,0.0,1.0,0.0,1.0,0.0,1.0,0.0,80.0,80.0,0.0,1.0,0.0,1.0,0.0,1.0,0.0,80.0,80.0,0.0,1.0,0.0,1.0,0.0,1.0,0.0,inf,inf,0.0,1.0,0.0,1.0,0.0,1.0,0.0,80.0
BA,Beef adipose,B48,Azoxystrobin,292,292,0,0,0,292,0.0,4.0,4.0,0.0,1.0,0.0,0.0,0.0,0.0,0.0,4.0,4.0,0.0,1.0,0.0,0.0,0.0,0.0,0.0,4.0,4.0,0.0,1.0,0.0,0.0,0.0,0.0,0.0,inf,inf,0.0,1.0,0.0,1.0,0.0,1.0,0.0,4.0
BA,Beef adipose,B56,Pyridaben,292,292,0,0,0,292,0.0,4.0,4.0,0.0,1.0,0.0,0.0,0.0,0.0,0.0,4.0,4.0,0.0,1.0,0.0,0.0,0.0,0.0,0.0,4.0,4.0,0.0,1.0,0.0,0.0,0.0,0.0,0.0,inf,inf,0.0,1.0,0.0,1.0,0.0,1.0,0.0,4.0
BA,Beef adipose,B61,Pyraclostrobin,292,292,0,0,0,292,0.0,60.0,60.0,0.0,1.0,0.0,1.0,0.0,1.0,0.0,60.0,60.0,0.0,1.0,0.0,1.0,0.0,1.0,0.0,60.0,60.0,0.0,1.0,0.0,1.0,0.0,1.0,0.0,inf,inf,0.0,1.0,0.0,1.0,0.0,1.0,0.0,60.0
BA,Beef adipose,B63,Flutolanil,292,292,0,0,0,292,0.0,4.0,4.0,0.0,1.0,0.0,0.0,0.0,0.0,0.0,4.0,4.0,0.0,1.0,0.0,0.0,0.0,0.0,0.0,4.0,4.0,0.0,1.0,0.0,0.0,0.0,0.0,0.0,inf,inf,0.0,1.0,0.0,1.0,0.0,1.0,0.0,4.0
BA,Beef adipose,B64,Fenamidone,292,292,0,0,0,292,0.0,20.0,20.0,0.0,1.0,0.0,1.0,0.0,0.0,0.0,20.0,20.0,0.0,1.0,0.0,1.0,0.0,0.0,0.0,20.0,20.0,0.0,1.0,0.0,1.0,0.0,0.0,0.0,inf,inf,0.0,1.0,0.0,1.0,0.0,1.0,0.0,20.0
BA,Beef adipose,B68,Thiacloprid,292,292,0,0,0,292,0.0,8.0,8.0,0.0,1.0,0.0,0.0,0.0,0.0,0.0,8.0,8.0,0.0,1.0,0.0,0.0,0.0,0.0,0.0,8.0,8.0,0.0,1.0,0.0,0.0,0.0,0.0,0.0,inf,inf,0.0,1.0,0.0,1.0,0.0,1.0,0.0,8.0
BA,Beef adipose,B75,Boscalid,292,292,0,0,0,292,0.0,12.0,12.0,0.0,1.0,0.0,1.0,0.0,0.0,0.0,12.0,12.0,0.0,1.0,0.0,1.0,0.0,0.0,0.0,12.0,12.0,0.0,1.0,0.0,1.0,0.0,0.0,0.0,inf,inf,0.0,1.0,0.0,1.0,0.0,1.0,0.0,12.0
BA,Beef adipose,B79,Trifloxystrobin,292,292,0,0,0,292,0.0,4.0,4.0,0.0,1.0,0.0,0.0,0.0,0.0,0.0,4.0,4.0,0.0,1.0,0.0,0.0,0.0,0.0,0.0,4.0,4.0,0.0,1.0,0.0,0.0,0.0,0.0,0.0,inf,inf,0.0,1.0,0.0,1.0,0.0,1.0,0.0,4.0
BA,Beef adipose,B80,Acetamiprid,292,292,0,0,0,292,0.0,60.0,60.0,0.0,1.0,0.0,1.0,0.0,1.0,0.0,60.0,60.0,0.0,1.0,0.0,1.0,0.0,1.0,0.0,60.0,60.0,0.0,1.0,0.0,1.0,0.0,1.0,0.0,inf,inf,0.0,1.0,0.0,1.0,0.0,1.0,0.0,60.0
BA,Beef adipose,B82,Bifenazate,292,292,0,0,0,292,0.0,40.0,40.0,0.0,1.0,0.0,1.0,0.0,1.0,0.0,40.0,40.0,0.0,1.0,0.0,1.0,0.0,1.0,0.0,40.0,40.0,0.0,1.0,0.0,1.0,0.0,1.0,0.0,inf,inf,0.0,1.0,0.0,1.0,0.0,1.0,0.0,40.0
BA,Beef adipose,B85,Spirodiclofen,292,292,0,0,0,292,0.0,2.0,2.0,0.0,0.0,0.0,0.0,0.0,0.0,0.0,2.0,2.0,0.0,0.0,0.0,0.0,0.0,0.0,0.0,2.0,2.0,0.0,0.0,0.0,0.0,0.0,0.0,0.0,inf,inf,0.0,1.0,0.0,1.0,0.0,1.0,0.0,2.0
BM,Beef muscle,001,Aldrin,292,292,0,0,0,292,0.0,20.0,20.0,0.0,1.0,0.0,1.0,0.0,0.0,0.0,20.0,20.0,0.0,1.0,0.0,1.0,0.0,0.0,0.0,20.0,20.0,0.0,1.0,0.0,1.0,0.0,0.0,0.0,inf,inf,0.0,1.0,0.0,1.0,0.0,1.0,0.0,20.0
BM,Beef muscle,002,Allethrin,292,292,0,0,0,292,0.0,20.0,20.0,0.0,1.0,0.0,1.0,0.0,0.0,0.0,20.0,20.0,0.0,1.0,0.0,1.0,0.0,0.0,0.0,20.0,20.0,0.0,1.0,0.0,1.0,0.0,0.0,0.0,inf,inf,0.0,1.0,0.0,1.0,0.0,1.0,0.0,20.0
BM,Beef muscle,011,Captan,292,292,0,0,0,292,0.0,20.0,20.0,0.0,1.0,0.0,1.0,0.0,0.0,0.0,20.0,20.0,0.0,1.0,0.0,1.0,0.0,0.0,0.0,20.0,20.0,0.0,1.0,0.0,1.0,0.0,0.0,0.0,inf,inf,0.0,1.0,0.0,1.0,0.0,1.0,0.0,20.0
BM,Beef muscle,024,Diazinon,292,292,0,0,0,292,0.0,4.0,4.0,0.0,1.0,0.0,0.0,0.0,0.0,0.0,4.0,4.0,0.0,1.0,0.0,0.0,0.0,0.0,0.0,4.0,4.0,0.0,1.0,0.0,0.0,0.0,0.0,0.0,inf,inf,0.0,1.0,0.0,1.0,0.0,1.0,0.0,4.0
BM,Beef muscle,028,Dieldrin,292,292,0,0,0,292,0.0,20.0,20.0,0.0,1.0,0.0,1.0,0.0,0.0,0.0,20.0,20.0,0.0,1.0,0.0,1.0,0.0,0.0,0.0,20.0,20.0,0.0,1.0,0.0,1.0,0.0,0.0,0.0,inf,inf,0.0,1.0,0.0,1.0,0.0,1.0,0.0,20.0
BM,Beef muscle,032,Diuron,292,292,0,0,0,292,0.0,60.0,60.0,0.0,1.0,0.0,1.0,0.0,1.0,0.0,60.0,60.0,0.0,1.0,0.0,1.0,0.0,1.0,0.0,60.0,60.0,0.0,1.0,0.0,1.0,0.0,1.0,0.0,inf,inf,0.0,1.0,0.0,1.0,0.0,1.0,0.0,60.0
BM,Beef muscle,034,Endrin,292,292,0,0,0,292,0.0,20.0,20.0,0.0,1.0,0.0,1.0,0.0,0.0,0.0,20.0,20.0,0.0,1.0,0.0,1.0,0.0,0.0,0.0,20.0,20.0,0.0,1.0,0.0,1.0,0.0,0.0,0.0,inf,inf,0.0,1.0,0.0,1.0,0.0,1.0,0.0,20.0
BM,Beef muscle,042,Azinphos methyl,292,292,0,0,0,292,0.0,8.0,8.0,0.0,1.0,0.0,0.0,0.0,0.0,0.0,8.0,8.0,0.0,1.0,0.0,0.0,0.0,0.0,0.0,8.0,8.0,0.0,1.0,0.0,0.0,0.0,0.0,0.0,inf,inf,0.0,1.0,0.0,1.0,0.0,1.0,0.0,8.0
BM,Beef muscle,044,Heptachlor,292,292,0,0,0,292,0.0,20.0,20.0,0.0,1.0,0.0,1.0,0.0,0.0,0.0,20.0,20.0,0.0,1.0,0.0,1.0,0.0,0.0,0.0,20.0,20.0,0.0,1.0,0.0,1.0,0.0,0.0,0.0,inf,inf,0.0,1.0,0.0,1.0,0.0,1.0,0.0,20.0
BM,Beef muscle,050,Lindane (BHC gamma),292,292,0,0,0,292,0.0,8.0,8.0,0.0,1.0,0.0,0.0,0.0,0.0,0.0,8.0,8.0,0.0,1.0,0.0,0.0,0.0,0.0,0.0,8.0,8.0,0.0,1.0,0.0,0.0,0.0,0.0,0.0,inf,inf,0.0,1.0,0.0,1.0,0.0,1.0,0.0,8.0
BM,Beef muscle,052,Malathion,292,292,0,0,0,292,0.0,4.0,4.0,0.0,1.0,0.0,0.0,0.0,0.0,0.0,4.0,4.0,0.0,1.0,0.0,0.0,0.0,0.0,0.0,4.0,4.0,0.0,1.0,0.0,0.0,0.0,0.0,0.0,inf,inf,0.0,1.0,0.0,1.0,0.0,1.0,0.0,4.0
BM,Beef muscle,057,Parathion methyl,292,292,0,0,0,292,0.0,4.0,4.0,0.0,1.0,0.0,0.0,0.0,0.0,0.0,4.0,4.0,0.0,1.0,0.0,0.0,0.0,0.0,0.0,4.0,4.0,0.0,1.0,0.0,0.0,0.0,0.0,0.0,inf,inf,0.0,1.0,0.0,1.0,0.0,1.0,0.0,4.0
BM,Beef muscle,058,MGK-264,292,292,0,0,0,292,0.0,20.0,20.0,0.0,1.0,0.0,1.0,0.0,0.0,0.0,20.0,20.0,0.0,1.0,0.0,1.0,0.0,0.0,0.0,20.0,20.0,0.0,1.0,0.0,1.0,0.0,0.0,0.0,inf,inf,0.0,1.0,0.0,1.0,0.0,1.0,0.0,20.0
BM,Beef muscle,065,Parathion ethyl,292,292,0,0,0,292,0.0,8.0,8.0,0.0,1.0,0.0,0.0,0.0,0.0,0.0,8.0,8.0,0.0,1.0,0.0,0.0,0.0,0.0,0.0,8.0,8.0,0.0,1.0,0.0,0.0,0.0,0.0,0.0,inf,inf,0.0,1.0,0.0,1.0,0.0,1.0,0.0,8.0
BM,Beef muscle,070,Piperonyl butoxide,292,292,0,0,0,292,0.0,8.0,8.0,0.0,1.0,0.0,0.0,0.0,0.0,0.0,8.0,8.0,0.0,1.0,0.0,0.0,0.0,0.0,0.0,8.0,8.0,0.0,1.0,0.0,0.0,0.0,0.0,0.0,inf,inf,0.0,1.0,0.0,1.0,0.0,1.0,0.0,8.0
BM,Beef muscle,075,Pyrethrins,292,292,0,0,0,292,0.0,40.0,40.0,0.0,1.0,0.0,1.0,0.0,1.0,0.0,40.0,40.0,0.0,1.0,0.0,1.0,0.0,1.0,0.0,40.0,40.0,0.0,1.0,0.0,1.0,0.0,1.0,0.0,inf,inf,0.0,1.0,0.0,1.0,0.0,1.0,0.0,40.0
BM,Beef muscle,102,Carbaryl,292,292,0,0,0,292,0.0,20.0,20.0,0.0,1.0,0.0,1.0,0.0,0.0,0.0,20.0,20.0,0.0,1.0,0.0,1.0,0.0,0.0,0.0,20.0,20.0,0.0,1.0,0.0,1.0,0.0,0.0,0.0,inf,inf,0.0,1.0,0.0,1.0,0.0,1.0,0.0,20.0
BM,Beef muscle,107,Ethion,292,292,0,0,0,292,0.0,20.0,20.0,0.0,1.0,0.0,1.0,0.0,0.0,0.0,20.0,20.0,0.0,1.0,0.0,1.0,0.0,0.0,0.0,20.0,20.0,0.0,1.0,0.0,1.0,0.0,0.0,0.0,inf,inf,0.0,1.0,0.0,1.0,0.0,1.0,0.0,20.0
BM,Beef muscle,114,Chlorpropham,292,292,0,0,0,292,0.0,40.0,40.0,0.0,1.0,0.0,1.0,0.0,1.0,0.0,40.0,40.0,0.0,1.0,0.0,1.0,0.0,1.0,0.0,40.0,40.0,0.0,1.0,0.0,1.0,0.0,1.0,0.0,inf,inf,0.0,1.0,0.0,1.0,0.0,1.0,0.0,40.0
BM,Beef muscle,124,Coumaphos,292,292,0,0,0,292,0.0,3.3835616438356166,3.3835616438356166,0.0,0.7945205479452054,0.0,0.0,0.0,0.0,0.0,3.3835616438356166,3.3835616438356166,0.0,0.7945205479452054,0.0,0.0,0.0,0.0,0.0,3.3835616438356166,3.3835616438356166,0.0,0.7945205479452054,0.0,0.0,0.0,0.0,0.0,inf,inf,0.0,1.0,0.0,1.0,0.0,1.0,0.0,3.3835616438356166
BM,Beef muscle,125,Diphenylamine (DPA),292,0,287,5,0,5,3.0,3.0,0.0,1.0,1.0,0.0,0.0,0.0,0.0,1.0,10.0,9.0,0.0,1.0,0.0,0.0,0.0,0.0,0.0,10.0,10.0,0.0,1.0,0.0,0.0,0.0,0.0,0.0,inf,inf,0.0,1.0,0.0,1.0,0.0,1.0,0.05136986301369863,inf
BM,Beef muscle,129,Linuron,292,292,0,0,0,292,0.0,20.0,20.0,0.0,1.0,0.0,1.0,0.0,0.0,0.0,20.0,20.0,0.0,1.0,0.0,1.0,0.0,0.0,0.0,20.0,20.0,0.0,1.0,0.0,1.0,0.0,0.0,0.0,inf,inf,0.0,1.0,0.0,1.0,0.0,1.0,0.0,20.0
BM,Beef muscle,143,Heptachlor epoxide,292,292,0,0,0,292,0.0,20.0,20.0,0.0,1.0,0.0,1.0,0.0,0.0,0.0,20.0,20.0,0.0,1.0,0.0,1.0,0.0,0.0,0.0,20.0,20.0,0.0,1.0,0.0,1.0,0.0,0.0,0.0,inf,inf,0.0,1.0,0.0,1.0,0.0,1.0,0.0,20.0
BM,Beef muscle,148,Phorate,292,292,0,0,0,292,0.0,12.0,12.0,0.0,1.0,0.0,1.0,0.0,0.0,0.0,12.0,12.0,0.0,1.0,0.0,1.0,0.0,0.0,0.0,12.0,12.0,0.0,1.0,0.0,1.0,0.0,0.0,0.0,inf,inf,0.0,1.0,0.0,1.0,0.0,1.0,0.0,12.0
BM,Beef muscle,149,Simazine,292,292,0,0,0,292,0.0,12.0,12.0,0.0,1.0,0.0,1.0,0.0,0.0,0.0,12.0,12.0,0.0,1.0,0.0,1.0,0.0,0.0,0.0,12.0,12.0,0.0,1.0,0.0,1.0,0.0,0.0,0.0,inf,inf,0.0,1.0,0.0,1.0,0.0,1.0,0.0,12.0
BM,Beef muscle,151,Trifluralin,292,292,0,0,0,292,0.0,1.0,1.0,0.0,0.0,0.0,0.0,0.0,0.0,0.0,1.0,1.0,0.0,0.0,0.0,0.0,0.0,0.0,0.0,1.0,1.0,0.0,0.0,0.0,0.0,0.0,0.0,0.0,inf,inf,0.0,1.0,0.0,1.0,0.0,1.0,0.0,1.0
BM,Beef muscle,159,Methomyl,292,292,0,0,0,292,0.0,24.0,24.0,0.0,1.0,0.0,1.0,0.0,1.0,0.0,24.0,24.0,0.0,1.0,0.0,1.0,0.0,1.0,0.0,24.0,24.0,0.0,1.0,0.0,1.0,0.0,1.0,0.0,inf,inf,0.0,1.0,0.0,1.0,0.0,1.0,0.0,24.0
BM,Beef muscle,160,Chlorpyrifos,292,292,0,0,0,292,0.0,1.0,1.0,0.0,0.0,0.0,0.0,0.0,0.0,0.0,1.0,1.0,0.0,0.0,0.0,0.0,0.0,0.0,0.0,1.0,1.0,0.0,0.0,0.0,0.0,0.0,0.0,0.0,inf,inf,0.0,1.0,0.0,1.0,0.0,1.0,0.0,1.0
BM,Beef muscle,164,Chlorothalonil,292,292,0,0,0,292,0.0,8.0,8.0,0.0,1.0,0.0,0.0,0.0,0.0,0.0,8.0,8.0,0.0,1.0,0.0,0.0,0.0,0.0,0.0,8.0,8.0,0.0,1.0,0.0,0.0,0.0,0.0,0.0,inf,inf,0.0,1.0,0.0,1.0,0.0,1.0,0.0,8.0
BM,Beef muscle,165,Phosmet,292,292,0,0,0,292,0.0,12.0,12.0,0.0,1.0,0.0,1.0,0.0,0.0,0.0,12.0,12.0,0.0,1.0,0.0,1.0,0.0,0.0,0.0,12.0,12.0,0.0,1.0,0.0,1.0,0.0,0.0,0.0,inf,inf,0.0,1.0,0.0,1.0,0.0,1.0,0.0,12.0
BM,Beef muscle,166,Phosalone,292,292,0,0,0,292,0.0,12.0,12.0,0.0,1.0,0.0,1.0,0.0,0.0,0.0,12.0,12.0,0.0,1.0,0.0,1.0,0.0,0.0,0.0,12.0,12.0,0.0,1.0,0.0,1.0,0.0,0.0,0.0,inf,inf,0.0,1.0,0.0,1.0,0.0,1.0,0.0,12.0
BM,Beef muscle,167,Aldicarb,292,292,0,0,0,292,0.0,100.0,100.0,0.0,1.0,0.0,1.0,0.0,1.0,0.0,100.0,100.0,0.0,1.0,0.0,1.0,0.0,1.0,0.0,100.0,100.0,0.0,1.0,0.0,1.0,0.0,1.0,0.0,inf,inf,0.0,1.0,0.0,1.0,0.0,1.0,0.0,100.0
BM,Beef muscle,168,Aldicarb sulfone,292,292,0,0,0,292,0.0,40.0,40.0,0.0,1.0,0.0,1.0,0.0,1.0,0.0,40.0,40.0,0.0,1.0,0.0,1.0,0.0,1.0,0.0,40.0,40.0,0.0,1.0,0.0,1.0,0.0,1.0,0.0,inf,inf,0.0,1.0,0.0,1.0,0.0,1.0,0.0,40.0
BM,Beef muscle,169,Aldicarb sulfoxide,292,292,0,0,0,292,0.0,800.0,800.0,0.0,1.0,0.0,1.0,0.0,1.0,0.0,800.0,800.0,0.0,1.0,0.0,1.0,0.0,1.0,0.0,800.0,800.0,0.0,1.0,0.0,1.0,0.0,1.0,0.0,inf,inf,0.0,1.0,0.0,1.0,0.0,1.0,0.0,800.0
BM,Beef muscle,171,Dimethoate,292,292,0,0,0,292,0.0,16.0,16.0,0.0,1.0,0.0,1.0,0.0,0.0,0.0,16.0,16.0,0.0,1.0,0.0,1.0,0.0,0.0,0.0,16.0,16.0,0.0,1.0,0.0,1.0,0.0,0.0,0.0,inf,inf,0.0,1.0,0.0,1.0,0.0,1.0,0.0,16.0
BM,Beef muscle,172,Chlordane trans,292,292,0,0,0,292,0.0,4.0,4.0,0.0,1.0,0.0,0.0,0.0,0.0,0.0,4.0,4.0,0.0,1.0,0.0,0.0,0.0,0.0,0.0,4.0,4.0,0.0,1.0,0.0,0.0,0.0,0.0,0.0,inf,inf,0.0,1.0,0.0,1.0,0.0,1.0,0.0,4.0
BM,Beef muscle,173,Chlordane cis,292,292,0,0,0,292,0.0,4.0,4.0,0.0,1.0,0.0,0.0,0.0,0.0,0.0,4.0,4.0,0.0,1.0,0.0,0.0,0.0,0.0,0.0,4.0,4.0,0.0,1.0,0.0,0.0,0.0,0.0,0.0,inf,inf,0.0,1.0,0.0,1.0,0.0,1.0,0.0,4.0
BM,Beef muscle,176,Tetrachlorvinphos,292,292,0,0,0,292,0.0,8.0,8.0,0.0,1.0,0.0,0.0,0.0,0.0,0.0,8.0,8.0,0.0,1.0,0.0,0.0,0.0,0.0,0.0,8.0,8.0,0.0,1.0,0.0,0.0,0.0,0.0,0.0,inf,inf,0.0,1.0,0.0,1.0,0.0,1.0,0.0,8.0
BM,Beef muscle,177,Fenthion,292,292,0,0,0,292,0.0,12.0,12.0,0.0,1.0,0.0,1.0,0.0,0.0,0.0,12.0,12.0,0.0,1.0,0.0,1.0,0.0,0.0,0.0,12.0,12.0,0.0,1.0,0.0,1.0,0.0,0.0,0.0,inf,inf,0.0,1.0,0.0,1.0,0.0,1.0,0.0,12.0
BM,Beef muscle,180,Carbofuran,292,292,0,0,0,292,0.0,8.0,8.0,0.0,1.0,0.0,0.0,0.0,0.0,0.0,8.0,8.0,0.0,1.0,0.0,0.0,0.0,0.0,0.0,8.0,8.0,0.0,1.0,0.0,0.0,0.0,0.0,0.0,inf,inf,0.0,1.0,0.0,1.0,0.0,1.0,0.0,8.0
BM,Beef muscle,181,Metribuzin,292,292,0,0,0,292,0.0,4.0,4.0,0.0,1.0,0.0,0.0,0.0,0.0,0.0,4.0,4.0,0.0,1.0,0.0,0.0,0.0,0.0,0.0,4.0,4.0,0.0,1.0,0.0,0.0,0.0,0.0,0.0,inf,inf,0.0,1.0,0.0,1.0,0.0,1.0,0.0,4.0
BM,Beef muscle,191,Benfluralin,292,292,0,0,0,292,0.0,1.0,1.0,0.0,0.0,0.0,0.0,0.0,0.0,0.0,1.0,1.0,0.0,0.0,0.0,0.0,0.0,0.0,0.0,1.0,1.0,0.0,0.0,0.0,0.0,0.0,0.0,0.0,inf,inf,0.0,1.0,0.0,1.0,0.0,1.0,0.0,1.0
BM,Beef muscle,195,Methiocarb,292,292,0,0,0,292,0.0,4.0,4.0,0.0,1.0,0.0,0.0,0.0,0.0,0.0,4.0,4.0,0.0,1.0,0.0,0.0,0.0,0.0,0.0,4.0,4.0,0.0,1.0,0.0,0.0,0.0,0.0,0.0,inf,inf,0.0,1.0,0.0,1.0,0.0,1.0,0.0,4.0
BM,Beef muscle,197,Methidathion,292,292,0,0,0,292,0.0,12.0,12.0,0.0,1.0,0.0,1.0,0.0,0.0,0.0,12.0,12.0,0.0,1.0,0.0,1.0,0.0,0.0,0.0,12.0,12.0,0.0,1.0,0.0,1.0,0.0,0.0,0.0,inf,inf,0.0,1.0,0.0,1.0,0.0,1.0,0.0,12.0
BM,Beef muscle,202,Carbophenothion,292,292,0,0,0,292,0.0,4.0,4.0,0.0,1.0,0.0,0.0,0.0,0.0,0.0,4.0,4.0,0.0,1.0,0.0,0.0,0.0,0.0,0.0,4.0,4.0,0.0,1.0,0.0,0.0,0.0,0.0,0.0,inf,inf,0.0,1.0,0.0,1.0,0.0,1.0,0.0,4.0
BM,Beef muscle,204,Acephate,292,292,0,0,0,292,0.0,200.0,200.0,0.0,1.0,0.0,1.0,0.0,1.0,0.0,200.0,200.0,0.0,1.0,0.0,1.0,0.0,1.0,0.0,200.0,200.0,0.0,1.0,0.0,1.0,0.0,1.0,0.0,inf,inf,0.0,1.0,0.0,1.0,0.0,1.0,0.0,200.0
BM,Beef muscle,206,Nonachlor trans,292,292,0,0,0,292,0.0,4.0,4.0,0.0,1.0,0.0,0.0,0.0,0.0,0.0,4.0,4.0,0.0,1.0,0.0,0.0,0.0,0.0,0.0,4.0,4.0,0.0,1.0,0.0,0.0,0.0,0.0,0.0,inf,inf,0.0,1.0,0.0,1.0,0.0,1.0,0.0,4.0
BM,Beef muscle,207,Nonachlor cis,292,292,0,0,0,292,0.0,4.0,4.0,0.0,1.0,0.0,0.0,0.0,0.0,0.0,4.0,4.0,0.0,1.0,0.0,0.0,0.0,0.0,0.0,4.0,4.0,0.0,1.0,0.0,0.0,0.0,0.0,0.0,inf,inf,0.0,1.0,0.0,1.0,0.0,1.0,0.0,4.0
BM,Beef muscle,210,Carboxin,292,292,0,0,0,292,0.0,12.0,12.0,0.0,1.0,0.0,1.0,0.0,0.0,0.0,12.0,12.0,0.0,1.0,0.0,1.0,0.0,0.0,0.0,12.0,12.0,0.0,1.0,0.0,1.0,0.0,0.0,0.0,inf,inf,0.0,1.0,0.0,1.0,0.0,1.0,0.0,12.0
BM,Beef muscle,217,DEF (Tribufos),292,292,0,0,0,292,0.0,4.0,4.0,0.0,1.0,0.0,0.0,0.0,0.0,0.0,4.0,4.0,0.0,1.0,0.0,0.0,0.0,0.0,0.0,4.0,4.0,0.0,1.0,0.0,0.0,0.0,0.0,0.0,inf,inf,0.0,1.0,0.0,1.0,0.0,1.0,0.0,4.0
BM,Beef muscle,224,Profenofos,292,292,0,0,0,292,0.0,12.0,12.0,0.0,1.0,0.0,1.0,0.0,0.0,0.0,12.0,12.0,0.0,1.0,0.0,1.0,0.0,0.0,0.0,12.0,12.0,0.0,1.0,0.0,1.0,0.0,0.0,0.0,inf,inf,0.0,1.0,0.0,1.0,0.0,1.0,0.0,12.0
BM,Beef muscle,227,Alachlor,292,292,0,0,0,292,0.0,20.0,20.0,0.0,1.0,0.0,1.0,0.0,0.0,0.0,20.0,20.0,0.0,1.0,0.0,1.0,0.0,0.0,0.0,20.0,20.0,0.0,1.0,0.0,1.0,0.0,0.0,0.0,inf,inf,0.0,1.0,0.0,1.0,0.0,1.0,0.0,20.0
BM,Beef muscle,235,Chlorpyrifos methyl,292,292,0,0,0,292,0.0,4.0,4.0,0.0,1.0,0.0,0.0,0.0,0.0,0.0,4.0,4.0,0.0,1.0,0.0,0.0,0.0,0.0,0.0,4.0,4.0,0.0,1.0,0.0,0.0,0.0,0.0,0.0,inf,inf,0.0,1.0,0.0,1.0,0.0,1.0,0.0,4.0
BM,Beef muscle,254,"Dicofol p,p'",292,292,0,0,0,292,0.0,4.0,4.0,0.0,1.0,0.0,0.0,0.0,0.0,0.0,4.0,4.0,0.0,1.0,0.0,0.0,0.0,0.0,0.0,4.0,4.0,0.0,1.0,0.0,0.0,0.0,0.0,0.0,inf,inf,0.0,1.0,0.0,1.0,0.0,1.0,0.0,4.0
BM,Beef muscle,258,Isofenphos,292,292,0,0,0,292,0.0,4.0,4.0,0.0,1.0,0.0,0.0,0.0,0.0,0.0,4.0,4.0,0.0,1.0,0.0,0.0,0.0,0.0,0.0,4.0,4.0,0.0,1.0,0.0,0.0,0.0,0.0,0.0,inf,inf,0.0,1.0,0.0,1.0,0.0,1.0,0.0,4.0
BM,Beef muscle,271,Fenarimol,292,292,0,0,0,292,0.0,2.0,2.0,0.0,0.0,0.0,0.0,0.0,0.0,0.0,2.0,2.0,0.0,0.0,0.0,0.0,0.0,0.0,0.0,2.0,2.0,0.0,0.0,0.0,0.0,0.0,0.0,0.0,inf,inf,0.0,1.0,0.0,1.0,0.0,1.0,0.0,2.0
BM,Beef muscle,283,Metolachlor,292,292,0,0,0,292,0.0,8.0,8.0,0.0,1.0,0.0,0.0,0.0,0.0,0.0,8.0,8.0,0.0,1.0,0.0,0.0,0.0,0.0,0.0,8.0,8.0,0.0,1.0,0.0,0.0,0.0,0.0,0.0,inf,inf,0.0,1.0,0.0,1.0,0.0,1.0,0.0,8.0
BM,Beef muscle,292,Fluazifop butyl,292,292,0,0,0,292,0.0,2.0,2.0,0.0,0.0,0.0,0.0,0.0,0.0,0.0,2.0,2.0,0.0,0.0,0.0,0.0,0.0,0.0,0.0,2.0,2.0,0.0,0.0,0.0,0.0,0.0,0.0,0.0,inf,inf,0.0,1.0,0.0,1.0,0.0,1.0,0.0,2.0
BM,Beef muscle,297,Fluvalinate,292,292,0,0,0,292,0.0,4.0,4.0,0.0,1.0,0.0,0.0,0.0,0.0,0.0,4.0,4.0,0.0,1.0,0.0,0.0,0.0,0.0,0.0,4.0,4.0,0.0,1.0,0.0,0.0,0.0,0.0,0.0,inf,inf,0.0,1.0,0.0,1.0,0.0,1.0,0.0,4.0
BM,Beef muscle,304,Quintozene (PCNB),292,292,0,0,0,292,0.0,1.0,1.0,0.0,0.0,0.0,0.0,0.0,0.0,0.0,1.0,1.0,0.0,0.0,0.0,0.0,0.0,0.0,0.0,1.0,1.0,0.0,0.0,0.0,0.0,0.0,0.0,0.0,inf,inf,0.0,1.0,0.0,1.0,0.0,1.0,0.0,1.0
BM,Beef muscle,305,Atrazine,292,292,0,0,0,292,0.0,8.0,8.0,0.0,1.0,0.0,0.0,0.0,0.0,0.0,8.0,8.0,0.0,1.0,0.0,0.0,0.0,0.0,0.0,8.0,8.0,0.0,1.0,0.0,0.0,0.0,0.0,0.0,inf,inf,0.0,1.0,0.0,1.0,0.0,1.0,0.0,8.0
BM,Beef muscle,321,Hexachlorobenzene (HCB),292,292,0,0,0,292,0.0,1.0,1.0,0.0,0.0,0.0,0.0,0.0,0.0,0.0,1.0,1.0,0.0,0.0,0.0,0.0,0.0,0.0,0.0,1.0,1.0,0.0,0.0,0.0,0.0,0.0,0.0,0.0,inf,inf,0.0,1.0,0.0,1.0,0.0,1.0,0.0,1.0
BM,Beef muscle,338,Dichlorvos (DDVP),292,292,0,0,0,292,0.0,12.0,12.0,0.0,1.0,0.0,1.0,0.0,0.0,0.0,12.0,12.0,0.0,1.0,0.0,1.0,0.0,0.0,0.0,12.0,12.0,0.0,1.0,0.0,1.0,0.0,0.0,0.0,inf,inf,0.0,1.0,0.0,1.0,0.0,1.0,0.0,12.0
BM,Beef muscle,341,Propanil,292,292,0,0,0,292,0.0,100.0,100.0,0.0,1.0,0.0,1.0,0.0,1.0,0.0,100.0,100.0,0.0,1.0,0.0,1.0,0.0,1.0,0.0,100.0,100.0,0.0,1.0,0.0,1.0,0.0,1.0,0.0,inf,inf,0.0,1.0,0.0,1.0,0.0,1.0,0.0,100.0
BM,Beef muscle,351,Pentachloroaniline (PCA),292,292,0,0,0,292,0.0,2.0,2.0,0.0,0.0,0.0,0.0,0.0,0.0,0.0,2.0,2.0,0.0,0.0,0.0,0.0,0.0,0.0,0.0,2.0,2.0,0.0,0.0,0.0,0.0,0.0,0.0,0.0,inf,inf,0.0,1.0,0.0,1.0,0.0,1.0,0.0,2.0
BM,Beef muscle,382,1-Naphthol,292,292,0,0,0,292,0.0,12.0,12.0,0.0,1.0,0.0,1.0,0.0,0.0,0.0,12.0,12.0,0.0,1.0,0.0,1.0,0.0,0.0,0.0,12.0,12.0,0.0,1.0,0.0,1.0,0.0,0.0,0.0,inf,inf,0.0,1.0,0.0,1.0,0.0,1.0,0.0,12.0
BM,Beef muscle,387,Pentachlorobenzene (PCB),292,292,0,0,0,292,0.0,1.0,1.0,0.0,0.0,0.0,0.0,0.0,0.0,0.0,1.0,1.0,0.0,0.0,0.0,0.0,0.0,0.0,0.0,1.0,1.0,0.0,0.0,0.0,0.0,0.0,0.0,0.0,inf,inf,0.0,1.0,0.0,1.0,0.0,1.0,0.0,1.0
BM,Beef muscle,391,Fenitrothion,292,292,0,0,0,292,0.0,4.0,4.0,0.0,1.0,0.0,0.0,0.0,0.0,0.0,4.0,4.0,0.0,1.0,0.0,0.0,0.0,0.0,0.0,4.0,4.0,0.0,1.0,0.0,0.0,0.0,0.0,0.0,inf,inf,0.0,1.0,0.0,1.0,0.0,1.0,0.0,4.0
BM,Beef muscle,512,3-Hydroxycarbofuran,292,292,0,0,0,292,0.0,16.0,16.0,0.0,1.0,0.0,1.0,0.0,0.0,0.0,16.0,16.0,0.0,1.0,0.0,1.0,0.0,0.0,0.0,16.0,16.0,0.0,1.0,0.0,1.0,0.0,0.0,0.0,inf,inf,0.0,1.0,0.0,1.0,0.0,1.0,0.0,16.0
BM,Beef muscle,529,Vinclozolin,292,292,0,0,0,292,0.0,2.0,2.0,0.0,0.0,0.0,0.0,0.0,0.0,0.0,2.0,2.0,0.0,0.0,0.0,0.0,0.0,0.0,0.0,2.0,2.0,0.0,0.0,0.0,0.0,0.0,0.0,0.0,inf,inf,0.0,1.0,0.0,1.0,0.0,1.0,0.0,2.0
BM,Beef muscle,539,Permethrin Total,292,292,0,0,0,292,0.0,10.0,10.0,0.0,1.0,0.0,0.0,0.0,0.0,0.0,10.0,10.0,0.0,1.0,0.0,0.0,0.0,0.0,0.0,10.0,10.0,0.0,1.0,0.0,0.0,0.0,0.0,0.0,inf,inf,0.0,1.0,0.0,1.0,0.0,1.0,0.0,10.0
BM,Beef muscle,540,Pronamide,292,292,0,0,0,292,0.0,4.0,4.0,0.0,1.0,0.0,0.0,0.0,0.0,0.0,4.0,4.0,0.0,1.0,0.0,0.0,0.0,0.0,0.0,4.0,4.0,0.0,1.0,0.0,0.0,0.0,0.0,0.0,inf,inf,0.0,1.0,0.0,1.0,0.0,1.0,0.0,4.0
BM,Beef muscle,556,Resmethrin,292,292,0,0,0,292,0.0,12.0,12.0,0.0,1.0,0.0,1.0,0.0,0.0,0.0,12.0,12.0,0.0,1.0,0.0,1.0,0.0,0.0,0.0,12.0,12.0,0.0,1.0,0.0,1.0,0.0,0.0,0.0,inf,inf,0.0,1.0,0.0,1.0,0.0,1.0,0.0,12.0
BM,Beef muscle,596,Norflurazon,292,292,0,0,0,292,0.0,8.0,8.0,0.0,1.0,0.0,0.0,0.0,0.0,0.0,8.0,8.0,0.0,1.0,0.0,0.0,0.0,0.0,0.0,8.0,8.0,0.0,1.0,0.0,0.0,0.0,0.0,0.0,inf,inf,0.0,1.0,0.0,1.0,0.0,1.0,0.0,8.0
BM,Beef muscle,597,Cypermethrin,292,292,0,0,0,292,0.0,4.0,4.0,0.0,1.0,0.0,0.0,0.0,0.0,0.0,4.0,4.0,0.0,1.0,0.0,0.0,0.0,0.0,0.0,4.0,4.0,0.0,1.0,0.0,0.0,0.0,0.0,0.0,inf,inf,0.0,1.0,0.0,1.0,0.0,1.0,0.0,4.0
BM,Beef muscle,607,Metalaxyl,292,0,292,0,0,0,,,,,,,,,,,,,,,,,,,,,,,,,,,,,,,,,,,,,0.0,inf
BM,Beef muscle,608,Triadimefon,292,292,0,0,0,292,0.0,8.0,8.0,0.0,1.0,0.0,0.0,0.0,0.0,0.0,8.0,8.0,0.0,1.0,0.0,0.0,0.0,0.0,0.0,8.0,8.0,0.0,1.0,0.0,0.0,0.0,0.0,0.0,inf,inf,0.0,1.0,0.0,1.0,0.0,1.0,0.0,8.0
BM,Beef muscle,609,Sulprofos,292,292,0,0,0,292,0.0,8.0,8.0,0.0,1.0,0.0,0.0,0.0,0.0,0.0,8.0,8.0,0.0,1.0,0.0,0.0,0.0,0.0,0.0,8.0,8.0,0.0,1.0,0.0,0.0,0.0,0.0,0.0,inf,inf,0.0,1.0,0.0,1.0,0.0,1.0,0.0,8.0
BM,Beef muscle,612,Deltamethrin (includes parent Tralomethrin),292,292,0,0,0,292,0.0,40.0,40.0,0.0,1.0,0.0,1.0,0.0,1.0,0.0,40.0,40.0,0.0,1.0,0.0,1.0,0.0,1.0,0.0,40.0,40.0,0.0,1.0,0.0,1.0,0.0,1.0,0.0,inf,inf,0.0,1.0,0.0,1.0,0.0,1.0,0.0,40.0
BM,Beef muscle,623,Propargite,292,292,0,0,0,292,0.0,20.0,20.0,0.0,1.0,0.0,1.0,0.0,0.0,0.0,20.0,20.0,0.0,1.0,0.0,1.0,0.0,0.0,0.0,20.0,20.0,0.0,1.0,0.0,1.0,0.0,0.0,0.0,inf,inf,0.0,1.0,0.0,1.0,0.0,1.0,0.0,20.0
BM,Beef muscle,624,Tetrahydrophthalimide (THPI),292,292,0,0,0,292,0.0,12.0,12.0,0.0,1.0,0.0,1.0,0.0,0.0,0.0,12.0,12.0,0.0,1.0,0.0,1.0,0.0,0.0,0.0,12.0,12.0,0.0,1.0,0.0,1.0,0.0,0.0,0.0,inf,inf,0.0,1.0,0.0,1.0,0.0,1.0,0.0,12.0
BM,Beef muscle,625,Oxadiazon,292,292,0,0,0,292,0.0,8.0,8.0,0.0,1.0,0.0,0.0,0.0,0.0,0.0,8.0,8.0,0.0,1.0,0.0,0.0,0.0,0.0,0.0,8.0,8.0,0.0,1.0,0.0,0.0,0.0,0.0,0.0,inf,inf,0.0,1.0,0.0,1.0,0.0,1.0,0.0,8.0
BM,Beef muscle,626,Iprodione,292,292,0,0,0,292,0.0,20.0,20.0,0.0,1.0,0.0,1.0,0.0,0.0,0.0,20.0,20.0,0.0,1.0,0.0,1.0,0.0,0.0,0.0,20.0,20.0,0.0,1.0,0.0,1.0,0.0,0.0,0.0,inf,inf,0.0,1.0,0.0,1.0,0.0,1.0,0.0,20.0
BM,Beef muscle,651,Diflubenzuron,292,292,0,0,0,292,0.0,50.0,50.0,0.0,1.0,0.0,1.0,0.0,1.0,0.0,50.0,50.0,0.0,1.0,0.0,1.0,0.0,1.0,0.0,50.0,50.0,0.0,1.0,0.0,1.0,0.0,1.0,0.0,inf,inf,0.0,1.0,0.0,1.0,0.0,1.0,0.0,50.0
BM,Beef muscle,675,Propachlor,292,292,0,0,0,292,0.0,12.0,12.0,0.0,1.0,0.0,1.0,0.0,0.0,0.0,12.0,12.0,0.0,1.0,0.0,1.0,0.0,0.0,0.0,12.0,12.0,0.0,1.0,0.0,1.0,0.0,0.0,0.0,inf,inf,0.0,1.0,0.0,1.0,0.0,1.0,0.0,12.0
BM,Beef muscle,679,Myclobutanil,292,0,292,0,0,0,,,,,,,,,,,,,,,,,,,,,,,,,,,,,,,,,,,,,0.0,inf
BM,Beef muscle,699,Clofentezine,292,292,0,0,0,292,0.0,30.0,30.0,0.0,1.0,0.0,1.0,0.0,1.0,0.0,30.0,30.0,0.0,1.0,0.0,1.0,0.0,1.0,0.0,30.0,30.0,0.0,1.0,0.0,1.0,0.0,1.0,0.0,inf,inf,0.0,1.0,0.0,1.0,0.0,1.0,0.0,30.0
BM,Beef muscle,713,Oxyfluorfen,292,292,0,0,0,292,0.0,1.0,1.0,0.0,0.0,0.0,0.0,0.0,0.0,0.0,1.0,1.0,0.0,0.0,0.0,0.0,0.0,0.0,0.0,1.0,1.0,0.0,0.0,0.0,0.0,0.0,0.0,0.0,inf,inf,0.0,1.0,0.0,1.0,0.0,1.0,0.0,1.0
BM,Beef muscle,721,Ethalfluralin,292,292,0,0,0,292,0.0,1.0,1.0,0.0,0.0,0.0,0.0,0.0,0.0,0.0,1.0,1.0,0.0,0.0,0.0,0.0,0.0,0.0,0.0,1.0,1.0,0.0,0.0,0.0,0.0,0.0,0.0,0.0,inf,inf,0.0,1.0,0.0,1.0,0.0,1.0,0.0,1.0
BM,Beef muscle,722,Etridiazole,292,292,0,0,0,292,0.0,12.0,12.0,0.0,1.0,0.0,1.0,0.0,0.0,0.0,12.0,12.0,0.0,1.0,0.0,1.0,0.0,0.0,0.0,12.0,12.0,0.0,1.0,0.0,1.0,0.0,0.0,0.0,inf,inf,0.0,1.0,0.0,1.0,0.0,1.0,0.0,12.0
BM,Beef muscle,726,Thiobencarb,292,292,0,0,0,292,0.0,40.0,40.0,0.0,1.0,0.0,1.0,0.0,1.0,0.0,40.0,40.0,0.0,1.0,0.0,1.0,0.0,1.0,0.0,40.0,40.0,0.0,1.0,0.0,1.0,0.0,1.0,0.0,inf,inf,0.0,1.0,0.0,1.0,0.0,1.0,0.0,40.0
BM,Beef muscle,750,Quizalofop ethyl,292,292,0,0,0,292,0.0,4.0,4.0,0.0,1.0,0.0,0.0,0.0,0.0,0.0,4.0,4.0,0.0,1.0,0.0,0.0,0.0,0.0,0.0,4.0,4.0,0.0,1.0,0.0,0.0,0.0,0.0,0.0,inf,inf,0.0,1.0,0.0,1.0,0.0,1.0,0.0,4.0
BM,Beef muscle,777,Fenoxaprop ethyl,292,292,0,0,0,292,0.0,8.0,8.0,0.0,1.0,0.0,0.0,0.0,0.0,0.0,8.0,8.0,0.0,1.0,0.0,0.0,0.0,0.0,0.0,8.0,8.0,0.0,1.0,0.0,0.0,0.0,0.0,0.0,inf,inf,0.0,1.0,0.0,1.0,0.0,1.0,0.0,8.0
BM,Beef muscle,780,Tebuthiuron,292,0,292,0,0,0,,,,,,,,,,,,,,,,,,,,,,,,,,,,,,,,,,,,,0.0,inf
BM,Beef muscle,781,Cyfluthrin,292,291,0,1,0,292,0.022602739726027395,4.008904109589041,3.9863013698630136,0.003424657534246575,1.0,0.0,0.0,0.0,0.0,0.003424657534246575,4.02054794520548,4.017123287671233,0.0,1.0,0.0,0.0,0.0,0.0,0.0,4.02054794520548,4.02054794520548,0.0,1.0,0.0,0.0,0.0,0.0,0.0,inf,inf,0.0,1.0,0.0,1.0,0.0,1.0,0.022602739726027395,4.008904109589041
BM,Beef muscle,796,Tridiphane,292,292,0,0,0,292,0.0,8.0,8.0,0.0,1.0,0.0,0.0,0.0,0.0,0.0,8.0,8.0,0.0,1.0,0.0,0.0,0.0,0.0,0.0,8.0,8.0,0.0,1.0,0.0,0.0,0.0,0.0,0.0,inf,inf,0.0,1.0,0.0,1.0,0.0,1.0,0.0,8.0
BM,Beef muscle,808,Fenpropathrin,292,292,0,0,0,292,0.0,20.0,20.0,0.0,1.0,0.0,1.0,0.0,0.0,0.0,20.0,20.0,0.0,1.0,0.0,1.0,0.0,0.0,0.0,20.0,20.0,0.0,1.0,0.0,1.0,0.0,0.0,0.0,inf,inf,0.0,1.0,0.0,1.0,0.0,1.0,0.0,20.0
BM,Beef muscle,848,Phenothrin,292,292,0,0,0,292,0.0,12.0,12.0,0.0,1.0,0.0,1.0,0.0,0.0,0.0,12.0,12.0,0.0,1.0,0.0,1.0,0.0,0.0,0.0,12.0,12.0,0.0,1.0,0.0,1.0,0.0,0.0,0.0,inf,inf,0.0,1.0,0.0,1.0,0.0,1.0,0.0,12.0
BM,Beef muscle,900,Endosulfan I,292,292,0,0,0,292,0.0,2.0,2.0,0.0,0.0,0.0,0.0,0.0,0.0,0.0,2.0,2.0,0.0,0.0,0.0,0.0,0.0,0.0,0.0,2.0,2.0,0.0,0.0,0.0,0.0,0.0,0.0,0.0,inf,inf,0.0,1.0,0.0,1.0,0.0,1.0,0.0,2.0
BM,Beef muscle,901,Endosulfan II,292,292,0,0,0,292,0.0,2.0,2.0,0.0,0.0,0.0,0.0,0.0,0.0,0.0,2.0,2.0,0.0,0.0,0.0,0.0,0.0,0.0,0.0,2.0,2.0,0.0,0.0,0.0,0.0,0.0,0.0,0.0,inf,inf,0.0,1.0,0.0,1.0,0.0,1.0,0.0,2.0
BM,Beef muscle,902,Endosulfan sulfate,292,290,0,2,0,292,0.08835616438356164,2.074657534246575,1.9863013698630136,0.00684931506849315,0.00684931506849315,0.003424657534246575,0.003424657534246575,0.003424657534246575,0.003424657534246575,0.03767123287671233,2.363013698630137,2.3253424657534247,0.003424657534246575,0.00684931506849315,0.0,0.003424657534246575,0.0,0.003424657534246575,0.03424657534246575,5.445205479452055,5.410958904109589,0.003424657534246575,0.00684931506849315,0.0,0.003424657534246575,0.0,0.003424657534246575,0.0,inf,inf,0.0,1.0,0.0,1.0,0.0,1.0,0.08835616438356164,2.074657534246575
BM,Beef muscle,903,BHC alpha,292,292,0,0,0,292,0.0,4.0,4.0,0.0,1.0,0.0,0.0,0.0,0.0,0.0,4.0,4.0,0.0,1.0,0.0,0.0,0.0,0.0,0.0,4.0,4.0,0.0,1.0,0.0,0.0,0.0,0.0,0.0,inf,inf,0.0,1.0,0.0,1.0,0.0,1.0,0.0,4.0
BM,Beef muscle,906,"DDT p,p'",292,292,0,0,0,292,0.0,8.0,8.0,0.0,1.0,0.0,0.0,0.0,0.0,0.0,8.0,8.0,0.0,1.0,0.0,0.0,0.0,0.0,0.0,8.0,8.0,0.0,1.0,0.0,0.0,0.0,0.0,0.0,inf,inf,0.0,1.0,0.0,1.0,0.0,1.0,0.0,8.0
BM,Beef muscle,908,"DDD p,p'",292,292,0,0,0,292,0.0,2.0,2.0,0.0,0.0,0.0,0.0,0.0,0.0,0.0,2.0,2.0,0.0,0.0,0.0,0.0,0.0,0.0,0.0,2.0,2.0,0.0,0.0,0.0,0.0,0.0,0.0,0.0,inf,inf,0.0,1.0,0.0,1.0,0.0,1.0,0.0,2.0
BM,Beef muscle,909,"DDD o,p'",292,292,0,0,0,292,0.0,2.0,2.0,0.0,0.0,0.0,0.0,0.0,0.0,0.0,2.0,2.0,0.0,0.0,0.0,0.0,0.0,0.0,0.0,2.0,2.0,0.0,0.0,0.0,0.0,0.0,0.0,0.0,inf,inf,0.0,1.0,0.0,1.0,0.0,1.0,0.0,2.0
BM,Beef muscle,910,"DDE p,p'",292,272,0,20,0,292,0.486986301369863,2.35,1.863013698630137,0.0684931506849315,0.0684931506849315,0.010273972602739725,0.010273972602739725,0.003424657534246575,0.003424657534246575,0.16095890410958905,3.4726027397260273,3.3116438356164384,0.010273972602739725,0.0684931506849315,0.0,0.010273972602739725,0.0,0.010273972602739725,0.10273972602739725,12.719178082191782,12.616438356164384,0.010273972602739725,0.0684931506849315,0.0,0.010273972602739725,0.0,0.010273972602739725,0.0,inf,inf,0.0,1.0,0.0,1.0,0.0,1.0,0.486986301369863,2.35
BM,Beef muscle,911,"DDE o,p'",292,292,0,0,0,292,0.0,2.0,2.0,0.0,0.0,0.0,0.0,0.0,0.0,0.0,2.0,2.0,0.0,0.0,0.0,0.0,0.0,0.0,0.0,2.0,2.0,0.0,0.0,0.0,0.0,0.0,0.0,0.0,inf,inf,0.0,1.0,0.0,1.0,0.0,1.0,0.0,2.0
BM,Beef muscle,930,Bifenthrin,292,291,0,1,0,292,0.00410958904109589,1.0006849315068493,0.9965753424657534,0.0,0.0,0.0,0.0,0.0,0.0,0.003424657534246575,1.0308219178082192,1.0273972602739727,0.0,0.003424657534246575,0.0,0.0,0.0,0.0,0.0,1.0308219178082192,1.0308219178082192,0.0,0.003424657534246575,0.0,0.0,0.0,0.0,0.0,inf,inf,0.0,1.0,0.0,1.0,0.0,1.0,0.00410958904109589,1.0006849315068493
BM,Beef muscle,945,Ethofumesate,292,292,0,0,0,292,0.0,16.0,16.0,0.0,1.0,0.0,1.0,0.0,0.0,0.0,16.0,16.0,0.0,1.0,0.0,1.0,0.0,0.0,0.0,16.0,16.0,0.0,1.0,0.0,1.0,0.0,0.0,0.0,inf,inf,0.0,1.0,0.0,1.0,0.0,1.0,0.0,16.0
BM,Beef muscle,947,Tetramethrin,292,292,0,0,0,292,0.0,10.0,10.0,0.0,1.0,0.0,0.0,0.0,0.0,0.0,10.0,10.0,0.0,1.0,0.0,0.0,0.0,0.0,0.0,10.0,10.0,0.0,1.0,0.0,0.0,0.0,0.0,0.0,inf,inf,0.0,1.0,0.0,1.0,0.0,1.0,0.0,10.0
BM,Beef muscle,967,Imidacloprid,292,292,0,0,0,292,0.0,40.0,40.0,0.0,1.0,0.0,1.0,0.0,1.0,0.0,40.0,40.0,0.0,1.0,0.0,1.0,0.0,1.0,0.0,40.0,40.0,0.0,1.0,0.0,1.0,0.0,1.0,0.0,inf,inf,0.0,1.0,0.0,1.0,0.0,1.0,0.0,40.0
BM,Beef muscle,A82,Fipronil,292,292,0,0,0,292,0.0,12.0,12.0,0.0,1.0,0.0,1.0,0.0,0.0,0.0,12.0,12.0,0.0,1.0,0.0,1.0,0.0,0.0,0.0,12.0,12.0,0.0,1.0,0.0,1.0,0.0,0.0,0.0,inf,inf,0.0,1.0,0.0,1.0,0.0,1.0,0.0,12.0
BM,Beef muscle,AAK,Chlorfenvinphos total,292,292,0,0,0,292,0.0,40.0,40.0,0.0,1.0,0.0,1.0,0.0,1.0,0.0,40.0,40.0,0.0,1.0,0.0,1.0,0.0,1.0,0.0,40.0,40.0,0.0,1.0,0.0,1.0,0.0,1.0,0.0,inf,inf,0.0,1.0,0.0,1.0,0.0,1.0,0.0,40.0
BM,Beef muscle,ABG,Tebufenozide,292,292,0,0,0,292,0.0,10.0,10.0,0.0,1.0,0.0,0.0,0.0,0.0,0.0,10.0,10.0,0.0,1.0,0.0,0.0,0.0,0.0,0.0,10.0,10.0,0.0,1.0,0.0,0.0,0.0,0.0,0.0,inf,inf,0.0,1.0,0.0,1.0,0.0,1.0,0.0,10.0
BM,Beef muscle,ADC,Prallethrin,292,292,0,0,0,292,0.0,8.0,8.0,0.0,1.0,0.0,0.0,0.0,0.0,0.0,8.0,8.0,0.0,1.0,0.0,0.0,0.0,0.0,0.0,8.0,8.0,0.0,1.0,0.0,0.0,0.0,0.0,0.0,inf,inf,0.0,1.0,0.0,1.0,0.0,1.0,0.0,8.0
BM,Beef muscle,ADE,Esfenvalerate+Fenvalerate Total,292,292,0,0,0,292,0.0,4.0,4.0,0.0,1.0,0.0,0.0,0.0,0.0,0.0,4.0,4.0,0.0,1.0,0.0,0.0,0.0,0.0,0.0,4.0,4.0,0.0,1.0,0.0,0.0,0.0,0.0,0.0,inf,inf,0.0,1.0,0.0,1.0,0.0,1.0,0.0,4.0
BM,Beef muscle,ADG,Indoxacarb,292,292,0,0,0,292,0.0,50.0,50.0,0.0,1.0,0.0,1.0,0.0,1.0,0.0,50.0,50.0,0.0,1.0,0.0,1.0,0.0,1.0,0.0,50.0,50.0,0.0,1.0,0.0,1.0,0.0,1.0,0.0,inf,inf,0.0,1.0,0.0,1.0,0.0,1.0,0.0,50.0
BM,Beef muscle,ADH,Cyphenothrin,292,292,0,0,0,292,0.0,20.0,20.0,0.0,1.0,0.0,1.0,0.0,0.0,0.0,20.0,20.0,0.0,1.0,0.0,1.0,0.0,0.0,0.0,20.0,20.0,0.0,1.0,0.0,1.0,0.0,0.0,0.0,inf,inf,0.0,1.0,0.0,1.0,0.0,1.0,0.0,20.0
BM,Beef muscle,ADJ,Fluroxypyr 1-methylheptyl ester,292,292,0,0,0,292,0.0,1.0,1.0,0.0,0.0,0.0,0.0,0.0,0.0,0.0,1.0,1.0,0.0,0.0,0.0,0.0,0.0,0.0,0.0,1.0,1.0,0.0,0.0,0.0,0.0,0.0,0.0,0.0,inf,inf,0.0,1.0,0.0,1.0,0.0,1.0,0.0,1.0
BM,Beef muscle,ADK,Imiprothrin,292,292,0,0,0,292,0.0,40.0,40.0,0.0,1.0,0.0,1.0,0.0,1.0,0.0,40.0,40.0,0.0,1.0,0.0,1.0,0.0,1.0,0.0,40.0,40.0,0.0,1.0,0.0,1.0,0.0,1.0,0.0,inf,inf,0.0,1.0,0.0,1.0,0.0,1.0,0.0,40.0
BM,Beef muscle,AEL,"Cyhalothrin, Total (Cyhalothrin-L + R157836 epimer)",292,285,0,7,0,292,0.046232876712328765,1.0222602739726028,0.976027397260274,0.00684931506849315,0.00684931506849315,0.0,0.0,0.0,0.0,0.023972602739726026,1.2157534246575343,1.1917808219178083,0.0,0.023972602739726026,0.0,0.0,0.0,0.0,0.0,1.2157534246575343,1.2157534246575343,0.0,0.023972602739726026,0.0,0.0,0.0,0.0,0.0,inf,inf,0.0,1.0,0.0,1.0,0.0,1.0,0.046232876712328765,1.0222602739726028
BM,Beef muscle,AEP,Clothianidin,292,292,0,0,0,292,0.0,40.0,40.0,0.0,1.0,0.0,1.0,0.0,1.0,0.0,40.0,40.0,0.0,1.0,0.0,1.0,0.0,1.0,0.0,40.0,40.0,0.0,1.0,0.0,1.0,0.0,1.0,0.0,inf,inf,0.0,1.0,0.0,1.0,0.0,1.0,0.0,40.0
BM,Beef muscle,AES,Methoxyfenozide,292,292,0,0,0,292,0.0,8.0,8.0,0.0,1.0,0.0,0.0,0.0,0.0,0.0,8.0,8.0,0.0,1.0,0.0,0.0,0.0,0.0,0.0,8.0,8.0,0.0,1.0,0.0,0.0,0.0,0.0,0.0,inf,inf,0.0,1.0,0.0,1.0,0.0,1.0,0.0,8.0
BM,Beef muscle,AEW,Famoxadone,292,292,0,0,0,292,0.0,40.0,40.0,0.0,1.0,0.0,1.0,0.0,1.0,0.0,40.0,40.0,0.0,1.0,0.0,1.0,0.0,1.0,0.0,40.0,40.0,0.0,1.0,0.0,1.0,0.0,1.0,0.0,inf,inf,0.0,1.0,0.0,1.0,0.0,1.0,0.0,40.0
BM,Beef muscle,AFO,Dinotefuran,292,292,0,0,0,292,0.0,50.0,50.0,0.0,1.0,0.0,1.0,0.0,1.0,0.0,50.0,50.0,0.0,1.0,0.0,1.0,0.0,1.0,0.0,50.0,50.0,0.0,1.0,0.0,1.0,0.0,1.0,0.0,inf,inf,0.0,1.0,0.0,1.0,0.0,1.0,0.0,50.0
BM,Beef muscle,AFS,Fenpyroximate,292,292,0,0,0,292,0.0,8.0,8.0,0.0,1.0,0.0,0.0,0.0,0.0,0.0,8.0,8.0,0.0,1.0,0.0,0.0,0.0,0.0,0.0,8.0,8.0,0.0,1.0,0.0,0.0,0.0,0.0,0.0,inf,inf,0.0,1.0,0.0,1.0,0.0,1.0,0.0,8.0
BM,Beef muscle,AFX,Novaluron,292,292,0,0,0,292,0.0,150.0,150.0,0.0,1.0,0.0,1.0,0.0,1.0,0.0,150.0,150.0,0.0,1.0,0.0,1.0,0.0,1.0,0.0,150.0,150.0,0.0,1.0,0.0,1.0,0.0,1.0,0.0,inf,inf,0.0,1.0,0.0,1.0,0.0,1.0,0.0,150.0
BM,Beef muscle,AGG,Flonicamid,292,292,0,0,0,292,0.0,200.0,200.0,0.0,1.0,0.0,1.0,0.0,1.0,0.0,200.0,200.0,0.0,1.0,0.0,1.0,0.0,1.0,0.0,200.0,200.0,0.0,1.0,0.0,1.0,0.0,1.0,0.0,inf,inf,0.0,1.0,0.0,1.0,0.0,1.0,0.0,200.0
BM,Beef muscle,AGJ,Fluoxastrobin,292,292,0,0,0,292,0.0,8.0,8.0,0.0,1.0,0.0,0.0,0.0,0.0,0.0,8.0,8.0,0.0,1.0,0.0,0.0,0.0,0.0,0.0,8.0,8.0,0.0,1.0,0.0,0.0,0.0,0.0,0.0,inf,inf,0.0,1.0,0.0,1.0,0.0,1.0,0.0,8.0
BM,Beef muscle,AGR,"2,4-dimethylphenyl formamide (2,4-DMPF)",292,292,0,0,0,292,0.0,40.0,40.0,0.0,1.0,0.0,1.0,0.0,1.0,0.0,40.0,40.0,0.0,1.0,0.0,1.0,0.0,1.0,0.0,40.0,40.0,0.0,1.0,0.0,1.0,0.0,1.0,0.0,inf,inf,0.0,1.0,0.0,1.0,0.0,1.0,0.0,40.0
BM,Beef muscle,AGT,Spiromesifen,292,292,0,0,0,292,0.0,20.0,20.0,0.0,1.0,0.0,1.0,0.0,0.0,0.0,20.0,20.0,0.0,1.0,0.0,1.0,0.0,0.0,0.0,20.0,20.0,0.0,1.0,0.0,1.0,0.0,0.0,0.0,inf,inf,0.0,1.0,0.0,1.0,0.0,1.0,0.0,20.0
BM,Beef muscle,AHG,Flufenoxuron,292,292,0,0,0,292,0.0,30.0,30.0,0.0,1.0,0.0,1.0,0.0,1.0,0.0,30.0,30.0,0.0,1.0,0.0,1.0,0.0,1.0,0.0,30.0,30.0,0.0,1.0,0.0,1.0,0.0,1.0,0.0,inf,inf,0.0,1.0,0.0,1.0,0.0,1.0,0.0,30.0
BM,Beef muscle,B10,Hexythiazox,292,292,0,0,0,292,0.0,12.0,12.0,0.0,1.0,0.0,1.0,0.0,0.0,0.0,12.0,12.0,0.0,1.0,0.0,1.0,0.0,0.0,0.0,12.0,12.0,0.0,1.0,0.0,1.0,0.0,0.0,0.0,inf,inf,0.0,1.0,0.0,1.0,0.0,1.0,0.0,12.0
BM,Beef muscle,B21,Carfentrazone ethyl,292,292,0,0,0,292,0.0,4.0,4.0,0.0,1.0,0.0,0.0,0.0,0.0,0.0,4.0,4.0,0.0,1.0,0.0,0.0,0.0,0.0,0.0,4.0,4.0,0.0,1.0,0.0,0.0,0.0,0.0,0.0,inf,inf,0.0,1.0,0.0,1.0,0.0,1.0,0.0,4.0
BM,Beef muscle,B26,Tefluthrin,292,292,0,0,0,292,0.0,1.0,1.0,0.0,0.0,0.0,0.0,0.0,0.0,0.0,1.0,1.0,0.0,0.0,0.0,0.0,0.0,0.0,0.0,1.0,1.0,0.0,0.0,0.0,0.0,0.0,0.0,0.0,inf,inf,0.0,1.0,0.0,1.0,0.0,1.0,0.0,1.0
BM,Beef muscle,B43,Thiamethoxam,292,292,0,0,0,292,0.0,80.0,80.0,0.0,1.0,0.0,1.0,0.0,1.0,0.0,80.0,80.0,0.0,1.0,0.0,1.0,0.0,1.0,0.0,80.0,80.0,0.0,1.0,0.0,1.0,0.0,1.0,0.0,inf,inf,0.0,1.0,0.0,1.0,0.0,1.0,0.0,80.0
BM,Beef muscle,B48,Azoxystrobin,292,292,0,0,0,292,0.0,4.0,4.0,0.0,1.0,0.0,0.0,0.0,0.0,0.0,4.0,4.0,0.0,1.0,0.0,0.0,0.0,0.0,0.0,4.0,4.0,0.0,1.0,0.0,0.0,0.0,0.0,0.0,inf,inf,0.0,1.0,0.0,1.0,0.0,1.0,0.0,4.0
BM,Beef muscle,B56,Pyridaben,292,292,0,0,0,292,0.0,4.0,4.0,0.0,1.0,0.0,0.0,0.0,0.0,0.0,4.0,4.0,0.0,1.0,0.0,0.0,0.0,0.0,0.0,4.0,4.0,0.0,1.0,0.0,0.0,0.0,0.0,0.0,inf,inf,0.0,1.0,0.0,1.0,0.0,1.0,0.0,4.0
BM,Beef muscle,B61,Pyraclostrobin,292,292,0,0,0,292,0.0,60.0,60.0,0.0,1.0,0.0,1.0,0.0,1.0,0.0,60.0,60.0,0.0,1.0,0.0,1.0,0.0,1.0,0.0,60.0,60.0,0.0,1.0,0.0,1.0,0.0,1.0,0.0,inf,inf,0.0,1.0,0.0,1.0,0.0,1.0,0.0,60.0
BM,Beef muscle,B63,Flutolanil,292,292,0,0,0,292,0.0,4.0,4.0,0.0,1.0,0.0,0.0,0.0,0.0,0.0,4.0,4.0,0.0,1.0,0.0,0.0,0.0,0.0,0.0,4.0,4.0,0.0,1.0,0.0,0.0,0.0,0.0,0.0,inf,inf,0.0,1.0,0.0,1.0,0.0,1.0,0.0,4.0
BM,Beef muscle,B64,Fenamidone,292,292,0,0,0,292,0.0,20.0,20.0,0.0,1.0,0.0,1.0,0.0,0.0,0.0,20.0,20.0,0.0,1.0,0.0,1.0,0.0,0.0,0.0,20.0,20.0,0.0,1.0,0.0,1.0,0.0,0.0,0.0,inf,inf,0.0,1.0,0.0,1.0,0.0,1.0,0.0,20.0
BM,Beef muscle,B68,Thiacloprid,292,292,0,0,0,292,0.0,8.0,8.0,0.0,1.0,0.0,0.0,0.0,0.0,0.0,8.0,8.0,0.0,1.0,0.0,0.0,0.0,0.0,0.0,8.0,8.0,0.0,1.0,0.0,0.0,0.0,0.0,0.0,inf,inf,0.0,1.0,0.0,1.0,0.0,1.0,0.0,8.0
BM,Beef muscle,B75,Boscalid,292,292,0,0,0,292,0.0,12.0,12.0,0.0,1.0,0.0,1.0,0.0,0.0,0.0,12.0,12.0,0.0,1.0,0.0,1.0,0.0,0.0,0.0,12.0,12.0,0.0,1.0,0.0,1.0,0.0,0.0,0.0,inf,inf,0.0,1.0,0.0,1.0,0.0,1.0,0.0,12.0
BM,Beef muscle,B79,Trifloxystrobin,292,292,0,0,0,292,0.0,4.0,4.0,0.0,1.0,0.0,0.0,0.0,0.0,0.0,4.0,4.0,0.0,1.0,0.0,0.0,0.0,0.0,0.0,4.0,4.0,0.0,1.0,0.0,0.0,0.0,0.0,0.0,inf,inf,0.0,1.0,0.0,1.0,0.0,1.0,0.0,4.0
BM,Beef muscle,B80,Acetamiprid,292,292,0,0,0,292,0.0,60.0,60.0,0.0,1.0,0.0,1.0,0.0,1.0,0.0,60.0,60.0,0.0,1.0,0.0,1.0,0.0,1.0,0.0,60.0,60.0,0.0,1.0,0.0,1.0,0.0,1.0,0.0,inf,inf,0.0,1.0,0.0,1.0,0.0,1.0,0.0,60.0
BM,Beef muscle,B82,Bifenazate,292,292,0,0,0,292,0.0,40.0,40.0,0.0,1.0,0.0,1.0,0.0,1.0,0.0,40.0,40.0,0.0,1.0,0.0,1.0,0.0,1.0,0.0,40.0,40.0,0.0,1.0,0.0,1.0,0.0,1.0,0.0,inf,inf,0.0,1.0,0.0,1.0,0.0,1.0,0.0,40.0
BM,Beef muscle,B85,Spirodiclofen,292,292,0,0,0,292,0.0,2.0,2.0,0.0,0.0,0.0,0.0,0.0,0.0,0.0,2.0,2.0,0.0,0.0,0.0,0.0,0.0,0.0,0.0,2.0,2.0,0.0,0.0,0.0,0.0,0.0,0.0,0.0,inf,inf,0.0,1.0,0.0,1.0,0.0,1.0,0.0,2.0
FC,Catfish,001,Aldrin,543,543,0,0,0,543,0.0,5.0,5.0,0.0,1.0,0.0,0.0,0.0,0.0,0.0,5.0,5.0,0.0,1.0,0.0,0.0,0.0,0.0,0.0,5.0,5.0,0.0,1.0,0.0,0.0,0.0,0.0,0.0,inf,inf,0.0,1.0,0.0,1.0,0.0,1.0,0.0,5.0
FC,Catfish,002,Allethrin,543,543,0,0,0,543,0.0,5.0,5.0,0.0,1.0,0.0,0.0,0.0,0.0,0.0,5.0,5.0,0.0,1.0,0.0,0.0,0.0,0.0,0.0,5.0,5.0,0.0,1.0,0.0,0.0,0.0,0.0,0.0,inf,inf,0.0,1.0,0.0,1.0,0.0,1.0,0.0,5.0
FC,Catfish,011,Captan,543,543,0,0,0,543,0.0,5.0,5.0,0.0,1.0,0.0,0.0,0.0,0.0,0.0,5.0,5.0,0.0,1.0,0.0,0.0,0.0,0.0,0.0,5.0,5.0,0.0,1.0,0.0,0.0,0.0,0.0,0.0,inf,inf,0.0,1.0,0.0,1.0,0.0,1.0,0.0,5.0
FC,Catfish,015,Chlorobenzilate,543,0,543,0,0,0,,,,,,,,,,,,,,,,,,,,,,,,,,,,,,,,,,,,,0.0,inf
FC,Catfish,024,Diazinon,543,543,0,0,0,543,0.0,1.0,1.0,0.0,0.0,0.0,0.0,0.0,0.0,0.0,1.0,1.0,0.0,0.0,0.0,0.0,0.0,0.0,0.0,1.0,1.0,0.0,0.0,0.0,0.0,0.0,0.0,0.0,inf,inf,0.0,1.0,0.0,1.0,0.0,1.0,0.0,1.0
FC,Catfish,028,Dieldrin,543,537,0,6,0,543,0.13959484346224676,5.0843462246777165,4.94475138121547,0.011049723756906077,1.0,0.0055248618784530384,0.0055248618784530384,0.001841620626151013,0.001841620626151013,0.06077348066298342,5.552486187845304,5.49171270718232,0.0055248618784530384,1.0,0.0,0.0055248618784530384,0.0,0.0055248618784530384,0.055248618784530384,10.524861878453038,10.469613259668508,0.0055248618784530384,1.0,0.0,0.0055248618784530384,0.0,0.0055248618784530384,0.0,inf,inf,0.0,1.0,0.0,1.0,0.0,1.0,0.13959484346224676,5.0843462246777165
FC,Catfish,032,Diuron,543,505,0,38,0,543,2.7116022099447514,17.591896869244934,14.880294659300183,0.06998158379373849,1.0,0.06998158379373849,1.0,0.053406998158379376,0.053406998158379376,1.1970534069981584,26.85082872928177,25.65377532228361,0.06998158379373849,1.0,0.0055248618784530384,1.0,0.0055248618784530384,0.06998158379373849,0.6998158379373849,84.86187845303867,84.16206261510129,0.06998158379373849,1.0,0.0,1.0,0.0,0.06998158379373849,0.0,inf,inf,0.0,1.0,0.0,1.0,0.0,1.0,2.7116022099447514,17.591896869244934
FC,Catfish,034,Endrin,543,543,0,0,0,543,0.0,5.0,5.0,0.0,1.0,0.0,0.0,0.0,0.0,0.0,5.0,5.0,0.0,1.0,0.0,0.0,0.0,0.0,0.0,5.0,5.0,0.0,1.0,0.0,0.0,0.0,0.0,0.0,inf,inf,0.0,1.0,0.0,1.0,0.0,1.0,0.0,5.0
FC,Catfish,035,EPN,543,543,0,0,0,543,0.0,1.0,1.0,0.0,0.0,0.0,0.0,0.0,0.0,0.0,1.0,1.0,0.0,0.0,0.0,0.0,0.0,0.0,0.0,1.0,1.0,0.0,0.0,0.0,0.0,0.0,0.0,0.0,inf,inf,0.0,1.0,0.0,1.0,0.0,1.0,0.0,1.0
FC,Catfish,042,Azinphos methyl,543,543,0,0,0,543,0.0,2.0,2.0,0.0,0.0,0.0,0.0,0.0,0.0,0.0,2.0,2.0,0.0,0.0,0.0,0.0,0.0,0.0,0.0,2.0,2.0,0.0,0.0,0.0,0.0,0.0,0.0,0.0,inf,inf,0.0,1.0,0.0,1.0,0.0,1.0,0.0,2.0
FC,Catfish,044,Heptachlor,543,543,0,0,0,543,0.0,5.0,5.0,0.0,1.0,0.0,0.0,0.0,0.0,0.0,5.0,5.0,0.0,1.0,0.0,0.0,0.0,0.0,0.0,5.0,5.0,0.0,1.0,0.0,0.0,0.0,0.0,0.0,inf,inf,0.0,1.0,0.0,1.0,0.0,1.0,0.0,5.0
FC,Catfish,050,Lindane (BHC gamma),543,541,0,2,0,543,0.00976058931860037,2.002394106813996,1.9926335174953957,0.003683241252302026,0.003683241252302026,0.0,0.0,0.0,0.0,0.003683241252302026,2.029465930018416,2.025782688766114,0.0,0.003683241252302026,0.0,0.0,0.0,0.0,0.0,2.029465930018416,2.029465930018416,0.0,0.003683241252302026,0.0,0.0,0.0,0.0,0.0,inf,inf,0.0,1.0,0.0,1.0,0.0,1.0,0.00976058931860037,2.002394106813996
FC,Catfish,052,Malathion,543,0,543,0,0,0,,,,,,,,,,,,,,,,,,,,,,,,,,,,,,,,,,,,,0.0,inf
FC,Catfish,057,Parathion methyl,543,543,0,0,0,543,0.0,1.0,1.0,0.0,0.0,0.0,0.0,0.0,0.0,0.0,1.0,1.0,0.0,0.0,0.0,0.0,0.0,0.0,0.0,1.0,1.0,0.0,0.0,0.0,0.0,0.0,0.0,0.0,inf,inf,0.0,1.0,0.0,1.0,0.0,1.0,0.0,1.0
FC,Catfish,058,MGK-264,543,542,0,1,0,543,0.029465930018416207,11.594843462246777,11.56537753222836,0.001841620626151013,1.0,0.001841620626151013,0.6593001841620626,0.0,0.0,0.01841620626151013,11.749539594843462,11.731123388581953,0.001841620626151013,1.0,0.0,0.6593001841620626,0.0,0.001841620626151013,0.01841620626151013,13.406998158379373,13.388581952117864,0.001841620626151013,1.0,0.0,0.6593001841620626,0.0,0.001841620626151013,0.0,inf,inf,0.0,1.0,0.0,1.0,0.0,1.0,0.029465930018416207,11.594843462246777
FC,Catfish,065,Parathion ethyl,543,0,542,1,0,1,2.3,2.3,0.0,1.0,1.0,0.0,0.0,0.0,0.0,1.0,10.0,9.0,0.0,1.0,0.0,0.0,0.0,0.0,0.0,10.0,10.0,0.0,1.0,0.0,0.0,0.0,0.0,0.0,inf,inf,0.0,1.0,0.0,1.0,0.0,1.0,0.004235727440147329,inf
FC,Catfish,069,Mevinphos Total,543,543,0,0,0,543,0.0,10.0,10.0,0.0,1.0,0.0,0.0,0.0,0.0,0.0,10.0,10.0,0.0,1.0,0.0,0.0,0.0,0.0,0.0,10.0,10.0,0.0,1.0,0.0,0.0,0.0,0.0,0.0,inf,inf,0.0,1.0,0.0,1.0,0.0,1.0,0.0,10.0
FC,Catfish,070,Piperonyl butoxide,543,540,0,3,0,543,0.18103130755064456,6.103683241252303,5.922651933701658,0.0055248618784530384,0.6611418047882136,0.003683241252302026,0.003683241252302026,0.001841620626151013,0.001841620626151013,0.03867403314917127,6.30939226519337,6.270718232044199,0.003683241252302026,0.6611418047882136,0.0,0.003683241252302026,0.0,0.003683241252302026,0.03683241252302026,9.624309392265193,9.587476979742172,0.003683241252302026,0.6611418047882136,0.0,0.003683241252302026,0.0,0.003683241252302026,0.0,inf,inf,0.0,1.0,0.0,1.0,0.0,1.0,0.18103130755064456,6.103683241252303
FC,Catfish,075,Pyrethrins,543,543,0,0,0,543,0.0,10.0,10.0,0.0,1.0,0.0,0.0,0.0,0.0,0.0,10.0,10.0,0.0,1.0,0.0,0.0,0.0,0.0,0.0,10.0,10.0,0.0,1.0,0.0,0.0,0.0,0.0,0.0,inf,inf,0.0,1.0,0.0,1.0,0.0,1.0,0.0,10.0
FC,Catfish,090,Toxaphene,543,508,0,35,0,543,9.263904235727441,56.041068139963166,46.77716390423572,0.06445672191528545,1.0,0.06445672191528545,1.0,0.06445672191528545,1.0,2.965009208103131,76.42725598526704,73.46224677716391,0.06445672191528545,1.0,0.02578268876611418,1.0,0.02578268876611418,1.0,0.6445672191528545,111.23388581952118,110.58931860036832,0.06445672191528545,1.0,0.0,1.0,0.0,1.0,0.0,inf,inf,0.0,1.0,0.0,1.0,0.0,1.0,9.263904235727441,56.041068139963166
FC,Catfish,102,Carbaryl,543,543,0,0,0,543,0.0,5.0,5.0,0.0,1.0,0.0,0.0,0.0,0.0,0.0,5.0,5.0,0.0,1.0,0.0,0.0,0.0,0.0,0.0,5.0,5.0,0.0,1.0,0.0,0.0,0.0,0.0,0.0,inf,inf,0.0,1.0,0.0,1.0,0.0,1.0,0.0,5.0
FC,Catfish,108,Tetradifon,543,543,0,0,0,543,0.0,1.0,1.0,0.0,0.0,0.0,0.0,0.0,0.0,0.0,1.0,1.0,0.0,0.0,0.0,0.0,0.0,0.0,0.0,1.0,1.0,0.0,0.0,0.0,0.0,0.0,0.0,0.0,inf,inf,0.0,1.0,0.0,1.0,0.0,1.0,0.0,1.0
FC,Catfish,114,Chlorpropham,543,543,0,0,0,543,0.0,16.593001841620627,16.593001841620627,0.0,1.0,0.0,0.6593001841620626,0.0,0.0,0.0,16.593001841620627,16.593001841620627,0.0,1.0,0.0,0.6593001841620626,0.0,0.0,0.0,16.593001841620627,16.593001841620627,0.0,1.0,0.0,0.6593001841620626,0.0,0.0,0.0,inf,inf,0.0,1.0,0.0,1.0,0.0,1.0,0.0,16.593001841620627
FC,Catfish,117,Disulfoton,543,543,0,0,0,543,0.0,5.0,5.0,0.0,1.0,0.0,0.0,0.0,0.0,0.0,5.0,5.0,0.0,1.0,0.0,0.0,0.0,0.0,0.0,5.0,5.0,0.0,1.0,0.0,0.0,0.0,0.0,0.0,inf,inf,0.0,1.0,0.0,1.0,0.0,1.0,0.0,5.0
FC,Catfish,124,Coumaphos,543,543,0,0,0,543,0.0,1.0,1.0,0.0,0.0,0.0,0.0,0.0,0.0,0.0,1.0,1.0,0.0,0.0,0.0,0.0,0.0,0.0,0.0,1.0,1.0,0.0,0.0,0.0,0.0,0.0,0.0,0.0,inf,inf,0.0,1.0,0.0,1.0,0.0,1.0,0.0,1.0
FC,Catfish,125,Diphenylamine (DPA),543,536,0,7,0,543,0.01878453038674033,1.665193370165746,1.6464088397790055,0.001841620626151013,0.001841620626151013,0.0,0.0,0.0,0.0,0.01289134438305709,1.7753222836095763,1.7624309392265192,0.0,0.01289134438305709,0.0,0.0,0.0,0.0,0.0,1.7753222836095763,1.7753222836095763,0.0,0.01289134438305709,0.0,0.0,0.0,0.0,0.0,inf,inf,0.0,1.0,0.0,1.0,0.0,1.0,0.01878453038674033,1.665193370165746
FC,Catfish,129,Linuron,543,543,0,0,0,543,0.0,5.0,5.0,0.0,1.0,0.0,0.0,0.0,0.0,0.0,5.0,5.0,0.0,1.0,0.0,0.0,0.0,0.0,0.0,5.0,5.0,0.0,1.0,0.0,0.0,0.0,0.0,0.0,inf,inf,0.0,1.0,0.0,1.0,0.0,1.0,0.0,5.0
FC,Catfish,134,DCPA,543,543,0,0,0,543,0.0,1.0,1.0,0.0,0.0,0.0,0.0,0.0,0.0,0.0,1.0,1.0,0.0,0.0,0.0,0.0,0.0,0.0,0.0,1.0,1.0,0.0,0.0,0.0,0.0,0.0,0.0,0.0,inf,inf,0.0,1.0,0.0,1.0,0.0,1.0,0.0,1.0
FC,Catfish,143,Heptachlor epoxide,543,543,0,0,0,543,0.0,5.0,5.0,0.0,1.0,0.0,0.0,0.0,0.0,0.0,5.0,5.0,0.0,1.0,0.0,0.0,0.0,0.0,0.0,5.0,5.0,0.0,1.0,0.0,0.0,0.0,0.0,0.0,inf,inf,0.0,1.0,0.0,1.0,0.0,1.0,0.0,5.0
FC,Catfish,144,Dicloran,543,543,0,0,0,543,0.0,1.0,1.0,0.0,0.0,0.0,0.0,0.0,0.0,0.0,1.0,1.0,0.0,0.0,0.0,0.0,0.0,0.0,0.0,1.0,1.0,0.0,0.0,0.0,0.0,0.0,0.0,0.0,inf,inf,0.0,1.0,0.0,1.0,0.0,1.0,0.0,1.0
FC,Catfish,148,Phorate,543,543,0,0,0,543,0.0,8.933701657458563,8.933701657458563,0.0,1.0,0.0,0.6593001841620626,0.0,0.0,0.0,8.933701657458563,8.933701657458563,0.0,1.0,0.0,0.6593001841620626,0.0,0.0,0.0,8.933701657458563,8.933701657458563,0.0,1.0,0.0,0.6593001841620626,0.0,0.0,0.0,inf,inf,0.0,1.0,0.0,1.0,0.0,1.0,0.0,8.933701657458563
FC,Catfish,149,Simazine,543,543,0,0,0,543,0.0,3.0,3.0,0.0,1.0,0.0,0.0,0.0,0.0,0.0,3.0,3.0,0.0,1.0,0.0,0.0,0.0,0.0,0.0,3.0,3.0,0.0,1.0,0.0,0.0,0.0,0.0,0.0,inf,inf,0.0,1.0,0.0,1.0,0.0,1.0,0.0,3.0
FC,Catfish,151,Trifluralin,543,535,0,8,0,543,0.3388581952117864,1.3241252302025783,0.9852670349907919,0.007366482504604052,0.007366482504604052,0.007366482504604052,0.007366482504604052,0.0055248618784530384,0.0055248618784530384,0.08103130755064457,1.7955801104972375,1.714548802946593,0.007366482504604052,0.014732965009208104,0.0,0.007366482504604052,0.0,0.007366482504604052,0.07366482504604052,8.425414364640885,8.351749539594843,0.007366482504604052,0.014732965009208104,0.0,0.007366482504604052,0.0,0.007366482504604052,0.0,inf,inf,0.0,1.0,0.0,1.0,0.0,1.0,0.3388581952117864,1.3241252302025783
FC,Catfish,158,Nitrofen,543,543,0,0,0,543,0.0,1.0,1.0,0.0,0.0,0.0,0.0,0.0,0.0,0.0,1.0,1.0,0.0,0.0,0.0,0.0,0.0,0.0,0.0,1.0,1.0,0.0,0.0,0.0,0.0,0.0,0.0,0.0,inf,inf,0.0,1.0,0.0,1.0,0.0,1.0,0.0,1.0
FC,Catfish,159,Methomyl,543,0,543,0,0,0,,,,,,,,,,,,,,,,,,,,,,,,,,,,,,,,,,,,,0.0,inf
FC,Catfish,160,Chlorpyrifos,543,513,0,30,0,543,0.28084714548802947,1.225598526703499,0.9447513812154695,0.02578268876611418,0.02578268876611418,0.0055248618784530384,0.0055248618784530384,0.003683241252302026,0.003683241252302026,0.10497237569060773,1.9944751381215469,1.889502762430939,0.0055248618784530384,0.055248618784530384,0.0,0.0055248618784530384,0.0,0.0055248618784530384,0.055248618784530384,6.966850828729282,6.911602209944752,0.0055248618784530384,0.055248618784530384,0.0,0.0055248618784530384,0.0,0.0055248618784530384,0.0,inf,inf,0.0,1.0,0.0,1.0,0.0,1.0,0.28084714548802947,1.225598526703499
FC,Catfish,162,Propoxur,543,543,0,0,0,543,0.0,25.0,25.0,0.0,1.0,0.0,1.0,0.0,1.0,0.0,25.0,25.0,0.0,1.0,0.0,1.0,0.0,1.0,0.0,25.0,25.0,0.0,1.0,0.0,1.0,0.0,1.0,0.0,inf,inf,0.0,1.0,0.0,1.0,0.0,1.0,0.0,25.0
FC,Catfish,165,Phosmet,543,543,0,0,0,543,0.0,3.0,3.0,0.0,1.0,0.0,0.0,0.0,0.0,0.0,3.0,3.0,0.0,1.0,0.0,0.0,0.0,0.0,0.0,3.0,3.0,0.0,1.0,0.0,0.0,0.0,0.0,0.0,inf,inf,0.0,1.0,0.0,1.0,0.0,1.0,0.0,3.0
FC,Catfish,166,Phosalone,543,543,0,0,0,543,0.0,8.933701657458563,8.933701657458563,0.0,1.0,0.0,0.6593001841620626,0.0,0.0,0.0,8.933701657458563,8.933701657458563,0.0,1.0,0.0,0.6593001841620626,0.0,0.0,0.0,8.933701657458563,8.933701657458563,0.0,1.0,0.0,0.6593001841620626,0.0,0.0,0.0,inf,inf,0.0,1.0,0.0,1.0,0.0,1.0,0.0,8.933701657458563
FC,Catfish,167,Aldicarb,543,543,0,0,0,543,0.0,25.0,25.0,0.0,1.0,0.0,1.0,0.0,1.0,0.0,25.0,25.0,0.0,1.0,0.0,1.0,0.0,1.0,0.0,25.0,25.0,0.0,1.0,0.0,1.0,0.0,1.0,0.0,inf,inf,0.0,1.0,0.0,1.0,0.0,1.0,0.0,25.0
FC,Catfish,168,Aldicarb sulfone,543,543,0,0,0,543,0.0,10.0,10.0,0.0,1.0,0.0,0.0,0.0,0.0,0.0,10.0,10.0,0.0,1.0,0.0,0.0,0.0,0.0,0.0,10.0,10.0,0.0,1.0,0.0,0.0,0.0,0.0,0.0,inf,inf,0.0,1.0,0.0,1.0,0.0,1.0,0.0,10.0
FC,Catfish,171,Dimethoate,543,543,0,0,0,543,0.0,4.0,4.0,0.0,1.0,0.0,0.0,0.0,0.0,0.0,4.0,4.0,0.0,1.0,0.0,0.0,0.0,0.0,0.0,4.0,4.0,0.0,1.0,0.0,0.0,0.0,0.0,0.0,inf,inf,0.0,1.0,0.0,1.0,0.0,1.0,0.0,4.0
FC,Catfish,172,Chlordane trans,543,542,0,1,0,543,0.002209944751381215,1.0003683241252304,0.9981583793738491,0.0,0.0,0.0,0.0,0.0,0.0,0.001841620626151013,1.0165745856353592,1.014732965009208,0.0,0.001841620626151013,0.0,0.0,0.0,0.0,0.0,1.0165745856353592,1.0165745856353592,0.0,0.001841620626151013,0.0,0.0,0.0,0.0,0.0,inf,inf,0.0,1.0,0.0,1.0,0.0,1.0,0.002209944751381215,1.0003683241252304
FC,Catfish,173,Chlordane cis,543,541,0,2,0,543,0.004604051565377533,1.0009208103130756,0.996316758747698,0.0,0.0,0.0,0.0,0.0,0.0,0.003683241252302026,1.0331491712707181,1.0294659300184161,0.0,0.003683241252302026,0.0,0.0,0.0,0.0,0.0,1.0331491712707181,1.0331491712707181,0.0,0.003683241252302026,0.0,0.0,0.0,0.0,0.0,inf,inf,0.0,1.0,0.0,1.0,0.0,1.0,0.004604051565377533,1.0009208103130756
FC,Catfish,176,Tetrachlorvinphos,543,543,0,0,0,543,0.0,2.0,2.0,0.0,0.0,0.0,0.0,0.0,0.0,0.0,2.0,2.0,0.0,0.0,0.0,0.0,0.0,0.0,0.0,2.0,2.0,0.0,0.0,0.0,0.0,0.0,0.0,0.0,inf,inf,0.0,1.0,0.0,1.0,0.0,1.0,0.0,2.0
FC,Catfish,177,Fenthion,543,543,0,0,0,543,0.0,6.955801104972376,6.955801104972376,0.0,1.0,0.0,0.0,0.0,0.0,0.0,6.955801104972376,6.955801104972376,0.0,1.0,0.0,0.0,0.0,0.0,0.0,6.955801104972376,6.955801104972376,0.0,1.0,0.0,0.0,0.0,0.0,0.0,inf,inf,0.0,1.0,0.0,1.0,0.0,1.0,0.0,6.955801104972376
FC,Catfish,180,Carbofuran,543,543,0,0,0,543,0.0,2.0,2.0,0.0,0.0,0.0,0.0,0.0,0.0,0.0,2.0,2.0,0.0,0.0,0.0,0.0,0.0,0.0,0.0,2.0,2.0,0.0,0.0,0.0,0.0,0.0,0.0,0.0,inf,inf,0.0,1.0,0.0,1.0,0.0,1.0,0.0,2.0
FC,Catfish,181,Metribuzin,543,543,0,0,0,543,0.0,1.0,1.0,0.0,0.0,0.0,0.0,0.0,0.0,0.0,1.0,1.0,0.0,0.0,0.0,0.0,0.0,0.0,0.0,1.0,1.0,0.0,0.0,0.0,0.0,0.0,0.0,0.0,inf,inf,0.0,1.0,0.0,1.0,0.0,1.0,0.0,1.0
FC,Catfish,191,Benfluralin,543,543,0,0,0,543,0.0,1.0,1.0,0.0,0.0,0.0,0.0,0.0,0.0,0.0,1.0,1.0,0.0,0.0,0.0,0.0,0.0,0.0,0.0,1.0,1.0,0.0,0.0,0.0,0.0,0.0,0.0,0.0,inf,inf,0.0,1.0,0.0,1.0,0.0,1.0,0.0,1.0
FC,Catfish,197,Methidathion,543,0,543,0,0,0,,,,,,,,,,,,,,,,,,,,,,,,,,,,,,,,,,,,,0.0,inf
FC,Catfish,202,Carbophenothion,543,543,0,0,0,543,0.0,1.0,1.0,0.0,0.0,0.0,0.0,0.0,0.0,0.0,1.0,1.0,0.0,0.0,0.0,0.0,0.0,0.0,0.0,1.0,1.0,0.0,0.0,0.0,0.0,0.0,0.0,0.0,inf,inf,0.0,1.0,0.0,1.0,0.0,1.0,0.0,1.0
FC,Catfish,205,Terbufos,543,543,0,0,0,543,0.0,5.0,5.0,0.0,1.0,0.0,0.0,0.0,0.0,0.0,5.0,5.0,0.0,1.0,0.0,0.0,0.0,0.0,0.0,5.0,5.0,0.0,1.0,0.0,0.0,0.0,0.0,0.0,inf,inf,0.0,1.0,0.0,1.0,0.0,1.0,0.0,5.0
FC,Catfish,206,Nonachlor trans,543,541,0,2,0,543,0.0077348066298342545,1.0040515653775324,0.9963167587476981,0.001841620626151013,0.001841620626151013,0.0,0.0,0.0,0.0,0.003683241252302026,1.0331491712707181,1.0294659300184161,0.0,0.003683241252302026,0.0,0.0,0.0,0.0,0.0,1.0331491712707181,1.0331491712707181,0.0,0.003683241252302026,0.0,0.0,0.0,0.0,0.0,inf,inf,0.0,1.0,0.0,1.0,0.0,1.0,0.0077348066298342545,1.0040515653775324
FC,Catfish,207,Nonachlor cis,543,542,0,1,0,543,0.001841620626151013,1.0,0.998158379373849,0.0,0.0,0.0,0.0,0.0,0.0,0.001841620626151013,1.0165745856353592,1.014732965009208,0.0,0.001841620626151013,0.0,0.0,0.0,0.0,0.0,1.0165745856353592,1.0165745856353592,0.0,0.001841620626151013,0.0,0.0,0.0,0.0,0.0,inf,inf,0.0,1.0,0.0,1.0,0.0,1.0,0.001841620626151013,1.0
FC,Catfish,227,Alachlor,543,543,0,0,0,543,0.0,8.296500920810313,8.296500920810313,0.0,1.0,0.0,0.0,0.0,0.0,0.0,8.296500920810313,8.296500920810313,0.0,1.0,0.0,0.0,0.0,0.0,0.0,8.296500920810313,8.296500920810313,0.0,1.0,0.0,0.0,0.0,0.0,0.0,inf,inf,0.0,1.0,0.0,1.0,0.0,1.0,0.0,8.296500920810313
FC,Catfish,229,Flucythrinate,543,543,0,0,0,543,0.0,14.88950276243094,14.88950276243094,0.0,1.0,0.0,0.6593001841620626,0.0,0.0,0.0,14.88950276243094,14.88950276243094,0.0,1.0,0.0,0.6593001841620626,0.0,0.0,0.0,14.88950276243094,14.88950276243094,0.0,1.0,0.0,0.6593001841620626,0.0,0.0,0.0,inf,inf,0.0,1.0,0.0,1.0,0.0,1.0,0.0,14.88950276243094
FC,Catfish,230,Pendimethalin,543,536,0,7,0,543,0.07605893186003684,2.0502762430939225,1.9742173112338857,0.01289134438305709,0.01289134438305709,0.001841620626151013,0.001841620626151013,0.0,0.0,0.029465930018416207,2.268876611418048,2.2394106813996317,0.001841620626151013,0.01289134438305709,0.0,0.001841620626151013,0.0,0.001841620626151013,0.01841620626151013,3.9263351749539597,3.9079189686924494,0.001841620626151013,0.01289134438305709,0.0,0.001841620626151013,0.0,0.001841620626151013,0.0,inf,inf,0.0,1.0,0.0,1.0,0.0,1.0,0.07605893186003684,2.0502762430939225
FC,Catfish,235,Chlorpyrifos methyl,543,535,0,8,0,543,0.018047882136279926,1.0033149171270717,0.9852670349907917,0.0,0.0,0.0,0.0,0.0,0.0,0.014732965009208104,1.132596685082873,1.117863720073665,0.0,0.014732965009208104,0.0,0.0,0.0,0.0,0.0,1.132596685082873,1.132596685082873,0.0,0.014732965009208104,0.0,0.0,0.0,0.0,0.0,inf,inf,0.0,1.0,0.0,1.0,0.0,1.0,0.018047882136279926,1.0033149171270717
FC,Catfish,236,Fenamiphos,543,0,543,0,0,0,,,,,,,,,,,,,,,,,,,,,,,,,,,,,,,,,,,,,0.0,inf
FC,Catfish,254,"Dicofol p,p'",543,538,0,5,0,543,0.015285451197053409,1.0060773480662983,0.990791896869245,0.001841620626151013,0.001841620626151013,0.0,0.0,0.0,0.0,0.009208103130755065,1.0828729281767955,1.0736648250460403,0.0,0.009208103130755065,0.0,0.0,0.0,0.0,0.0,1.0828729281767955,1.0828729281767955,0.0,0.009208103130755065,0.0,0.0,0.0,0.0,0.0,inf,inf,0.0,1.0,0.0,1.0,0.0,1.0,0.015285451197053409,1.0060773480662983
FC,Catfish,264,Propiconazole,543,0,543,0,0,0,,,,,,,,,,,,,,,,,,,,,,,,,,,,,,,,,,,,,0.0,inf
FC,Catfish,271,Fenarimol,543,543,0,0,0,543,0.0,1.0,1.0,0.0,0.0,0.0,0.0,0.0,0.0,0.0,1.0,1.0,0.0,0.0,0.0,0.0,0.0,0.0,0.0,1.0,1.0,0.0,0.0,0.0,0.0,0.0,0.0,0.0,inf,inf,0.0,1.0,0.0,1.0,0.0,1.0,0.0,1.0
FC,Catfish,275,"Methoxychlor p,p'",543,543,0,0,0,543,0.0,4.637200736648251,4.637200736648251,0.0,0.6593001841620626,0.0,0.0,0.0,0.0,0.0,4.637200736648251,4.637200736648251,0.0,0.6593001841620626,0.0,0.0,0.0,0.0,0.0,4.637200736648251,4.637200736648251,0.0,0.6593001841620626,0.0,0.0,0.0,0.0,0.0,inf,inf,0.0,1.0,0.0,1.0,0.0,1.0,0.0,4.637200736648251
FC,Catfish,280,Fluchloralin,543,543,0,0,0,543,0.0,4.637200736648251,4.637200736648251,0.0,0.6593001841620626,0.0,0.0,0.0,0.0,0.0,4.637200736648251,4.637200736648251,0.0,0.6593001841620626,0.0,0.0,0.0,0.0,0.0,4.637200736648251,4.637200736648251,0.0,0.6593001841620626,0.0,0.0,0.0,0.0,0.0,inf,inf,0.0,1.0,0.0,1.0,0.0,1.0,0.0,4.637200736648251
FC,Catfish,283,Metolachlor,543,543,0,0,0,543,0.0,3.3186003683241254,3.3186003683241254,0.0,0.6593001841620626,0.0,0.0,0.0,0.0,0.0,3.3186003683241254,3.3186003683241254,0.0,0.6593001841620626,0.0,0.0,0.0,0.0,0.0,3.3186003683241254,3.3186003683241254,0.0,0.6593001841620626,0.0,0.0,0.0,0.0,0.0,inf,inf,0.0,1.0,0.0,1.0,0.0,1.0,0.0,3.3186003683241254
FC,Catfish,292,Fluazifop butyl,543,543,0,0,0,543,0.0,1.6593001841620627,1.6593001841620627,0.0,0.0,0.0,0.0,0.0,0.0,0.0,1.6593001841620627,1.6593001841620627,0.0,0.0,0.0,0.0,0.0,0.0,0.0,1.6593001841620627,1.6593001841620627,0.0,0.0,0.0,0.0,0.0,0.0,0.0,inf,inf,0.0,1.0,0.0,1.0,0.0,1.0,0.0,1.6593001841620627
FC,Catfish,297,Fluvalinate,543,543,0,0,0,543,0.0,1.0,1.0,0.0,0.0,0.0,0.0,0.0,0.0,0.0,1.0,1.0,0.0,0.0,0.0,0.0,0.0,0.0,0.0,1.0,1.0,0.0,0.0,0.0,0.0,0.0,0.0,0.0,inf,inf,0.0,1.0,0.0,1.0,0.0,1.0,0.0,1.0
FC,Catfish,299,Diclofop methyl,543,543,0,0,0,543,0.0,1.6593001841620627,1.6593001841620627,0.0,0.0,0.0,0.0,0.0,0.0,0.0,1.6593001841620627,1.6593001841620627,0.0,0.0,0.0,0.0,0.0,0.0,0.0,1.6593001841620627,1.6593001841620627,0.0,0.0,0.0,0.0,0.0,0.0,0.0,inf,inf,0.0,1.0,0.0,1.0,0.0,1.0,0.0,1.6593001841620627
FC,Catfish,304,Quintozene (PCNB),521,521,0,0,0,521,0.0,1.0,1.0,0.0,0.0,0.0,0.0,0.0,0.0,0.0,1.0,1.0,0.0,0.0,0.0,0.0,0.0,0.0,0.0,1.0,1.0,0.0,0.0,0.0,0.0,0.0,0.0,0.0,inf,inf,0.0,1.0,0.0,1.0,0.0,1.0,0.0,1.0
FC,Catfish,305,Atrazine,543,539,0,4,0,543,0.050276243093922646,2.0355432780847145,1.985267034990792,0.007366482504604052,0.007366482504604052,0.001841620626151013,0.001841620626151013,0.0,0.0,0.02394106813996317,2.2246777163904237,2.2007366482504604,0.001841620626151013,0.007366482504604052,0.0,0.001841620626151013,0.0,0.001841620626151013,0.01841620626151013,3.882136279926335,3.8637200736648247,0.001841620626151013,0.007366482504604052,0.0,0.001841620626151013,0.0,0.001841620626151013,0.0,inf,inf,0.0,1.0,0.0,1.0,0.0,1.0,0.050276243093922646,2.0355432780847145
FC,Catfish,310,Propham,543,543,0,0,0,543,0.0,5.0,5.0,0.0,1.0,0.0,0.0,0.0,0.0,0.0,5.0,5.0,0.0,1.0,0.0,0.0,0.0,0.0,0.0,5.0,5.0,0.0,1.0,0.0,0.0,0.0,0.0,0.0,inf,inf,0.0,1.0,0.0,1.0,0.0,1.0,0.0,5.0
FC,Catfish,321,Hexachlorobenzene (HCB),543,541,0,2,0,543,0.009392265193370166,1.0057090239410682,0.996316758747698,0.001841620626151013,0.001841620626151013,0.0,0.0,0.0,0.0,0.003683241252302026,1.0331491712707181,1.0294659300184161,0.0,0.003683241252302026,0.0,0.0,0.0,0.0,0.0,1.0331491712707181,1.0331491712707181,0.0,0.003683241252302026,0.0,0.0,0.0,0.0,0.0,inf,inf,0.0,1.0,0.0,1.0,0.0,1.0,0.009392265193370166,1.0057090239410682
FC,Catfish,330,Diphenamid,543,543,0,0,0,543,0.0,1.0,1.0,0.0,0.0,0.0,0.0,0.0,0.0,0.0,1.0,1.0,0.0,0.0,0.0,0.0,0.0,0.0,0.0,1.0,1.0,0.0,0.0,0.0,0.0,0.0,0.0,0.0,inf,inf,0.0,1.0,0.0,1.0,0.0,1.0,0.0,1.0
FC,Catfish,333,Propazine,543,543,0,0,0,543,0.0,1.0,1.0,0.0,0.0,0.0,0.0,0.0,0.0,0.0,1.0,1.0,0.0,0.0,0.0,0.0,0.0,0.0,0.0,1.0,1.0,0.0,0.0,0.0,0.0,0.0,0.0,0.0,inf,inf,0.0,1.0,0.0,1.0,0.0,1.0,0.0,1.0
FC,Catfish,338,Dichlorvos (DDVP),543,543,0,0,0,543,0.0,6.955801104972376,6.955801104972376,0.0,1.0,0.0,0.0,0.0,0.0,0.0,6.955801104972376,6.955801104972376,0.0,1.0,0.0,0.0,0.0,0.0,0.0,6.955801104972376,6.955801104972376,0.0,1.0,0.0,0.0,0.0,0.0,0.0,inf,inf,0.0,1.0,0.0,1.0,0.0,1.0,0.0,6.955801104972376
FC,Catfish,349,Oxychlordane,543,0,543,0,0,0,,,,,,,,,,,,,,,,,,,,,,,,,,,,,,,,,,,,,0.0,inf
FC,Catfish,351,Pentachloroaniline (PCA),543,537,0,6,0,543,0.025966850828729283,1.0149171270718234,0.9889502762430941,0.001841620626151013,0.001841620626151013,0.0,0.0,0.0,0.0,0.011049723756906077,1.0994475138121547,1.0883977900552486,0.0,0.011049723756906077,0.0,0.0,0.0,0.0,0.0,1.0994475138121547,1.0994475138121547,0.0,0.011049723756906077,0.0,0.0,0.0,0.0,0.0,inf,inf,0.0,1.0,0.0,1.0,0.0,1.0,0.025966850828729283,1.0149171270718234
FC,Catfish,352,Mirex,543,543,0,0,0,543,0.0,2.0,2.0,0.0,0.0,0.0,0.0,0.0,0.0,0.0,2.0,2.0,0.0,0.0,0.0,0.0,0.0,0.0,0.0,2.0,2.0,0.0,0.0,0.0,0.0,0.0,0.0,0.0,inf,inf,0.0,1.0,0.0,1.0,0.0,1.0,0.0,2.0
FC,Catfish,382,1-Naphthol,543,543,0,0,0,543,0.0,4.9779005524861875,4.9779005524861875,0.0,1.0,0.0,0.0,0.0,0.0,0.0,4.9779005524861875,4.9779005524861875,0.0,1.0,0.0,0.0,0.0,0.0,0.0,4.9779005524861875,4.9779005524861875,0.0,1.0,0.0,0.0,0.0,0.0,0.0,inf,inf,0.0,1.0,0.0,1.0,0.0,1.0,0.0,4.9779005524861875
FC,Catfish,391,Fenitrothion,543,543,0,0,0,543,0.0,1.0,1.0,0.0,0.0,0.0,0.0,0.0,0.0,0.0,1.0,1.0,0.0,0.0,0.0,0.0,0.0,0.0,0.0,1.0,1.0,0.0,0.0,0.0,0.0,0.0,0.0,0.0,inf,inf,0.0,1.0,0.0,1.0,0.0,1.0,0.0,1.0
FC,Catfish,512,3-Hydroxycarbofuran,543,543,0,0,0,543,0.0,4.0,4.0,0.0,1.0,0.0,0.0,0.0,0.0,0.0,4.0,4.0,0.0,1.0,0.0,0.0,0.0,0.0,0.0,4.0,4.0,0.0,1.0,0.0,0.0,0.0,0.0,0.0,inf,inf,0.0,1.0,0.0,1.0,0.0,1.0,0.0,4.0
FC,Catfish,529,Vinclozolin,543,543,0,0,0,543,0.0,1.0,1.0,0.0,0.0,0.0,0.0,0.0,0.0,0.0,1.0,1.0,0.0,0.0,0.0,0.0,0.0,0.0,0.0,1.0,1.0,0.0,0.0,0.0,0.0,0.0,0.0,0.0,inf,inf,0.0,1.0,0.0,1.0,0.0,1.0,0.0,1.0
FC,Catfish,537,Oxamyl,543,543,0,0,0,543,0.0,6.0,6.0,0.0,1.0,0.0,0.0,0.0,0.0,0.0,6.0,6.0,0.0,1.0,0.0,0.0,0.0,0.0,0.0,6.0,6.0,0.0,1.0,0.0,0.0,0.0,0.0,0.0,inf,inf,0.0,1.0,0.0,1.0,0.0,1.0,0.0,6.0
FC,Catfish,539,Permethrin Total,543,0,543,0,0,0,,,,,,,,,,,,,,,,,,,,,,,,,,,,,,,,,,,,,0.0,inf
FC,Catfish,540,Pronamide,543,543,0,0,0,543,0.0,1.0,1.0,0.0,0.0,0.0,0.0,0.0,0.0,0.0,1.0,1.0,0.0,0.0,0.0,0.0,0.0,0.0,0.0,1.0,1.0,0.0,0.0,0.0,0.0,0.0,0.0,0.0,inf,inf,0.0,1.0,0.0,1.0,0.0,1.0,0.0,1.0
FC,Catfish,556,Resmethrin,543,543,0,0,0,543,0.0,6.296500920810313,6.296500920810313,0.0,1.0,0.0,0.0,0.0,0.0,0.0,6.296500920810313,6.296500920810313,0.0,1.0,0.0,0.0,0.0,0.0,0.0,6.296500920810313,6.296500920810313,0.0,1.0,0.0,0.0,0.0,0.0,0.0,inf,inf,0.0,1.0,0.0,1.0,0.0,1.0,0.0,6.296500920810313
FC,Catfish,562,Pirimiphos methyl,543,0,540,3,0,3,15.033333333333331,15.033333333333331,0.0,1.0,1.0,0.6666666666666666,0.6666666666666666,0.3333333333333333,0.3333333333333333,7.0,70.0,63.0,0.6666666666666666,1.0,0.0,0.6666666666666666,0.0,0.6666666666666666,6.666666666666667,670.0,663.3333333333334,0.6666666666666666,1.0,0.0,0.6666666666666666,0.0,0.6666666666666666,0.0,inf,inf,0.0,1.0,0.0,1.0,0.0,1.0,0.08305709023941067,inf
FC,Catfish,596,Norflurazon,543,543,0,0,0,543,0.0,2.0,2.0,0.0,0.0,0.0,0.0,0.0,0.0,0.0,2.0,2.0,0.0,0.0,0.0,0.0,0.0,0.0,0.0,2.0,2.0,0.0,0.0,0.0,0.0,0.0,0.0,0.0,inf,inf,0.0,1.0,0.0,1.0,0.0,1.0,0.0,2.0
FC,Catfish,597,Cypermethrin,543,533,0,10,0,543,0.03314917127071823,1.014732965009208,0.9815837937384898,0.0055248618784530384,0.0055248618784530384,0.0,0.0,0.0,0.0,0.01841620626151013,1.1657458563535912,1.147329650092081,0.0,0.01841620626151013,0.0,0.0,0.0,0.0,0.0,1.1657458563535912,1.1657458563535912,0.0,0.01841620626151013,0.0,0.0,0.0,0.0,0.0,inf,inf,0.0,1.0,0.0,1.0,0.0,1.0,0.03314917127071823,1.014732965009208
FC,Catfish,607,Metalaxyl,543,283,260,0,0,283,0.0,2.0,2.0,0.0,0.0,0.0,0.0,0.0,0.0,0.0,2.0,2.0,0.0,0.0,0.0,0.0,0.0,0.0,0.0,2.0,2.0,0.0,0.0,0.0,0.0,0.0,0.0,0.0,inf,inf,0.0,1.0,0.0,1.0,0.0,1.0,0.0,inf
FC,Catfish,608,Triadimefon,543,0,543,0,0,0,,,,,,,,,,,,,,,,,,,,,,,,,,,,,,,,,,,,,0.0,inf
FC,Catfish,609,Sulprofos,543,543,0,0,0,543,0.0,5.955801104972376,5.955801104972376,0.0,0.6593001841620626,0.0,0.0,0.0,0.0,0.0,5.955801104972376,5.955801104972376,0.0,0.6593001841620626,0.0,0.0,0.0,0.0,0.0,5.955801104972376,5.955801104972376,0.0,0.6593001841620626,0.0,0.0,0.0,0.0,0.0,inf,inf,0.0,1.0,0.0,1.0,0.0,1.0,0.0,5.955801104972376
FC,Catfish,612,Deltamethrin (includes parent Tralomethrin),543,543,0,0,0,543,0.0,10.0,10.0,0.0,1.0,0.0,0.0,0.0,0.0,0.0,10.0,10.0,0.0,1.0,0.0,0.0,0.0,0.0,0.0,10.0,10.0,0.0,1.0,0.0,0.0,0.0,0.0,0.0,inf,inf,0.0,1.0,0.0,1.0,0.0,1.0,0.0,10.0
FC,Catfish,621,Tri Allate,543,543,0,0,0,543,0.0,4.637200736648251,4.637200736648251,0.0,0.6593001841620626,0.0,0.0,0.0,0.0,0.0,4.637200736648251,4.637200736648251,0.0,0.6593001841620626,0.0,0.0,0.0,0.0,0.0,4.637200736648251,4.637200736648251,0.0,0.6593001841620626,0.0,0.0,0.0,0.0,0.0,inf,inf,0.0,1.0,0.0,1.0,0.0,1.0,0.0,4.637200736648251
FC,Catfish,623,Propargite,543,542,0,1,0,543,0.06040515653775322,8.338489871086557,8.278084714548804,0.001841620626151013,1.0,0.001841620626151013,0.001841620626151013,0.001841620626151013,0.001841620626151013,0.01841620626151013,8.462246777163903,8.443830570902394,0.001841620626151013,1.0,0.0,0.001841620626151013,0.0,0.001841620626151013,0.01841620626151013,10.119705340699817,10.101289134438307,0.001841620626151013,1.0,0.0,0.001841620626151013,0.0,0.001841620626151013,0.0,inf,inf,0.0,1.0,0.0,1.0,0.0,1.0,0.06040515653775322,8.338489871086557
FC,Catfish,624,Tetrahydrophthalimide (THPI),543,543,0,0,0,543,0.0,19.91160220994475,19.91160220994475,0.0,1.0,0.0,1.0,0.0,0.6593001841620626,0.0,19.91160220994475,19.91160220994475,0.0,1.0,0.0,1.0,0.0,0.6593001841620626,0.0,19.91160220994475,19.91160220994475,0.0,1.0,0.0,1.0,0.0,0.6593001841620626,0.0,inf,inf,0.0,1.0,0.0,1.0,0.0,1.0,0.0,19.91160220994475
FC,Catfish,625,Oxadiazon,543,542,0,1,0,543,0.004235727440147329,2.0005524861878454,1.9963167587476982,0.001841620626151013,0.001841620626151013,0.0,0.0,0.0,0.0,0.001841620626151013,2.014732965009208,2.012891344383057,0.0,0.001841620626151013,0.0,0.0,0.0,0.0,0.0,2.014732965009208,2.014732965009208,0.0,0.001841620626151013,0.0,0.0,0.0,0.0,0.0,inf,inf,0.0,1.0,0.0,1.0,0.0,1.0,0.004235727440147329,2.0005524861878454
FC,Catfish,626,Iprodione,543,543,0,0,0,543,0.0,5.0,5.0,0.0,1.0,0.0,0.0,0.0,0.0,0.0,5.0,5.0,0.0,1.0,0.0,0.0,0.0,0.0,0.0,5.0,5.0,0.0,1.0,0.0,0.0,0.0,0.0,0.0,inf,inf,0.0,1.0,0.0,1.0,0.0,1.0,0.0,5.0
FC,Catfish,636,Propetamphos,543,543,0,0,0,543,0.0,6.933701657458563,6.933701657458563,0.0,0.6593001841620626,0.0,0.0,0.0,0.0,0.0,6.933701657458563,6.933701657458563,0.0,0.6593001841620626,0.0,0.0,0.0,0.0,0.0,6.933701657458563,6.933701657458563,0.0,0.6593001841620626,0.0,0.0,0.0,0.0,0.0,inf,inf,0.0,1.0,0.0,1.0,0.0,1.0,0.0,6.933701657458563
FC,Catfish,651,Diflubenzuron,543,543,0,0,0,543,0.0,13.0,13.0,0.0,1.0,0.0,1.0,0.0,0.0,0.0,13.0,13.0,0.0,1.0,0.0,1.0,0.0,0.0,0.0,13.0,13.0,0.0,1.0,0.0,1.0,0.0,0.0,0.0,inf,inf,0.0,1.0,0.0,1.0,0.0,1.0,0.0,13.0
FC,Catfish,668,Chloroxuron,543,543,0,0,0,543,0.0,8.0,8.0,0.0,1.0,0.0,0.0,0.0,0.0,0.0,8.0,8.0,0.0,1.0,0.0,0.0,0.0,0.0,0.0,8.0,8.0,0.0,1.0,0.0,0.0,0.0,0.0,0.0,inf,inf,0.0,1.0,0.0,1.0,0.0,1.0,0.0,8.0
FC,Catfish,675,Propachlor,543,543,0,0,0,543,0.0,8.933701657458563,8.933701657458563,0.0,1.0,0.0,0.6593001841620626,0.0,0.0,0.0,8.933701657458563,8.933701657458563,0.0,1.0,0.0,0.6593001841620626,0.0,0.0,0.0,8.933701657458563,8.933701657458563,0.0,1.0,0.0,0.6593001841620626,0.0,0.0,0.0,inf,inf,0.0,1.0,0.0,1.0,0.0,1.0,0.0,8.933701657458563
FC,Catfish,679,Myclobutanil,543,283,260,0,0,283,0.0,10.0,10.0,0.0,1.0,0.0,0.0,0.0,0.0,0.0,10.0,10.0,0.0,1.0,0.0,0.0,0.0,0.0,0.0,10.0,10.0,0.0,1.0,0.0,0.0,0.0,0.0,0.0,inf,inf,0.0,1.0,0.0,1.0,0.0,1.0,0.0,inf
FC,Catfish,699,Clofentezine,543,543,0,0,0,543,0.0,6.0,6.0,0.0,1.0,0.0,0.0,0.0,0.0,0.0,6.0,6.0,0.0,1.0,0.0,0.0,0.0,0.0,0.0,6.0,6.0,0.0,1.0,0.0,0.0,0.0,0.0,0.0,inf,inf,0.0,1.0,0.0,1.0,0.0,1.0,0.0,6.0
FC,Catfish,713,Oxyfluorfen,543,0,543,0,0,0,,,,,,,,,,,,,,,,,,,,,,,,,,,,,,,,,,,,,0.0,inf
FC,Catfish,719,Clomazone,543,543,0,0,0,543,0.0,3.0,3.0,0.0,1.0,0.0,0.0,0.0,0.0,0.0,3.0,3.0,0.0,1.0,0.0,0.0,0.0,0.0,0.0,3.0,3.0,0.0,1.0,0.0,0.0,0.0,0.0,0.0,inf,inf,0.0,1.0,0.0,1.0,0.0,1.0,0.0,3.0
FC,Catfish,721,Ethalfluralin,543,543,0,0,0,543,0.0,1.0,1.0,0.0,0.0,0.0,0.0,0.0,0.0,0.0,1.0,1.0,0.0,0.0,0.0,0.0,0.0,0.0,0.0,1.0,1.0,0.0,0.0,0.0,0.0,0.0,0.0,0.0,inf,inf,0.0,1.0,0.0,1.0,0.0,1.0,0.0,1.0
FC,Catfish,722,Etridiazole,543,543,0,0,0,543,0.0,4.9779005524861875,4.9779005524861875,0.0,1.0,0.0,0.0,0.0,0.0,0.0,4.9779005524861875,4.9779005524861875,0.0,1.0,0.0,0.0,0.0,0.0,0.0,4.9779005524861875,4.9779005524861875,0.0,1.0,0.0,0.0,0.0,0.0,0.0,inf,inf,0.0,1.0,0.0,1.0,0.0,1.0,0.0,4.9779005524861875
FC,Catfish,726,Thiobencarb,543,543,0,0,0,543,0.0,16.593001841620627,16.593001841620627,0.0,1.0,0.0,0.6593001841620626,0.0,0.0,0.0,16.593001841620627,16.593001841620627,0.0,1.0,0.0,0.6593001841620626,0.0,0.0,0.0,16.593001841620627,16.593001841620627,0.0,1.0,0.0,0.6593001841620626,0.0,0.0,0.0,inf,inf,0.0,1.0,0.0,1.0,0.0,1.0,0.0,16.593001841620627
FC,Catfish,728,Bifenox,543,543,0,0,0,543,0.0,8.933701657458563,8.933701657458563,0.0,1.0,0.0,0.6593001841620626,0.0,0.0,0.0,8.933701657458563,8.933701657458563,0.0,1.0,0.0,0.6593001841620626,0.0,0.0,0.0,8.933701657458563,8.933701657458563,0.0,1.0,0.0,0.6593001841620626,0.0,0.0,0.0,inf,inf,0.0,1.0,0.0,1.0,0.0,1.0,0.0,8.933701657458563
FC,Catfish,736,Fluridone,543,543,0,0,0,543,0.0,8.296500920810313,8.296500920810313,0.0,1.0,0.0,0.0,0.0,0.0,0.0,8.296500920810313,8.296500920810313,0.0,1.0,0.0,0.0,0.0,0.0,0.0,8.296500920810313,8.296500920810313,0.0,1.0,0.0,0.0,0.0,0.0,0.0,inf,inf,0.0,1.0,0.0,1.0,0.0,1.0,0.0,8.296500920810313
FC,Catfish,749,Temephos,543,543,0,0,0,543,0.0,4.0,4.0,0.0,1.0,0.0,0.0,0.0,0.0,0.0,4.0,4.0,0.0,1.0,0.0,0.0,0.0,0.0,0.0,4.0,4.0,0.0,1.0,0.0,0.0,0.0,0.0,0.0,inf,inf,0.0,1.0,0.0,1.0,0.0,1.0,0.0,4.0
FC,Catfish,775,Dinitramine,543,543,0,0,0,543,0.0,1.0,1.0,0.0,0.0,0.0,0.0,0.0,0.0,0.0,1.0,1.0,0.0,0.0,0.0,0.0,0.0,0.0,0.0,1.0,1.0,0.0,0.0,0.0,0.0,0.0,0.0,0.0,inf,inf,0.0,1.0,0.0,1.0,0.0,1.0,0.0,1.0
FC,Catfish,777,Fenoxaprop ethyl,543,543,0,0,0,543,0.0,3.3186003683241254,3.3186003683241254,0.0,0.6593001841620626,0.0,0.0,0.0,0.0,0.0,3.3186003683241254,3.3186003683241254,0.0,0.6593001841620626,0.0,0.0,0.0,0.0,0.0,3.3186003683241254,3.3186003683241254,0.0,0.6593001841620626,0.0,0.0,0.0,0.0,0.0,inf,inf,0.0,1.0,0.0,1.0,0.0,1.0,0.0,3.3186003683241254
FC,Catfish,780,Tebuthiuron,543,283,260,0,0,283,0.0,2.0,2.0,0.0,0.0,0.0,0.0,0.0,0.0,0.0,2.0,2.0,0.0,0.0,0.0,0.0,0.0,0.0,0.0,2.0,2.0,0.0,0.0,0.0,0.0,0.0,0.0,0.0,inf,inf,0.0,1.0,0.0,1.0,0.0,1.0,0.0,inf
FC,Catfish,781,Cyfluthrin,543,543,0,0,0,543,0.0,1.0,1.0,0.0,0.0,0.0,0.0,0.0,0.0,0.0,1.0,1.0,0.0,0.0,0.0,0.0,0.0,0.0,0.0,1.0,1.0,0.0,0.0,0.0,0.0,0.0,0.0,0.0,inf,inf,0.0,1.0,0.0,1.0,0.0,1.0,0.0,1.0
FC,Catfish,783,Butylate,543,543,0,0,0,543,0.0,3.3186003683241254,3.3186003683241254,0.0,0.6593001841620626,0.0,0.0,0.0,0.0,0.0,3.3186003683241254,3.3186003683241254,0.0,0.6593001841620626,0.0,0.0,0.0,0.0,0.0,3.3186003683241254,3.3186003683241254,0.0,0.6593001841620626,0.0,0.0,0.0,0.0,0.0,inf,inf,0.0,1.0,0.0,1.0,0.0,1.0,0.0,3.3186003683241254
FC,Catfish,791,Phenmedipham,543,543,0,0,0,543,0.0,13.0,13.0,0.0,1.0,0.0,1.0,0.0,0.0,0.0,13.0,13.0,0.0,1.0,0.0,1.0,0.0,0.0,0.0,13.0,13.0,0.0,1.0,0.0,1.0,0.0,0.0,0.0,inf,inf,0.0,1.0,0.0,1.0,0.0,1.0,0.0,13.0
FC,Catfish,796,Tridiphane,543,543,0,0,0,543,0.0,8.593001841620627,8.593001841620627,0.0,0.6593001841620626,0.0,0.6593001841620626,0.0,0.0,0.0,8.593001841620627,8.593001841620627,0.0,0.6593001841620626,0.0,0.6593001841620626,0.0,0.0,0.0,8.593001841620627,8.593001841620627,0.0,0.6593001841620626,0.0,0.6593001841620626,0.0,0.0,0.0,inf,inf,0.0,1.0,0.0,1.0,0.0,1.0,0.0,8.593001841620627
FC,Catfish,807,Acetochlor,543,541,0,2,0,543,0.03038674033149171,4.986187845303867,4.955801104972375,0.003683241252302026,1.0,0.0,0.0,0.0,0.0,0.003683241252302026,4.9926335174953955,4.988950276243093,0.0,1.0,0.0,0.0,0.0,0.0,0.0,4.9926335174953955,4.9926335174953955,0.0,1.0,0.0,0.0,0.0,0.0,0.0,inf,inf,0.0,1.0,0.0,1.0,0.0,1.0,0.03038674033149171,4.986187845303867
FC,Catfish,808,Fenpropathrin,543,543,0,0,0,543,0.0,14.88950276243094,14.88950276243094,0.0,1.0,0.0,0.6593001841620626,0.0,0.0,0.0,14.88950276243094,14.88950276243094,0.0,1.0,0.0,0.6593001841620626,0.0,0.0,0.0,14.88950276243094,14.88950276243094,0.0,1.0,0.0,0.6593001841620626,0.0,0.0,0.0,inf,inf,0.0,1.0,0.0,1.0,0.0,1.0,0.0,14.88950276243094
FC,Catfish,811,Fenoxycarb,543,543,0,0,0,543,0.0,10.0,10.0,0.0,1.0,0.0,0.0,0.0,0.0,0.0,10.0,10.0,0.0,1.0,0.0,0.0,0.0,0.0,0.0,10.0,10.0,0.0,1.0,0.0,0.0,0.0,0.0,0.0,inf,inf,0.0,1.0,0.0,1.0,0.0,1.0,0.0,10.0
FC,Catfish,814,Prodiamine,543,543,0,0,0,543,0.0,2.3186003683241254,2.3186003683241254,0.0,0.6593001841620626,0.0,0.0,0.0,0.0,0.0,2.3186003683241254,2.3186003683241254,0.0,0.6593001841620626,0.0,0.0,0.0,0.0,0.0,2.3186003683241254,2.3186003683241254,0.0,0.6593001841620626,0.0,0.0,0.0,0.0,0.0,inf,inf,0.0,1.0,0.0,1.0,0.0,1.0,0.0,2.3186003683241254
FC,Catfish,834,Flumetralin,543,543,0,0,0,543,0.0,1.0,1.0,0.0,0.0,0.0,0.0,0.0,0.0,0.0,1.0,1.0,0.0,0.0,0.0,0.0,0.0,0.0,0.0,1.0,1.0,0.0,0.0,0.0,0.0,0.0,0.0,0.0,inf,inf,0.0,1.0,0.0,1.0,0.0,1.0,0.0,1.0
FC,Catfish,848,Phenothrin,543,543,0,0,0,543,0.0,8.933701657458563,8.933701657458563,0.0,1.0,0.0,0.6593001841620626,0.0,0.0,0.0,8.933701657458563,8.933701657458563,0.0,1.0,0.0,0.6593001841620626,0.0,0.0,0.0,8.933701657458563,8.933701657458563,0.0,1.0,0.0,0.6593001841620626,0.0,0.0,0.0,inf,inf,0.0,1.0,0.0,1.0,0.0,1.0,0.0,8.933701657458563
FC,Catfish,900,Endosulfan I,543,536,0,7,0,543,0.02283609576427256,1.0099447513812154,0.9871086556169428,0.003683241252302026,0.003683241252302026,0.0,0.0,0.0,0.0,0.01289134438305709,1.1160220994475138,1.1031307550644567,0.0,0.01289134438305709,0.0,0.0,0.0,0.0,0.0,1.1160220994475138,1.1160220994475138,0.0,0.01289134438305709,0.0,0.0,0.0,0.0,0.0,inf,inf,0.0,1.0,0.0,1.0,0.0,1.0,0.02283609576427256,1.0099447513812154
FC,Catfish,901,Endosulfan II,543,541,0,2,0,543,0.009023941068139963,1.0053406998158378,0.9963167587476979,0.001841620626151013,0.001841620626151013,0.0,0.0,0.0,0.0,0.003683241252302026,1.0331491712707181,1.0294659300184161,0.0,0.003683241252302026,0.0,0.0,0.0,0.0,0.0,1.0331491712707181,1.0331491712707181,0.0,0.003683241252302026,0.0,0.0,0.0,0.0,0.0,inf,inf,0.0,1.0,0.0,1.0,0.0,1.0,0.009023941068139963,1.0053406998158378
FC,Catfish,902,Endosulfan sulfate,543,511,0,32,0,543,0.3594843462246777,1.3005524861878455,0.9410681399631677,0.040515653775322284,0.040515653775322284,0.011049723756906077,0.011049723756906077,0.003683241252302026,0.003683241252302026,0.15837937384898712,2.5248618784530388,2.366482504604052,0.011049723756906077,0.058931860036832415,0.0,0.011049723756906077,0.0,0.011049723756906077,0.11049723756906077,12.469613259668508,12.359116022099448,0.011049723756906077,0.058931860036832415,0.0,0.011049723756906077,0.0,0.011049723756906077,0.0,inf,inf,0.0,1.0,0.0,1.0,0.0,1.0,0.3594843462246777,1.3005524861878455
FC,Catfish,903,BHC alpha,543,537,0,6,0,543,0.03167587476979742,1.0206261510128913,0.988950276243094,0.0055248618784530384,0.0055248618784530384,0.0,0.0,0.0,0.0,0.011049723756906077,1.0994475138121547,1.0883977900552486,0.0,0.011049723756906077,0.0,0.0,0.0,0.0,0.0,1.0994475138121547,1.0994475138121547,0.0,0.011049723756906077,0.0,0.0,0.0,0.0,0.0,inf,inf,0.0,1.0,0.0,1.0,0.0,1.0,0.03167587476979742,1.0206261510128913
FC,Catfish,904,BHC beta,543,543,0,0,0,543,0.0,5.0,5.0,0.0,1.0,0.0,0.0,0.0,0.0,0.0,5.0,5.0,0.0,1.0,0.0,0.0,0.0,0.0,0.0,5.0,5.0,0.0,1.0,0.0,0.0,0.0,0.0,0.0,inf,inf,0.0,1.0,0.0,1.0,0.0,1.0,0.0,5.0
FC,Catfish,905,BHC delta,543,542,0,1,0,543,0.007366482504604052,1.0055248618784531,0.9981583793738491,0.001841620626151013,0.001841620626151013,0.0,0.0,0.0,0.0,0.001841620626151013,1.0165745856353592,1.014732965009208,0.0,0.001841620626151013,0.0,0.0,0.0,0.0,0.0,1.0165745856353592,1.0165745856353592,0.0,0.001841620626151013,0.0,0.0,0.0,0.0,0.0,inf,inf,0.0,1.0,0.0,1.0,0.0,1.0,0.007366482504604052,1.0055248618784531
FC,Catfish,906,"DDT p,p'",543,540,0,3,0,543,0.022283609576427256,3.3261510128913443,3.303867403314917,0.0055248618784530384,0.6629834254143646,0.0,0.0,0.0,0.0,0.0055248618784530384,3.3591160220994474,3.3535911602209945,0.0,0.6629834254143646,0.0,0.0,0.0,0.0,0.0,3.3591160220994474,3.3591160220994474,0.0,0.6629834254143646,0.0,0.0,0.0,0.0,0.0,inf,inf,0.0,1.0,0.0,1.0,0.0,1.0,0.022283609576427256,3.3261510128913443
FC,Catfish,908,"DDD p,p'",543,381,0,162,0,543,3.6740331491712706,4.885819521178637,1.2117863720073663,0.2541436464088398,0.2541436464088398,0.09944751381215469,0.09944751381215469,0.0570902394106814,0.0570902394106814,1.3591160220994476,14.802946593001842,13.443830570902394,0.09944751381215469,0.2983425414364641,0.001841620626151013,0.09944751381215469,0.001841620626151013,0.09944751381215469,0.994475138121547,102.64825046040515,101.65377532228361,0.09944751381215469,0.2983425414364641,0.0,0.09944751381215469,0.0,0.09944751381215469,0.0,inf,inf,0.0,1.0,0.0,1.0,0.0,1.0,3.6740331491712706,4.885819521178637
FC,Catfish,909,"DDD o,p'",543,498,0,45,0,543,0.4609576427255985,2.004235727440147,1.5432780847145486,0.058931860036832415,0.058931860036832415,0.011049723756906077,0.011049723756906077,0.001841620626151013,0.001841620626151013,0.18232044198895028,3.3664825046040514,3.1841620626151013,0.011049723756906077,0.08287292817679558,0.0,0.011049723756906077,0.0,0.011049723756906077,0.11049723756906077,13.31123388581952,13.20073664825046,0.011049723756906077,0.08287292817679558,0.0,0.011049723756906077,0.0,0.011049723756906077,0.0,inf,inf,0.0,1.0,0.0,1.0,0.0,1.0,0.4609576427255985,2.004235727440147
FC,Catfish,910,"DDE p,p'",543,190,0,353,0,543,19.09355432780847,19.717863720073662,0.624309392265193,0.6224677716390423,0.6224677716390423,0.31307550644567217,0.31307550644567217,0.2136279926335175,0.2136279926335175,7.644567219152854,inf,inf,0.31675874769797424,0.6500920810313076,0.027624309392265192,0.31675874769797424,0.027624309392265192,0.31675874769797424,4.990791896869245,inf,inf,0.31675874769797424,0.6500920810313076,0.001841620626151013,0.31675874769797424,0.001841620626151013,0.31675874769797424,0.0,inf,inf,0.0,1.0,0.0,1.0,0.0,1.0,19.09355432780847,19.717863720073662
FC,Catfish,911,"DDE o,p'",543,528,0,15,0,543,0.06998158379373849,1.6924493554327809,1.6224677716390423,0.009208103130755065,0.009208103130755065,0.001841620626151013,0.001841620626151013,0.0,0.0,0.04419889502762431,2.0644567219152856,2.0202578268876614,0.001841620626151013,0.027624309392265192,0.0,0.001841620626151013,0.0,0.001841620626151013,0.01841620626151013,3.721915285451197,3.7034990791896867,0.001841620626151013,0.027624309392265192,0.0,0.001841620626151013,0.0,0.001841620626151013,0.0,inf,inf,0.0,1.0,0.0,1.0,0.0,1.0,0.06998158379373849,1.6924493554327809
FC,Catfish,930,Bifenthrin,543,455,0,88,0,543,0.34401473296500923,1.18195211786372,0.8379373848987108,0.06261510128913444,0.06261510128913444,0.0,0.0,0.0,0.0,0.16206261510128914,2.458563535911602,2.296500920810313,0.0,0.16206261510128914,0.0,0.0,0.0,0.0,0.0,2.458563535911602,2.458563535911602,0.0,0.16206261510128914,0.0,0.0,0.0,0.0,0.0,inf,inf,0.0,1.0,0.0,1.0,0.0,1.0,0.34401473296500923,1.18195211786372
FC,Catfish,943,Thiodicarb,543,543,0,0,0,543,0.0,50.0,50.0,0.0,1.0,0.0,1.0,0.0,1.0,0.0,50.0,50.0,0.0,1.0,0.0,1.0,0.0,1.0,0.0,50.0,50.0,0.0,1.0,0.0,1.0,0.0,1.0,0.0,inf,inf,0.0,1.0,0.0,1.0,0.0,1.0,0.0,50.0
FC,Catfish,945,Ethofumesate,543,543,0,0,0,543,0.0,4.0,4.0,0.0,1.0,0.0,0.0,0.0,0.0,0.0,4.0,4.0,0.0,1.0,0.0,0.0,0.0,0.0,0.0,4.0,4.0,0.0,1.0,0.0,0.0,0.0,0.0,0.0,inf,inf,0.0,1.0,0.0,1.0,0.0,1.0,0.0,4.0
FC,Catfish,946,Isopropalin,543,543,0,0,0,543,0.0,7.274401473296501,7.274401473296501,0.0,0.6593001841620626,0.0,0.0,0.0,0.0,0.0,7.274401473296501,7.274401473296501,0.0,0.6593001841620626,0.0,0.0,0.0,0.0,0.0,7.274401473296501,7.274401473296501,0.0,0.6593001841620626,0.0,0.0,0.0,0.0,0.0,inf,inf,0.0,1.0,0.0,1.0,0.0,1.0,0.0,7.274401473296501
FC,Catfish,947,Tetramethrin,543,543,0,0,0,543,0.0,3.0,3.0,0.0,1.0,0.0,0.0,0.0,0.0,0.0,3.0,3.0,0.0,1.0,0.0,0.0,0.0,0.0,0.0,3.0,3.0,0.0,1.0,0.0,0.0,0.0,0.0,0.0,inf,inf,0.0,1.0,0.0,1.0,0.0,1.0,0.0,3.0
FC,Catfish,960,Butralin,543,543,0,0,0,543,0.0,4.637200736648251,4.637200736648251,0.0,0.6593001841620626,0.0,0.0,0.0,0.0,0.0,4.637200736648251,4.637200736648251,0.0,0.6593001841620626,0.0,0.0,0.0,0.0,0.0,4.637200736648251,4.637200736648251,0.0,0.6593001841620626,0.0,0.0,0.0,0.0,0.0,inf,inf,0.0,1.0,0.0,1.0,0.0,1.0,0.0,4.637200736648251
FC,Catfish,967,Imidacloprid,543,543,0,0,0,543,0.0,10.0,10.0,0.0,1.0,0.0,0.0,0.0,0.0,0.0,10.0,10.0,0.0,1.0,0.0,0.0,0.0,0.0,0.0,10.0,10.0,0.0,1.0,0.0,0.0,0.0,0.0,0.0,inf,inf,0.0,1.0,0.0,1.0,0.0,1.0,0.0,10.0
FC,Catfish,A15,Chlorethoxyfos,543,543,0,0,0,543,0.0,1.0,1.0,0.0,0.0,0.0,0.0,0.0,0.0,0.0,1.0,1.0,0.0,0.0,0.0,0.0,0.0,0.0,0.0,1.0,1.0,0.0,0.0,0.0,0.0,0.0,0.0,0.0,inf,inf,0.0,1.0,0.0,1.0,0.0,1.0,0.0,1.0
FC,Catfish,A30,Fenbuconazole,543,543,0,0,0,543,0.0,4.0,4.0,0.0,1.0,0.0,0.0,0.0,0.0,0.0,4.0,4.0,0.0,1.0,0.0,0.0,0.0,0.0,0.0,4.0,4.0,0.0,1.0,0.0,0.0,0.0,0.0,0.0,inf,inf,0.0,1.0,0.0,1.0,0.0,1.0,0.0,4.0
FC,Catfish,A38,Lactofen,543,543,0,0,0,543,0.0,4.9779005524861875,4.9779005524861875,0.0,1.0,0.0,0.0,0.0,0.0,0.0,4.9779005524861875,4.9779005524861875,0.0,1.0,0.0,0.0,0.0,0.0,0.0,4.9779005524861875,4.9779005524861875,0.0,1.0,0.0,0.0,0.0,0.0,0.0,inf,inf,0.0,1.0,0.0,1.0,0.0,1.0,0.0,4.9779005524861875
FC,Catfish,A47,Oxamyl oxime,543,543,0,0,0,543,0.0,16.0,16.0,0.0,1.0,0.0,1.0,0.0,0.0,0.0,16.0,16.0,0.0,1.0,0.0,1.0,0.0,0.0,0.0,16.0,16.0,0.0,1.0,0.0,1.0,0.0,0.0,0.0,inf,inf,0.0,1.0,0.0,1.0,0.0,1.0,0.0,16.0
FC,Catfish,A59,Tebupirimfos,543,543,0,0,0,543,0.0,2.3186003683241254,2.3186003683241254,0.0,0.6593001841620626,0.0,0.0,0.0,0.0,0.0,2.3186003683241254,2.3186003683241254,0.0,0.6593001841620626,0.0,0.0,0.0,0.0,0.0,2.3186003683241254,2.3186003683241254,0.0,0.6593001841620626,0.0,0.0,0.0,0.0,0.0,inf,inf,0.0,1.0,0.0,1.0,0.0,1.0,0.0,2.3186003683241254
FC,Catfish,A82,Fipronil,543,543,0,0,0,543,0.0,6.955801104972376,6.955801104972376,0.0,1.0,0.0,0.0,0.0,0.0,0.0,6.955801104972376,6.955801104972376,0.0,1.0,0.0,0.0,0.0,0.0,0.0,6.955801104972376,6.955801104972376,0.0,1.0,0.0,0.0,0.0,0.0,0.0,inf,inf,0.0,1.0,0.0,1.0,0.0,1.0,0.0,6.955801104972376
FC,Catfish,AAV,Flumiclorac pentyl,543,543,0,0,0,543,0.0,4.9779005524861875,4.9779005524861875,0.0,1.0,0.0,0.0,0.0,0.0,0.0,4.9779005524861875,4.9779005524861875,0.0,1.0,0.0,0.0,0.0,0.0,0.0,4.9779005524861875,4.9779005524861875,0.0,1.0,0.0,0.0,0.0,0.0,0.0,inf,inf,0.0,1.0,0.0,1.0,0.0,1.0,0.0,4.9779005524861875
FC,Catfish,ABG,Tebufenozide,543,543,0,0,0,543,0.0,25.0,25.0,0.0,1.0,0.0,1.0,0.0,1.0,0.0,25.0,25.0,0.0,1.0,0.0,1.0,0.0,1.0,0.0,25.0,25.0,0.0,1.0,0.0,1.0,0.0,1.0,0.0,inf,inf,0.0,1.0,0.0,1.0,0.0,1.0,0.0,25.0
FC,Catfish,ADC,Prallethrin,543,542,0,1,0,543,0.004604051565377533,2.0009208103130756,1.996316758747698,0.001841620626151013,0.001841620626151013,0.0,0.0,0.0,0.0,0.001841620626151013,2.014732965009208,2.012891344383057,0.0,0.001841620626151013,0.0,0.0,0.0,0.0,0.0,2.014732965009208,2.014732965009208,0.0,0.001841620626151013,0.0,0.0,0.0,0.0,0.0,inf,inf,0.0,1.0,0.0,1.0,0.0,1.0,0.004604051565377533,2.0009208103130756
FC,Catfish,ADD,Dimethenamid,543,543,0,0,0,543,0.0,4.9779005524861875,4.9779005524861875,0.0,1.0,0.0,0.0,0.0,0.0,0.0,4.9779005524861875,4.9779005524861875,0.0,1.0,0.0,0.0,0.0,0.0,0.0,4.9779005524861875,4.9779005524861875,0.0,1.0,0.0,0.0,0.0,0.0,0.0,inf,inf,0.0,1.0,0.0,1.0,0.0,1.0,0.0,4.9779005524861875
FC,Catfish,ADE,Esfenvalerate+Fenvalerate Total,543,534,0,9,0,543,0.05303867403314917,1.03646408839779,0.9834254143646408,0.007366482504604052,0.007366482504604052,0.0,0.0,0.0,0.0,0.016574585635359115,1.149171270718232,1.1325966850828728,0.0,0.016574585635359115,0.0,0.0,0.0,0.0,0.0,1.149171270718232,1.149171270718232,0.0,0.016574585635359115,0.0,0.0,0.0,0.0,0.0,inf,inf,0.0,1.0,0.0,1.0,0.0,1.0,0.05303867403314917,1.03646408839779
FC,Catfish,ADG,Indoxacarb,543,543,0,0,0,543,0.0,13.0,13.0,0.0,1.0,0.0,1.0,0.0,0.0,0.0,13.0,13.0,0.0,1.0,0.0,1.0,0.0,0.0,0.0,13.0,13.0,0.0,1.0,0.0,1.0,0.0,0.0,0.0,inf,inf,0.0,1.0,0.0,1.0,0.0,1.0,0.0,13.0
FC,Catfish,ADH,Cyphenothrin,543,542,0,1,0,543,0.0712707182320442,14.923941068139962,14.852670349907918,0.001841620626151013,1.0,0.001841620626151013,0.6593001841620626,0.001841620626151013,0.001841620626151013,0.01841620626151013,15.03683241252302,15.018416206261511,0.001841620626151013,1.0,0.0,0.6593001841620626,0.0,0.001841620626151013,0.01841620626151013,16.69429097605893,16.67587476979742,0.001841620626151013,1.0,0.0,0.6593001841620626,0.0,0.001841620626151013,0.0,inf,inf,0.0,1.0,0.0,1.0,0.0,1.0,0.0712707182320442,14.923941068139962
FC,Catfish,ADJ,Fluroxypyr 1-methylheptyl ester,521,521,0,0,0,521,0.0,1.0,1.0,0.0,0.0,0.0,0.0,0.0,0.0,0.0,1.0,1.0,0.0,0.0,0.0,0.0,0.0,0.0,0.0,1.0,1.0,0.0,0.0,0.0,0.0,0.0,0.0,0.0,inf,inf,0.0,1.0,0.0,1.0,0.0,1.0,0.0,1.0
FC,Catfish,ADK,Imiprothrin,543,543,0,0,0,543,0.0,23.186003683241253,23.186003683241253,0.0,1.0,0.0,0.6593001841620626,0.0,0.6593001841620626,0.0,23.186003683241253,23.186003683241253,0.0,1.0,0.0,0.6593001841620626,0.0,0.6593001841620626,0.0,23.186003683241253,23.186003683241253,0.0,1.0,0.0,0.6593001841620626,0.0,0.6593001841620626,0.0,inf,inf,0.0,1.0,0.0,1.0,0.0,1.0,0.0,23.186003683241253
FC,Catfish,ADL,MGK-326 (dipropyl isocinchomeronate),543,543,0,0,0,543,0.0,4.9779005524861875,4.9779005524861875,0.0,1.0,0.0,0.0,0.0,0.0,0.0,4.9779005524861875,4.9779005524861875,0.0,1.0,0.0,0.0,0.0,0.0,0.0,4.9779005524861875,4.9779005524861875,0.0,1.0,0.0,0.0,0.0,0.0,0.0,inf,inf,0.0,1.0,0.0,1.0,0.0,1.0,0.0,4.9779005524861875
FC,Catfish,ADR,Triticonazole,543,0,543,0,0,0,,,,,,,,,,,,,,,,,,,,,,,,,,,,,,,,,,,,,0.0,inf
FC,Catfish,AEC,Hydroprene,543,543,0,0,0,543,0.0,8.933701657458563,8.933701657458563,0.0,1.0,0.0,0.6593001841620626,0.0,0.0,0.0,8.933701657458563,8.933701657458563,0.0,1.0,0.0,0.6593001841620626,0.0,0.0,0.0,8.933701657458563,8.933701657458563,0.0,1.0,0.0,0.6593001841620626,0.0,0.0,0.0,inf,inf,0.0,1.0,0.0,1.0,0.0,1.0,0.0,8.933701657458563
FC,Catfish,AEL,"Cyhalothrin, Total (Cyhalothrin-L + R157836 epimer)",543,538,0,5,0,543,0.033517495395948435,1.0243093922651934,0.990791896869245,0.007366482504604052,0.007366482504604052,0.0,0.0,0.0,0.0,0.009208103130755065,1.0828729281767955,1.0736648250460403,0.0,0.009208103130755065,0.0,0.0,0.0,0.0,0.0,1.0828729281767955,1.0828729281767955,0.0,0.009208103130755065,0.0,0.0,0.0,0.0,0.0,inf,inf,0.0,1.0,0.0,1.0,0.0,1.0,0.033517495395948435,1.0243093922651934
FC,Catfish,AEP,Clothianidin,543,543,0,0,0,543,0.0,10.0,10.0,0.0,1.0,0.0,0.0,0.0,0.0,0.0,10.0,10.0,0.0,1.0,0.0,0.0,0.0,0.0,0.0,10.0,10.0,0.0,1.0,0.0,0.0,0.0,0.0,0.0,inf,inf,0.0,1.0,0.0,1.0,0.0,1.0,0.0,10.0
FC,Catfish,AES,Methoxyfenozide,543,543,0,0,0,543,0.0,2.0,2.0,0.0,0.0,0.0,0.0,0.0,0.0,0.0,2.0,2.0,0.0,0.0,0.0,0.0,0.0,0.0,0.0,2.0,2.0,0.0,0.0,0.0,0.0,0.0,0.0,0.0,inf,inf,0.0,1.0,0.0,1.0,0.0,1.0,0.0,2.0
FC,Catfish,AEV,Sethoxydim,543,543,0,0,0,543,0.0,2.0,2.0,0.0,0.0,0.0,0.0,0.0,0.0,0.0,2.0,2.0,0.0,0.0,0.0,0.0,0.0,0.0,0.0,2.0,2.0,0.0,0.0,0.0,0.0,0.0,0.0,0.0,inf,inf,0.0,1.0,0.0,1.0,0.0,1.0,0.0,2.0
FC,Catfish,AEW,Famoxadone,543,543,0,0,0,543,0.0,16.593001841620627,16.593001841620627,0.0,1.0,0.0,0.6593001841620626,0.0,0.0,0.0,16.593001841620627,16.593001841620627,0.0,1.0,0.0,0.6593001841620626,0.0,0.0,0.0,16.593001841620627,16.593001841620627,0.0,1.0,0.0,0.6593001841620626,0.0,0.0,0.0,inf,inf,0.0,1.0,0.0,1.0,0.0,1.0,0.0,16.593001841620627
FC,Catfish,AFO,Dinotefuran,543,0,543,0,0,0,,,,,,,,,,,,,,,,,,,,,,,,,,,,,,,,,,,,,0.0,inf
FC,Catfish,AFS,Fenpyroximate,543,543,0,0,0,543,0.0,2.0,2.0,0.0,0.0,0.0,0.0,0.0,0.0,0.0,2.0,2.0,0.0,0.0,0.0,0.0,0.0,0.0,0.0,2.0,2.0,0.0,0.0,0.0,0.0,0.0,0.0,0.0,inf,inf,0.0,1.0,0.0,1.0,0.0,1.0,0.0,2.0
FC,Catfish,AFW,Spiromesifen Total (parent + enol metabolite),543,543,0,0,0,543,0.0,5.0,5.0,0.0,1.0,0.0,0.0,0.0,0.0,0.0,5.0,5.0,0.0,1.0,0.0,0.0,0.0,0.0,0.0,5.0,5.0,0.0,1.0,0.0,0.0,0.0,0.0,0.0,inf,inf,0.0,1.0,0.0,1.0,0.0,1.0,0.0,5.0
FC,Catfish,AGJ,Fluoxastrobin,543,543,0,0,0,543,0.0,2.0,2.0,0.0,0.0,0.0,0.0,0.0,0.0,0.0,2.0,2.0,0.0,0.0,0.0,0.0,0.0,0.0,0.0,2.0,2.0,0.0,0.0,0.0,0.0,0.0,0.0,0.0,inf,inf,0.0,1.0,0.0,1.0,0.0,1.0,0.0,2.0
FC,Catfish,AGR,"2,4-dimethylphenyl formamide (2,4-DMPF)",543,543,0,0,0,543,0.0,5.955801104972376,5.955801104972376,0.0,0.6593001841620626,0.0,0.0,0.0,0.0,0.0,5.955801104972376,5.955801104972376,0.0,0.6593001841620626,0.0,0.0,0.0,0.0,0.0,5.955801104972376,5.955801104972376,0.0,0.6593001841620626,0.0,0.0,0.0,0.0,0.0,inf,inf,0.0,1.0,0.0,1.0,0.0,1.0,0.0,5.955801104972376
FC,Catfish,B13,Chlorfenapyr,543,543,0,0,0,543,0.0,1.0,1.0,0.0,0.0,0.0,0.0,0.0,0.0,0.0,1.0,1.0,0.0,0.0,0.0,0.0,0.0,0.0,0.0,1.0,1.0,0.0,0.0,0.0,0.0,0.0,0.0,0.0,inf,inf,0.0,1.0,0.0,1.0,0.0,1.0,0.0,1.0
FC,Catfish,B15,Isoxaflutole,543,543,0,0,0,543,0.0,20.80110497237569,20.80110497237569,0.0,1.0,0.0,0.6593001841620626,0.0,0.6593001841620626,0.0,20.80110497237569,20.80110497237569,0.0,1.0,0.0,0.6593001841620626,0.0,0.6593001841620626,0.0,20.80110497237569,20.80110497237569,0.0,1.0,0.0,0.6593001841620626,0.0,0.6593001841620626,0.0,inf,inf,0.0,1.0,0.0,1.0,0.0,1.0,0.0,20.80110497237569
FC,Catfish,B16,Pyrimethanil,543,0,543,0,0,0,,,,,,,,,,,,,,,,,,,,,,,,,,,,,,,,,,,,,0.0,inf
FC,Catfish,B20,Bromuconazole,543,0,543,0,0,0,,,,,,,,,,,,,,,,,,,,,,,,,,,,,,,,,,,,,0.0,inf
FC,Catfish,B21,Carfentrazone ethyl,521,521,0,0,0,521,0.0,1.0,1.0,0.0,0.0,0.0,0.0,0.0,0.0,0.0,1.0,1.0,0.0,0.0,0.0,0.0,0.0,0.0,0.0,1.0,1.0,0.0,0.0,0.0,0.0,0.0,0.0,0.0,inf,inf,0.0,1.0,0.0,1.0,0.0,1.0,0.0,1.0
FC,Catfish,B22,Cyprodinil,543,0,543,0,0,0,,,,,,,,,,,,,,,,,,,,,,,,,,,,,,,,,,,,,0.0,inf
FC,Catfish,B26,Tefluthrin,543,543,0,0,0,543,0.0,1.0,1.0,0.0,0.0,0.0,0.0,0.0,0.0,0.0,1.0,1.0,0.0,0.0,0.0,0.0,0.0,0.0,0.0,1.0,1.0,0.0,0.0,0.0,0.0,0.0,0.0,0.0,inf,inf,0.0,1.0,0.0,1.0,0.0,1.0,0.0,1.0
FC,Catfish,B41,Fenhexamid,543,543,0,0,0,543,0.0,2.0,2.0,0.0,0.0,0.0,0.0,0.0,0.0,0.0,2.0,2.0,0.0,0.0,0.0,0.0,0.0,0.0,0.0,2.0,2.0,0.0,0.0,0.0,0.0,0.0,0.0,0.0,inf,inf,0.0,1.0,0.0,1.0,0.0,1.0,0.0,2.0
FC,Catfish,B43,Thiamethoxam,543,543,0,0,0,543,0.0,20.0,20.0,0.0,1.0,0.0,1.0,0.0,0.0,0.0,20.0,20.0,0.0,1.0,0.0,1.0,0.0,0.0,0.0,20.0,20.0,0.0,1.0,0.0,1.0,0.0,0.0,0.0,inf,inf,0.0,1.0,0.0,1.0,0.0,1.0,0.0,20.0
FC,Catfish,B48,Azoxystrobin,543,543,0,0,0,543,0.0,1.0,1.0,0.0,0.0,0.0,0.0,0.0,0.0,0.0,1.0,1.0,0.0,0.0,0.0,0.0,0.0,0.0,0.0,1.0,1.0,0.0,0.0,0.0,0.0,0.0,0.0,0.0,inf,inf,0.0,1.0,0.0,1.0,0.0,1.0,0.0,1.0
FC,Catfish,B52,Buprofezin,543,0,543,0,0,0,,,,,,,,,,,,,,,,,,,,,,,,,,,,,,,,,,,,,0.0,inf
FC,Catfish,B53,Epoxiconazole,543,543,0,0,0,543,0.0,1.0,1.0,0.0,0.0,0.0,0.0,0.0,0.0,0.0,1.0,1.0,0.0,0.0,0.0,0.0,0.0,0.0,0.0,1.0,1.0,0.0,0.0,0.0,0.0,0.0,0.0,0.0,inf,inf,0.0,1.0,0.0,1.0,0.0,1.0,0.0,1.0
FC,Catfish,B56,Pyridaben,543,543,0,0,0,543,0.0,1.0,1.0,0.0,0.0,0.0,0.0,0.0,0.0,0.0,1.0,1.0,0.0,0.0,0.0,0.0,0.0,0.0,0.0,1.0,1.0,0.0,0.0,0.0,0.0,0.0,0.0,0.0,inf,inf,0.0,1.0,0.0,1.0,0.0,1.0,0.0,1.0
FC,Catfish,B58,Difenoconazole,543,0,543,0,0,0,,,,,,,,,,,,,,,,,,,,,,,,,,,,,,,,,,,,,0.0,inf
FC,Catfish,B61,Pyraclostrobin,543,543,0,0,0,543,0.0,15.0,15.0,0.0,1.0,0.0,1.0,0.0,0.0,0.0,15.0,15.0,0.0,1.0,0.0,1.0,0.0,0.0,0.0,15.0,15.0,0.0,1.0,0.0,1.0,0.0,0.0,0.0,inf,inf,0.0,1.0,0.0,1.0,0.0,1.0,0.0,15.0
FC,Catfish,B64,Fenamidone,543,543,0,0,0,543,0.0,3.0,3.0,0.0,1.0,0.0,0.0,0.0,0.0,0.0,3.0,3.0,0.0,1.0,0.0,0.0,0.0,0.0,0.0,3.0,3.0,0.0,1.0,0.0,0.0,0.0,0.0,0.0,inf,inf,0.0,1.0,0.0,1.0,0.0,1.0,0.0,3.0
FC,Catfish,B68,Thiacloprid,543,543,0,0,0,543,0.0,2.0,2.0,0.0,0.0,0.0,0.0,0.0,0.0,0.0,2.0,2.0,0.0,0.0,0.0,0.0,0.0,0.0,0.0,2.0,2.0,0.0,0.0,0.0,0.0,0.0,0.0,0.0,inf,inf,0.0,1.0,0.0,1.0,0.0,1.0,0.0,2.0
FC,Catfish,B70,Tolclofos methyl,543,543,0,0,0,543,0.0,3.0,3.0,0.0,1.0,0.0,0.0,0.0,0.0,0.0,3.0,3.0,0.0,1.0,0.0,0.0,0.0,0.0,0.0,3.0,3.0,0.0,1.0,0.0,0.0,0.0,0.0,0.0,inf,inf,0.0,1.0,0.0,1.0,0.0,1.0,0.0,3.0
FC,Catfish,B72,Tetraconazole,543,542,0,1,0,543,0.003683241252302026,2.0,1.996316758747698,0.0,0.0,0.0,0.0,0.0,0.0,0.001841620626151013,2.014732965009208,2.012891344383057,0.0,0.001841620626151013,0.0,0.0,0.0,0.0,0.0,2.014732965009208,2.014732965009208,0.0,0.001841620626151013,0.0,0.0,0.0,0.0,0.0,inf,inf,0.0,1.0,0.0,1.0,0.0,1.0,0.003683241252302026,2.0
FC,Catfish,B75,Boscalid,543,543,0,0,0,543,0.0,4.9779005524861875,4.9779005524861875,0.0,1.0,0.0,0.0,0.0,0.0,0.0,4.9779005524861875,4.9779005524861875,0.0,1.0,0.0,0.0,0.0,0.0,0.0,4.9779005524861875,4.9779005524861875,0.0,1.0,0.0,0.0,0.0,0.0,0.0,inf,inf,0.0,1.0,0.0,1.0,0.0,1.0,0.0,4.9779005524861875
FC,Catfish,B77,Dimethomorph,543,543,0,0,0,543,0.0,5.0,5.0,0.0,1.0,0.0,0.0,0.0,0.0,0.0,5.0,5.0,0.0,1.0,0.0,0.0,0.0,0.0,0.0,5.0,5.0,0.0,1.0,0.0,0.0,0.0,0.0,0.0,inf,inf,0.0,1.0,0.0,1.0,0.0,1.0,0.0,5.0
FC,Catfish,B80,Acetamiprid,543,543,0,0,0,543,0.0,16.0,16.0,0.0,1.0,0.0,1.0,0.0,0.0,0.0,16.0,16.0,0.0,1.0,0.0,1.0,0.0,0.0,0.0,16.0,16.0,0.0,1.0,0.0,1.0,0.0,0.0,0.0,inf,inf,0.0,1.0,0.0,1.0,0.0,1.0,0.0,16.0
FC,Catfish,B82,Bifenazate,543,543,0,0,0,543,0.0,16.593001841620627,16.593001841620627,0.0,1.0,0.0,0.6593001841620626,0.0,0.0,0.0,16.593001841620627,16.593001841620627,0.0,1.0,0.0,0.6593001841620626,0.0,0.0,0.0,16.593001841620627,16.593001841620627,0.0,1.0,0.0,0.6593001841620626,0.0,0.0,0.0,inf,inf,0.0,1.0,0.0,1.0,0.0,1.0,0.0,16.593001841620627
FC,Catfish,B84,Etoxazole,543,0,543,0,0,0,,,,,,,,,,,,,,,,,,,,,,,,,,,,,,,,,,,,,0.0,inf
FC,Catfish,B85,Spirodiclofen,543,543,0,0,0,543,0.0,1.0,1.0,0.0,0.0,0.0,0.0,0.0,0.0,0.0,1.0,1.0,0.0,0.0,0.0,0.0,0.0,0.0,0.0,1.0,1.0,0.0,0.0,0.0,0.0,0.0,0.0,0.0,inf,inf,0.0,1.0,0.0,1.0,0.0,1.0,0.0,1.0
